timestamp,stepId,actionId,surfaceId,x,y,duration,dispertion
62596686.7905,0,0,0,0.4544135928153991,0.4677543342113495,219.4410000010976,1.5463451727687003
62596686.7905,0,0,0,0.4559079706668854,0.467892974615097,219.4410000010976,1.5463451727687003
62596910.3605,0,0,0,0.4521502256393432,0.4805409908294678,219.8080000016489,0.7546837140404529
62596910.3605,0,0,0,0.4535755217075348,0.4801510572433471,219.8080000016489,0.7546837140404529
62596910.3605,0,0,0,0.4547045826911926,0.4792574644088745,219.8080000016489,0.7546837140404529
62596910.3605,0,0,0,0.4563730657100677,0.478679358959198,219.8080000016489,0.7546837140404529
62596910.3605,0,0,0,0.4579097330570221,0.4783089160919189,219.8080000016489,0.7546837140404529
62596910.3605,0,0,0,0.4599330425262451,0.4778231382369995,219.8080000016489,0.7546837140404529
62596910.3605,0,0,0,0.4620090126991272,0.4779445230960846,219.8080000016489,0.7546837140404529
62596910.3605,0,0,0,0.4641594886779785,0.4788496196269989,219.8080000016489,0.7546837140404529
62597134.164000005,0,0,0,0.4638912975788116,0.5055028200149536,126.1019999947166,2.180060548967738
62597134.164000005,0,0,0,0.4661314785480499,0.5067010521888733,126.1019999947166,2.180060548967738
62597134.164000005,0,0,0,0.4679290354251861,0.5079538226127625,126.1019999947166,2.180060548967738
62597134.164000005,0,0,0,0.4702909588813782,0.5087465643882751,126.1019999947166,2.180060548967738
62597134.164000005,0,0,0,0.4729136526584625,0.5088585615158081,126.1019999947166,2.180060548967738
62597264.201,0,0,0,0.4915282130241394,0.5269628167152405,182.0635000040056,2.4464223371975464
62597264.201,0,0,0,0.4941517114639282,0.5269626975059509,182.0635000040056,2.4464223371975464
62597264.201,0,0,0,0.4963832497596741,0.5272625684738159,182.0635000040056,2.4464223371975464
62597264.201,0,0,0,0.4986227750778198,0.5274695754051208,182.0635000040056,2.4464223371975464
62597264.201,0,0,0,0.5006177425384521,0.5276183485984802,182.0635000040056,2.4464223371975464
62597264.201,0,0,0,0.50282883644104,0.527764618396759,182.0635000040056,2.4464223371975464
62597450.234000005,0,0,0,0.4864943325519562,0.4421926140785217,123.97699999564792,2.206187121560342
62597450.234000005,0,0,0,0.4893369972705841,0.4427589774131775,123.97699999564792,2.206187121560342
62597450.234000005,0,0,0,0.4920510649681091,0.4434455633163452,123.97699999564792,2.206187121560342
62597450.234000005,0,0,0,0.4955252707004547,0.4440688490867615,123.97699999564792,2.206187121560342
62597450.234000005,0,0,0,0.4985301196575165,0.4446980059146881,123.97699999564792,2.206187121560342
62597646.227000006,0,0,0,0.2123018056154251,0.8770511746406555,187.93599999480648,2.9205684850218203
62597646.227000006,0,0,0,0.2161079347133636,0.8769723176956177,187.93599999480648,2.9205684850218203
62597646.227000006,0,0,0,0.2212188839912414,0.8768277168273926,187.93599999480648,2.9205684850218203
62597646.227000006,0,0,0,0.2259416580200195,0.8766978979110718,187.93599999480648,2.9205684850218203
62597646.227000006,0,0,0,0.229773998260498,0.8762625455856323,187.93599999480648,2.9205684850218203
62597646.227000006,0,0,0,0.2332649528980255,0.8754553198814392,187.93599999480648,2.9205684850218203
62597646.227000006,0,0,0,0.2372080534696579,0.8746250867843628,187.93599999480648,2.9205684850218203
62597844.190000005,0,0,0,0.3518648743629455,0.8435835242271423,172.0569999961299,2.5405922236196403
62597844.190000005,0,0,0,0.3553380966186523,0.8433166146278381,172.0569999961299,2.5405922236196403
62597844.190000005,0,0,0,0.4573231637477875,0.8012309074401855,172.0569999961299,2.5405922236196403
62597844.190000005,0,0,0,0.3627237975597381,0.8426288366317749,172.0569999961299,2.5405922236196403
62597844.190000005,0,0,0,0.3658541738986969,0.841957688331604,172.0569999961299,2.5405922236196403
62597844.190000005,0,0,0,0.3689079582691192,0.8417638540267944,172.0569999961299,2.5405922236196403
62598034.2735,0,0,0,0.5027115941047668,0.8193104863166809,171.95899999933317,2.5521233875447176
62598034.2735,0,0,0,0.5057963132858276,0.8171228170394897,171.95899999933317,2.5521233875447176
62598034.2735,0,0,0,0.5085169076919556,0.8136763572692871,171.95899999933317,2.5521233875447176
62598034.2735,0,0,0,0.5808278322219849,0.770073652267456,171.95899999933317,2.5521233875447176
62598034.2735,0,0,0,0.568485677242279,0.7562969326972961,171.95899999933317,2.5521233875447176
62598034.2735,0,0,0,0.5366085171699524,0.774128258228302,171.95899999933317,2.5521233875447176
62600006.1775,1,0,0,0.5355207920074463,0.3824116885662079,215.98450000601588,0.9807305014166442
62600006.1775,1,0,0,0.53558349609375,0.382287323474884,215.98450000601588,0.9807305014166442
62600226.2165,1,0,0,0.5380284190177917,0.3799349069595337,218.07250000711065,0.9752714915070728
62600226.2165,1,0,0,0.5384512543678284,0.3792722225189209,218.07250000711065,0.9752714915070728
62600226.2165,1,0,0,0.5388428568840027,0.3787982165813446,218.07250000711065,0.9752714915070728
62600226.2165,1,0,0,0.539225161075592,0.3773698210716247,218.07250000711065,0.9752714915070728
62600226.2165,1,0,0,0.5415350198745728,0.3755694925785064,218.07250000711065,0.9752714915070728
62600226.2165,1,0,0,0.5438361167907715,0.3728476166725158,218.07250000711065,0.9752714915070728
62600226.2165,1,0,0,0.5479223132133484,0.3709577620029449,218.07250000711065,0.9752714915070728
62600226.2165,1,0,0,0.5557888746261597,0.3720779120922088,218.07250000711065,0.9752714915070728
62600704.24250001,1,0,0,0.7493511438369751,0.0657145529985427,113.84250000264728,2.9772206576561624
62600704.24250001,1,0,0,0.7574324011802673,0.0531854778528213,113.84250000264728,2.9772206576561624
62600704.24250001,1,0,0,0.7634865641593933,0.0421149618923664,113.84250000264728,2.9772206576561624
62600704.24250001,1,0,0,0.7706832885742188,0.0337690748274326,113.84250000264728,2.9772206576561624
62600704.24250001,1,0,0,0.7782999873161316,0.026270380243659,113.84250000264728,2.9772206576561624
62600826.09599999,1,0,0,0.8634069561958313,0.2764916121959686,160.07449999597156,1.855201121151448
62600826.09599999,1,0,0,0.8673763275146484,0.2669785916805267,160.07449999597156,1.855201121151448
62600826.09599999,1,0,0,0.8634430170059204,0.2550798058509826,160.07449999597156,1.855201121151448
62600826.09599999,1,0,0,0.861686110496521,0.2492807954549789,160.07449999597156,1.855201121151448
62601650.179,1,1,0,0.5547962784767151,0.4495540857315063,164.05999999551568,2.9741382845750666
62601650.179,1,1,0,0.5611042976379395,0.4475960433483124,164.05999999551568,2.9741382845750666
62601650.179,1,1,0,0.5600555539131165,0.4421347081661224,164.05999999551568,2.9741382845750666
62601310.2325,1,1,1,0.4731421768665313,0.3367733657360077,80.07599999837112,3.008309399847388
62601310.2325,1,1,1,0.5172194838523865,0.3446412980556488,80.07599999837112,3.008309399847388
62601310.2325,1,1,1,0.5568383932113647,0.3498224914073944,80.07599999837112,3.008309399847388
62601310.2325,1,1,1,0.6004663705825806,0.355087548494339,80.07599999837112,3.008309399847388
62601650.179,1,2,0,0.5540685653686523,0.4348568916320801,164.05999999551568,2.9741382845750666
62601650.179,1,2,0,0.5458362102508545,0.4266457557678222,164.05999999551568,2.9741382845750666
62601818.2135,1,2,0,0.5573292374610901,0.4547513425350189,100.10499999771127,2.773948134868208
62601818.2135,1,2,0,0.5373342037200928,0.4433904886245727,100.10499999771127,2.773948134868208
62602226.223000005,1,2,2,0.4381574094295501,0.548360288143158,84.03699999325909,2.993120423262956
62602226.223000005,1,2,2,0.4117457866668701,0.5402923822402954,84.03699999325909,2.993120423262956
62602226.223000005,1,2,2,0.3976339995861053,0.5292375087738037,84.03699999325909,2.993120423262956
62602314.259500004,1,2,2,0.4504633843898773,0.545074462890625,140.04399999976158,1.5692568488699357
62602314.259500004,1,2,2,0.4447932243347168,0.5333598852157593,140.04399999976158,1.5692568488699357
62602314.259500004,1,2,2,0.4413924217224121,0.5281818509101868,140.04399999976158,1.5692568488699357
62602314.259500004,1,2,2,0.4572854936122894,0.5344934463500977,140.04399999976158,1.5692568488699357
62602460.2705,1,2,2,0.5106712579727173,0.4862258434295654,217.92650000134017,2.6608846034684284
62602460.2705,1,2,2,0.5217112898826599,0.4836435914039612,217.92650000134017,2.6608846034684284
62602460.2705,1,2,2,0.5256466269493103,0.4843311309814453,217.92650000134017,2.6608846034684284
62602460.2705,1,2,2,0.5305894613265991,0.4835604131221771,217.92650000134017,2.6608846034684284
62602460.2705,1,2,2,0.5347967147827148,0.4771253168582916,217.92650000134017,2.6608846034684284
62602460.2705,1,2,2,0.5368483662605286,0.4778727293014526,217.92650000134017,2.6608846034684284
62602460.2705,1,2,2,0.5380882024765015,0.4794946312904358,217.92650000134017,2.6608846034684284
62602460.2705,1,2,2,0.5411326885223389,0.4803805351257324,217.92650000134017,2.6608846034684284
62602682.176,1,2,2,0.5275990962982178,0.4714326858520508,216.0584999946877,1.0651480966835498
62602682.176,1,2,2,0.5289884209632874,0.4734914004802704,216.0584999946877,1.0651480966835498
62602682.176,1,2,2,0.5341223478317261,0.472051203250885,216.0584999946877,1.0651480966835498
62602682.176,1,2,2,0.5370917320251465,0.4723058640956878,216.0584999946877,1.0651480966835498
62602682.176,1,2,2,0.5379076600074768,0.4703092873096466,216.0584999946877,1.0651480966835498
62602682.176,1,2,2,0.5379969477653503,0.4670769572257995,216.0584999946877,1.0651480966835498
62602682.176,1,2,2,0.5377957224845886,0.4640015363693237,216.0584999946877,1.0651480966835498
62602682.176,1,2,2,0.5367503762245178,0.4618040025234222,216.0584999946877,1.0651480966835498
62602902.215,1,2,2,0.5415070056915283,0.4496821761131286,215.96649999992223,0.9876322650058682
62602902.215,1,2,2,0.5410882830619812,0.4478134512901306,215.96649999992223,0.9876322650058682
62602902.215,1,2,2,0.5418699979782104,0.4454939365386963,215.96649999992223,0.9876322650058682
62602902.215,1,2,2,0.5408326387405396,0.4442928433418274,215.96649999992223,0.9876322650058682
62602902.215,1,2,2,0.5412449836730957,0.4401601552963257,215.96649999992223,0.9876322650058682
62602902.215,1,2,2,0.5395722985267639,0.439504325389862,215.96649999992223,0.9876322650058682
62602902.215,1,2,2,0.5385816097259521,0.4394692182540893,215.96649999992223,0.9876322650058682
62603122.28,1,2,2,0.5409609079360962,0.441409558057785,219.88149999378948,1.0766278922689736
62603122.28,1,2,2,0.5421872138977051,0.4409288167953491,219.88149999378948,1.0766278922689736
62603122.28,1,2,2,0.5451614260673523,0.4397585690021515,219.88149999378948,1.0766278922689736
62603122.28,1,2,2,0.5476589202880859,0.4382906556129455,219.88149999378948,1.0766278922689736
62603122.28,1,2,2,0.5480028390884399,0.4376529157161712,219.88149999378948,1.0766278922689736
62603122.28,1,2,2,0.54643315076828,0.4375838935375213,219.88149999378948,1.0766278922689736
62603122.28,1,2,2,0.5445038676261902,0.4378547966480255,219.88149999378948,1.0766278922689736
62603122.28,1,2,2,0.5425938963890076,0.4387030005455017,219.88149999378948,1.0766278922689736
62603346.16250001,1,2,2,0.5523110032081604,0.4544409513473511,218.05250000033996,1.8862017092439904
62603346.16250001,1,2,2,0.5528563261032104,0.4545735120773315,218.05250000033996,1.8862017092439904
62603346.16250001,1,2,2,0.5543704032897949,0.4527466893196106,218.05250000033996,1.8862017092439904
62603346.16250001,1,2,2,0.5556842684745789,0.447122573852539,218.05250000033996,1.8862017092439904
62603346.16250001,1,2,2,0.5547217130661011,0.4386933147907257,218.05250000033996,1.8862017092439904
62603346.16250001,1,2,2,0.5516031384468079,0.4330176711082458,218.05250000033996,1.8862017092439904
62603346.16250001,1,2,2,0.5482549071311951,0.4314567148685455,218.05250000033996,1.8862017092439904
62603346.16250001,1,2,2,0.5519288182258606,0.4280426800251007,218.05250000033996,1.8862017092439904
62603682.2465,1,2,2,0.819050669670105,0.0854062736034393,99.94649999862304,2.928877896947148
62603682.2465,1,2,2,0.8422391414642334,0.0882321074604988,99.94649999862304,2.928877896947148
62604652.269,2,0,0,0.8361397385597229,0.3586450517177582,159.92299999925308,2.923930134259968
62604652.269,2,0,0,0.8392073512077332,0.3595318496227264,159.92299999925308,2.923930134259968
62604652.269,2,0,0,0.8408339619636536,0.3594612777233124,159.92299999925308,2.923930134259968
62604652.269,2,0,0,0.8411661386489868,0.3583942949771881,159.92299999925308,2.923930134259968
62604652.269,2,0,0,0.8418073654174805,0.356012761592865,159.92299999925308,2.923930134259968
62604890.6765,2,0,0,0.5724396109580994,0.4417413473129272,97.5560000006226,2.8877881406890347
62604890.6765,2,0,0,0.569961667060852,0.4387445449829101,97.5560000006226,2.8877881406890347
62604890.6765,2,0,0,0.5700291395187378,0.4358291327953338,97.5560000006226,2.8877881406890347
62604890.6765,2,0,0,0.5692264437675476,0.4306736290454864,97.5560000006226,2.8877881406890347
62604992.207499996,2,0,0,0.5850890278816223,0.4718959331512451,142.0434999963618,2.063447665995469
62604992.207499996,2,0,0,0.583665132522583,0.4631088972091675,142.0434999963618,2.063447665995469
62604992.207499996,2,0,0,0.5742997527122498,0.4463568329811096,142.0434999963618,2.063447665995469
62604992.207499996,2,0,0,0.5582998394966125,0.4208091199398041,142.0434999963618,2.063447665995469
62604992.207499996,2,0,0,0.5389013886451721,0.3914331197738647,142.0434999963618,2.063447665995469
62605292.296,2,0,0,0.9987761974334716,0.2398184090852737,144.0629999997327,1.7315487016466118
62605292.296,2,0,0,0.9890389442443848,0.2234716564416885,144.0629999997327,1.7315487016466118
62605292.296,2,0,0,0.975857675075531,0.2059212774038314,144.0629999997327,1.7315487016466118
62605590.245500006,2,1,1,0.989799439907074,0.2967122197151184,80.01049999438692,2.926596959682093
62605590.245500006,2,1,1,0.9806340336799622,0.3085289597511291,80.01049999438692,2.926596959682093
62605674.341000006,2,1,1,0.9818798303604126,0.2689606845378876,131.8154999971739,2.4902669604458003
62605674.341000006,2,1,1,0.9497628808021544,0.2837450504302978,131.8154999971739,2.4902669604458003
62605674.341000006,2,1,1,0.8941671252250671,0.3038186728954315,131.8154999971739,2.4902669604458003
62605674.341000006,2,1,1,0.7828611731529236,0.3256941735744476,131.8154999971739,2.4902669604458003
62605980.425000004,2,2,2,0.5206010937690735,0.4455516636371612,95.76499999820952,2.972054718679679
62605980.425000004,2,2,2,0.4146884679794311,0.530206561088562,95.76499999820952,2.972054718679679
62605980.425000004,2,2,2,0.4164766669273376,0.4970643520355224,95.76499999820952,2.972054718679679
62605980.425000004,2,2,2,0.3902381360530853,0.4946543574333191,95.76499999820952,2.972054718679679
62606094.236999996,2,2,2,0.5529297590255737,0.4930316507816314,83.9715000038268,2.9956359024789085
62606094.236999996,2,2,2,0.5374143719673157,0.4943873882293701,83.9715000038268,2.9956359024789085
62606094.236999996,2,2,2,0.5241425633430481,0.4938609302043915,83.9715000038268,2.9956359024789085
62606094.236999996,2,2,2,0.5137917399406433,0.4938884973526001,83.9715000038268,2.9956359024789085
62606214.127500005,2,2,2,0.5249649286270142,0.4504670202732086,219.9790000013309,2.8209258730010065
62606214.127500005,2,2,2,0.5156717300415039,0.4438736736774444,219.9790000013309,2.8209258730010065
62606214.127500005,2,2,2,0.5117835998535156,0.4365205764770508,219.9790000013309,2.8209258730010065
62606214.127500005,2,2,2,0.5028591752052307,0.4269019663333893,219.9790000013309,2.8209258730010065
62606214.127500005,2,2,2,0.4962415993213653,0.4260076582431793,219.9790000013309,2.8209258730010065
62606214.127500005,2,2,2,0.4948249757289886,0.428602010011673,219.9790000013309,2.8209258730010065
62606214.127500005,2,2,2,0.4863646030426025,0.4341306388378143,219.9790000013309,2.8209258730010065
62606438.138,2,2,2,0.534744143486023,0.4123580157756805,216.09950000129172,2.5247623344793766
62606438.138,2,2,2,0.5300852656364441,0.4161997735500335,216.09950000129172,2.5247623344793766
62606438.138,2,2,2,0.5253760814666748,0.4151164591312408,216.09950000129172,2.5247623344793766
62606438.138,2,2,2,0.5263180136680603,0.407711923122406,216.09950000129172,2.5247623344793766
62606438.138,2,2,2,0.5249883532524109,0.4071381390094757,216.09950000129172,2.5247623344793766
62606438.138,2,2,2,0.5221874713897705,0.407284677028656,216.09950000129172,2.5247623344793766
62606438.138,2,2,2,0.5154826641082764,0.4066084027290344,216.09950000129172,2.5247623344793766
62606438.138,2,2,2,0.5070737600326538,0.4063301384449005,216.09950000129172,2.5247623344793766
62606660.2475,2,2,2,0.5784556269645691,0.3947046101093292,218.0069999958505,2.6561571728973603
62606660.2475,2,2,2,0.568874716758728,0.3954310119152069,218.0069999958505,2.6561571728973603
62606660.2475,2,2,2,0.5604593753814697,0.3948322534561157,218.0069999958505,2.6561571728973603
62606660.2475,2,2,2,0.5568274855613708,0.3946802914142608,218.0069999958505,2.6561571728973603
62606660.2475,2,2,2,0.5564795136451721,0.3981767296791076,218.0069999958505,2.6561571728973603
62606660.2475,2,2,2,0.554969847202301,0.4048956930637359,218.0069999958505,2.6561571728973603
62606660.2475,2,2,2,0.5595314502716064,0.411952406167984,218.0069999958505,2.6561571728973603
62606660.2475,2,2,2,0.5646236538887024,0.4194240868091583,218.0069999958505,2.6561571728973603
62606882.241500005,2,2,2,0.5674054026603699,0.3842204213142395,147.9704999946989,2.972752605325504
62606882.241500005,2,2,2,0.575641930103302,0.3884884715080261,147.9704999946989,2.972752605325504
62606882.241500005,2,2,2,0.592628002166748,0.3928045630455017,147.9704999946989,2.972752605325504
62606882.241500005,2,2,2,0.6203634738922119,0.4022610783576965,147.9704999946989,2.972752605325504
62607818.211500004,3,0,0,0.532425045967102,0.4237648248672485,219.96600000420585,1.938752836603049
62607818.211500004,3,0,0,0.5361691117286682,0.4197720289230346,219.96600000420585,1.938752836603049
62607818.211500004,3,0,0,0.5388294458389282,0.4182828962802887,219.96600000420585,1.938752836603049
62607818.211500004,3,0,0,0.5388253927230835,0.419554054737091,219.96600000420585,1.938752836603049
62607818.211500004,3,0,0,0.5382493138313293,0.4195921719074249,219.96600000420585,1.938752836603049
62607818.211500004,3,0,0,0.5355451703071594,0.4173983037471771,219.96600000420585,1.938752836603049
62608042.140999995,3,0,0,0.5224027633666992,0.4023954272270202,171.98250000365078,2.2323486931730057
62608042.140999995,3,0,0,0.5175619125366211,0.3996554017066955,171.98250000365078,2.2323486931730057
62608042.140999995,3,0,0,0.510730504989624,0.3975942730903625,171.98250000365078,2.2323486931730057
62608042.140999995,3,0,0,0.5029842853546143,0.3951877653598785,171.98250000365078,2.2323486931730057
62608042.140999995,3,0,0,0.4893213510513305,0.3862607479095459,171.98250000365078,2.2323486931730057
62608042.140999995,3,0,0,0.4709362387657165,0.371837705373764,171.98250000365078,2.2323486931730057
62608582.172000006,3,1,1,0.5245985984802246,0.4714891016483307,143.98800000344636,2.803158056808345
62608582.172000006,3,1,1,0.4874268174171448,0.4793380498886108,143.98800000344636,2.803158056808345
62608582.172000006,3,1,1,0.4638698101043701,0.4841958582401275,143.98800000344636,2.803158056808345
62608582.172000006,3,1,1,0.4496591091156006,0.4910710752010345,143.98800000344636,2.803158056808345
62608582.172000006,3,1,1,0.4333913922309875,0.4971814453601837,143.98800000344636,2.803158056808345
62608582.172000006,3,1,1,0.4104563295841217,0.5011297464370728,143.98800000344636,2.803158056808345
62608730.1525,3,1,1,0.2822297513484955,0.4809822738170624,88.00950000295416,2.924995631524604
62608730.1525,3,1,1,0.255330890417099,0.4868724942207336,88.00950000295416,2.924995631524604
62608730.1525,3,1,1,0.2175668179988861,0.4896448850631714,88.00950000295416,2.924995631524604
62608822.11350001,3,1,1,0.2212161868810653,0.4423277080059051,80.11449999321485,2.0278544667302327
62608822.11350001,3,1,1,0.148649200797081,0.44512939453125,80.11449999321485,2.0278544667302327
62608822.11350001,3,1,1,0.0385373532772064,0.4343777596950531,80.11449999321485,2.0278544667302327
62610490.651499994,3,2,0,0.4305974543094635,0.3167945444583893,87.48449999256991,2.6988855655697006
62610490.651499994,3,2,0,0.4423664212226867,0.32627734541893,87.48449999256991,2.6988855655697006
62610490.651499994,3,2,0,0.4569375514984131,0.3350324034690857,87.48449999256991,2.6988855655697006
62610490.651499994,3,2,0,0.4711863100528717,0.3517776727676391,87.48449999256991,2.6988855655697006
62610697.0275,3,2,0,0.8113705515861511,0.397249698638916,83.23699999891687,2.636958111418667
62610697.0275,3,2,0,0.8274292349815369,0.4083219468593597,83.23699999891687,2.636958111418667
62610697.0275,3,2,0,0.8390828371047974,0.420078307390213,83.23699999891687,2.636958111418667
62609024.189,3,2,2,0.4278988242149353,0.4820753037929535,84.04599999630591,2.9315686404639
62609024.189,3,2,2,0.3927951455116272,0.4764268100261688,84.04599999630591,2.9315686404639
62609024.189,3,2,2,0.3671847879886627,0.4699562191963196,84.04599999630591,2.9315686404639
62609114.2725,3,2,2,0.442499965429306,0.4852273762226105,108.01950000313808,2.712773654328331
62609114.2725,3,2,2,0.4200878143310547,0.478630393743515,108.01950000313808,2.712773654328331
62609114.2725,3,2,2,0.4026259183883667,0.4740210771560669,108.01950000313808,2.712773654328331
62609114.2725,3,2,2,0.3895585834980011,0.4696406722068786,108.01950000313808,2.712773654328331
62609226.2065,3,2,2,0.4358339011669159,0.4792756736278534,217.9805000050692,2.038951135100435
62609226.2065,3,2,2,0.4263820052146911,0.476161241531372,217.9805000050692,2.038951135100435
62609226.2065,3,2,2,0.4208940863609314,0.472678542137146,217.9805000050692,2.038951135100435
62609226.2065,3,2,2,0.4195587337017059,0.467276781797409,217.9805000050692,2.038951135100435
62609226.2065,3,2,2,0.419991135597229,0.463849663734436,217.9805000050692,2.038951135100435
62609226.2065,3,2,2,0.4202531576156616,0.4648253619670868,217.9805000050692,2.038951135100435
62609226.2065,3,2,2,0.4242503046989441,0.4672059714794159,217.9805000050692,2.038951135100435
62609520.848,3,2,2,0.3778050243854522,0.368319571018219,121.3945000054082,2.848610380532965
62609520.848,3,2,2,0.374273270368576,0.3672316670417785,121.3945000054082,2.848610380532965
62609520.848,3,2,2,0.3604851961135864,0.3649749159812927,121.3945000054082,2.848610380532965
62609520.848,3,2,2,0.3498530685901642,0.3615789711475372,121.3945000054082,2.848610380532965
62609520.848,3,2,2,0.3358605206012726,0.3572379052639007,121.3945000054082,2.848610380532965
62609646.186,3,2,2,0.3867678046226501,0.360997200012207,217.96599999652244,1.1826195032764917
62609646.186,3,2,2,0.3776911497116089,0.3577217161655426,217.96599999652244,1.1826195032764917
62609646.186,3,2,2,0.3639555275440216,0.351713627576828,217.96599999652244,1.1826195032764917
62609646.186,3,2,2,0.3552563488483429,0.3467231392860412,217.96599999652244,1.1826195032764917
62609646.186,3,2,2,0.352365493774414,0.3453053832054138,217.96599999652244,1.1826195032764917
62609646.186,3,2,2,0.3491244316101074,0.3435246646404266,217.96599999652244,1.1826195032764917
62609646.186,3,2,2,0.3480091989040375,0.3424919247627258,217.96599999652244,1.1826195032764917
62609646.186,3,2,2,0.3528903424739837,0.3423302173614502,217.96599999652244,1.1826195032764917
62609870.22750001,3,2,2,0.3400875926017761,0.3364881575107574,183.955500004231,2.5477204563655795
62609870.22750001,3,2,2,0.3475190103054046,0.3359673917293548,183.955500004231,2.5477204563655795
62609870.22750001,3,2,2,0.3596549034118652,0.3374865651130676,183.955500004231,2.5477204563655795
62609870.22750001,3,2,2,0.3787457942962646,0.3403303325176239,183.955500004231,2.5477204563655795
62609870.22750001,3,2,2,0.4054473340511322,0.3429287672042846,183.955500004231,2.5477204563655795
62609870.22750001,3,2,2,0.3450306057929992,0.2927666902542114,183.955500004231,2.5477204563655795
62611066.2225,4,0,0,0.5582593679428101,0.4162252843379974,217.935500004387,1.1080348851395974
62611066.2225,4,0,0,0.5570357441902161,0.4157407879829407,217.935500004387,1.1080348851395974
62611066.2225,4,0,0,0.5550325512886047,0.4156939685344696,217.935500004387,1.1080348851395974
62611066.2225,4,0,0,0.5510638356208801,0.4166279435157776,217.935500004387,1.1080348851395974
62611066.2225,4,0,0,0.5481447577476501,0.4175447523593902,217.935500004387,1.1080348851395974
62611066.2225,4,0,0,0.5470808148384094,0.4178405404090881,217.935500004387,1.1080348851395974
62611066.2225,4,0,0,0.5469794869422913,0.4189648628234863,217.935500004387,1.1080348851395974
62611288.2055,4,0,0,0.5533937811851501,0.4075199365615845,102.11749999871245,0.6911780631092483
62611288.2055,4,0,0,0.5522798895835876,0.4089520871639251,102.11749999871245,0.6911780631092483
62611288.2055,4,0,0,0.5513259768486023,0.4096165597438812,102.11749999871245,0.6911780631092483
62611288.2055,4,0,0,0.5516557097434998,0.4097879230976105,102.11749999871245,0.6911780631092483
62611852.232999995,4,1,1,0.3179580867290497,0.4961271286010742,103.92900000442752,2.746129931711657
62611852.232999995,4,1,1,0.2555121183395386,0.5042362213134766,103.92900000442752,2.746129931711657
62611852.232999995,4,1,1,0.1885876804590225,0.5116912722587585,103.92900000442752,2.746129931711657
62611852.232999995,4,1,1,0.1107545495033264,0.5208002924919128,103.92900000442752,2.746129931711657
62612140.20599999,4,1,2,0.3832049965858459,0.4616208672523498,81.9294999964768,2.722527051357293
62612140.20599999,4,1,2,0.3547642230987549,0.4550235271453857,81.9294999964768,2.722527051357293
62612140.20599999,4,1,2,0.330900639295578,0.4489569365978241,81.9294999964768,2.722527051357293
62612226.168,4,1,2,0.3991318941116333,0.4606575071811676,87.99400000134483,2.940260901741432
62612226.168,4,2,2,0.3810378015041351,0.4595057964324951,87.99400000134483,2.940260901741432
62612226.168,4,2,2,0.3689787685871124,0.4611021280288696,87.99400000134483,2.940260901741432
62612226.168,4,2,2,0.3599855899810791,0.4630415737628937,87.99400000134483,2.940260901741432
62612318.19450001,4,2,2,0.4372092485427856,0.4576447606086731,215.92799999780252,1.886946914776243
62612318.19450001,4,2,2,0.4246942102909088,0.4575950503349304,215.92799999780252,1.886946914776243
62612318.19450001,4,2,2,0.4217492938041687,0.4559249579906463,215.92799999780252,1.886946914776243
62612318.19450001,4,2,2,0.4202631413936615,0.4540358483791351,215.92799999780252,1.886946914776243
62612318.19450001,4,2,2,0.4200837016105652,0.4520677328109741,215.92799999780252,1.886946914776243
62612318.19450001,4,2,2,0.4152047634124756,0.452140748500824,215.92799999780252,1.886946914776243
62612318.19450001,4,2,2,0.4039124548435211,0.4511588215827942,215.92799999780252,1.886946914776243
62612540.082,4,2,2,0.4388373792171478,0.448684424161911,120.10700000246288,2.568133669586068
62612540.082,4,2,2,0.4277988076210022,0.4486895501613617,120.10700000246288,2.568133669586068
62612540.082,4,2,2,0.4199743866920471,0.4477376043796539,120.10700000246288,2.568133669586068
62612540.082,4,2,2,0.4067919850349426,0.4460889399051666,120.10700000246288,2.568133669586068
62612540.082,4,2,2,0.3985888957977295,0.4433639645576477,120.10700000246288,2.568133669586068
62612668.189,4,2,2,0.4557196795940399,0.4260461032390594,219.97999999439344,2.571330174961556
62612668.189,4,2,2,0.4464848935604095,0.4254239499568939,219.97999999439344,2.571330174961556
62612668.189,4,2,2,0.438923567533493,0.4249303340911865,219.97999999439344,2.571330174961556
62612668.189,4,2,2,0.4328235983848572,0.4245112538337707,219.97999999439344,2.571330174961556
62612668.189,4,2,2,0.4303090274333954,0.4265772104263305,219.97999999439344,2.571330174961556
62612668.189,4,2,2,0.428558737039566,0.4275579154491424,219.97999999439344,2.571330174961556
62612668.189,4,2,2,0.4285491704940796,0.4268325269222259,219.97999999439344,2.571330174961556
62612668.189,4,2,2,0.4279771149158478,0.4252980947494507,219.97999999439344,2.571330174961556
62612902.981,4,2,2,0.4757005870342254,0.4128163754940033,133.44099999812897,1.1970478159147
62612902.981,4,2,2,0.4728975892066955,0.410827100276947,133.44099999812897,1.1970478159147
62612902.981,4,2,2,0.4739525318145752,0.40863698720932,133.44099999812897,1.1970478159147
62612902.981,4,2,2,0.4751269221305847,0.4075357615947723,133.44099999812897,1.1970478159147
62612902.981,4,2,2,0.4750030636787414,0.4072877466678619,133.44099999812897,1.1970478159147
62613064.4745,4,2,2,0.4652433693408966,0.4924406111240387,217.6924999948824,1.730904058469522
62613064.4745,4,2,2,0.4687272310256958,0.49198117852211,217.6924999948824,1.730904058469522
62613064.4745,4,2,2,0.4737457633018493,0.4905166923999786,217.6924999948824,1.730904058469522
62613064.4745,4,2,2,0.4808858335018158,0.4905620515346527,217.6924999948824,1.730904058469522
62613064.4745,4,2,2,0.4911447465419769,0.4918245077133178,217.6924999948824,1.730904058469522
62613064.4745,4,2,2,0.5067806839942932,0.4897063374519348,217.6924999948824,1.730904058469522
62613064.4745,4,2,2,0.5244799852371216,0.4865546524524688,217.6924999948824,1.730904058469522
62613286.1775,4,2,2,0.4897359311580658,0.4808370471000671,135.9554999944521,2.7577429510846296
62613286.1775,4,2,2,0.5078322887420654,0.4913157820701599,135.9554999944521,2.7577429510846296
62613286.1775,4,2,2,0.5338467955589294,0.5038245320320129,135.9554999944521,2.7577429510846296
62613286.1775,4,2,2,0.5721608996391296,0.5162134766578674,135.9554999944521,2.7577429510846296
62613828.214,5,0,0,0.9592731595039368,0.2951629757881164,84.08999999664957,2.561062553843509
62613828.214,5,0,0,0.9657096862792968,0.2946506142616272,84.08999999664957,2.561062553843509
62613828.214,5,0,0,0.9702272415161132,0.294514387845993,84.08999999664957,2.561062553843509
62614074.225999996,5,0,0,0.5382454991340637,0.5132504105567932,145.85850000730716,2.93485265655425
62614074.225999996,5,0,0,0.5369917154312134,0.5083281993865967,145.85850000730716,2.93485265655425
62614074.225999996,5,0,0,0.5297372341156006,0.4969038367271423,145.85850000730716,2.93485265655425
62614074.225999996,5,0,0,0.5118160843849182,0.4758723974227905,145.85850000730716,2.93485265655425
62614074.225999996,5,0,0,0.4590416848659515,0.4041647017002105,145.85850000730716,2.93485265655425
62614370.185,5,1,1,0.9002851843833923,0.4620291292667389,119.9700000070152,2.8622990150502
62614370.185,5,1,1,0.8906838893890381,0.4776577949523926,119.9700000070152,2.8622990150502
62614370.185,5,1,1,0.881481945514679,0.4879812896251678,119.9700000070152,2.8622990150502
62614370.185,5,1,1,0.8728018999099731,0.493487000465393,119.9700000070152,2.8622990150502
62614370.185,5,1,1,0.8640878796577454,0.4977287352085113,119.9700000070152,2.8622990150502
62614494.1975,5,1,1,0.8777570128440857,0.4531088471412658,127.96350000280654,1.104687572436232
62614494.1975,5,1,1,0.8689730167388916,0.455794483423233,127.96350000280654,1.104687572436232
62614494.1975,5,1,1,0.8711549043655396,0.4560126364231109,127.96350000280654,1.104687572436232
62614494.1975,5,1,1,0.8971635699272156,0.4512020051479339,127.96350000280654,1.104687572436232
62614494.1975,5,1,1,0.9480603933334352,0.4385495483875274,127.96350000280654,1.104687572436232
62614758.201,5,2,0,0.5694860816001892,0.4326629936695099,112.27699999290051,1.4068425535941231
62614758.201,5,2,0,0.488876610994339,0.3962404131889343,112.27699999290051,1.4068425535941231
62614758.201,5,2,0,0.5014728307723999,0.3994692862033844,112.27699999290051,1.4068425535941231
62614758.201,5,2,0,0.5032854080200195,0.4008553326129913,112.27699999290051,1.4068425535941231
62614930.11799999,5,2,0,0.7537723183631897,0.3252472579479217,80.48049999342766,2.7563565907419885
62614930.11799999,5,2,0,0.7388389706611633,0.334368884563446,80.48049999342766,2.7563565907419885
62615346.036000006,5,2,2,0.3581414818763733,0.5590932369232178,80.02249999844935,2.9873200268202584
62615346.036000006,5,2,2,0.3181685209274292,0.5629655718803406,80.02249999844935,2.9873200268202584
62615346.036000006,5,2,2,0.2932336628437042,0.561842679977417,80.02249999844935,2.9873200268202584
62615346.036000006,5,2,2,0.2844690084457397,0.5594055652618408,80.02249999844935,2.9873200268202584
62615430.052,5,2,2,0.3778252005577087,0.5723230242729187,218.1805000000168,2.7938090239081217
62615430.052,5,2,2,0.3694053590297699,0.5696365237236023,218.1805000000168,2.7938090239081217
62615430.052,5,2,2,0.3633351325988769,0.5678367018699646,218.1805000000168,2.7938090239081217
62615430.052,5,2,2,0.3554480075836181,0.5691391229629517,218.1805000000168,2.7938090239081217
62615430.052,5,2,2,0.3486222624778747,0.5718244314193726,218.1805000000168,2.7938090239081217
62615430.052,5,2,2,0.345026820898056,0.572352945804596,218.1805000000168,2.7938090239081217
62615430.052,5,2,2,0.3461645543575287,0.5715169906616211,218.1805000000168,2.7938090239081217
62615652.214,5,2,2,0.3543084263801574,0.5734580755233765,217.93050000269432,1.1666187551979914
62615652.214,5,2,2,0.3539038002490997,0.5704619884490967,217.93050000269432,1.1666187551979914
62615652.214,5,2,2,0.3546269834041595,0.5685449242591858,217.93050000269432,1.1666187551979914
62615652.214,5,2,2,0.3546285629272461,0.5690961480140686,217.93050000269432,1.1666187551979914
62615652.214,5,2,2,0.3536670506000519,0.570249080657959,217.93050000269432,1.1666187551979914
62615652.214,5,2,2,0.3543520271778106,0.5693316459655762,217.93050000269432,1.1666187551979914
62615652.214,5,2,2,0.3566286563873291,0.5675002932548523,217.93050000269432,1.1666187551979914
62615652.214,5,2,2,0.3598886132240295,0.5658181309700012,217.93050000269432,1.1666187551979914
62615874.132,5,2,2,0.3379642367362976,0.5725727081298828,216.04100000695323,2.8781159592098158
62615874.132,5,2,2,0.3444095551967621,0.5707448124885559,216.04100000695323,2.8781159592098158
62615874.132,5,2,2,0.3542487621307373,0.5676999092102051,216.04100000695323,2.8781159592098158
62615874.132,5,2,2,0.367081731557846,0.5613834857940674,216.04100000695323,2.8781159592098158
62615874.132,5,2,2,0.3868266940116882,0.5565634369850159,216.04100000695323,2.8781159592098158
62615874.132,5,2,2,0.4161161184310913,0.5629634261131287,216.04100000695323,2.8781159592098158
62615874.132,5,2,2,0.453967809677124,0.5807914733886719,216.04100000695323,2.8781159592098158
62616492.24,6,0,0,0.7298510074615479,0.3058415353298187,113.92550000164192,2.892916021864243
62616492.24,6,0,0,0.5187242031097412,0.4296729266643524,113.92550000164192,2.892916021864243
62616492.24,6,0,0,0.5289830565452576,0.4386594891548157,113.92550000164192,2.892916021864243
62616492.24,6,0,0,0.5348427295684814,0.4435728788375854,113.92550000164192,2.892916021864243
62616492.24,6,0,0,0.5368108153343201,0.4490481615066528,113.92550000164192,2.892916021864243
62616610.123,6,0,0,0.5078800320625305,0.4114364683628082,92.01799999573268,1.9342778909827705
62616610.123,6,0,0,0.507128119468689,0.4176161289215088,92.01799999573268,1.9342778909827705
62616610.123,6,0,0,0.5027796030044556,0.4223480522632599,92.01799999573268,1.9342778909827705
62616610.123,6,0,0,0.4955611526966095,0.4249579012393951,92.01799999573268,1.9342778909827705
62616714.964999996,6,0,0,0.3836352229118347,0.4282914102077484,131.18150000082096,1.72882535745254
62616714.964999996,6,0,0,0.3236559927463531,0.4154621064662933,131.18150000082096,1.72882535745254
62616714.964999996,6,0,0,0.3130033612251282,0.4131142795085907,131.18150000082096,1.72882535745254
62616714.964999996,6,0,0,0.30016028881073,0.4085510969161987,131.18150000082096,1.72882535745254
62616714.964999996,6,0,0,0.4454617798328399,0.4578096270561218,131.18150000082096,1.72882535745254
62616859.1035,6,0,0,0.3686335980892181,0.3585390150547027,82.99799999804236,2.817365937463046
62616859.1035,6,0,0,0.4919798970222473,0.2833364903926849,82.99799999804236,2.817365937463046
62616859.1035,6,0,0,0.7241702675819397,0.6087675094604492,82.99799999804236,2.817365937463046
62617522.187,6,1,3,0.6937476396560669,0.3609781861305237,135.99149999936344,2.96732133829838
62617522.187,6,1,3,0.679803192615509,0.3519169390201568,135.99149999936344,2.96732133829838
62617522.187,6,1,3,0.6987192630767822,0.3422529995441437,135.99149999936344,2.96732133829838
62617522.187,6,1,3,0.7070642709732056,0.3360640704631805,135.99149999936344,2.96732133829838
62617664.1955,6,1,3,0.790549099445343,0.3006899356842041,209.98900000267892,2.654061592183408
62617664.1955,6,1,3,0.7989624738693237,0.2983772754669189,209.98900000267892,2.654061592183408
62617664.1955,6,1,3,0.7898574471473694,0.3011326193809509,209.98900000267892,2.654061592183408
62617664.1955,6,1,3,0.7962691187858582,0.3025903105735779,209.98900000267892,2.654061592183408
62617664.1955,6,1,3,0.8065467476844788,0.3062318861484527,209.98900000267892,2.654061592183408
62617664.1955,6,1,3,0.8302749991416931,0.312924861907959,209.98900000267892,2.654061592183408
62617664.1955,6,1,3,0.8786001801490784,0.3266862034797668,209.98900000267892,2.654061592183408
62618272.2,6,2,0,0.6487978100776672,0.5036725401878357,91.97400000266498,2.61197404444176
62618272.2,6,2,0,0.6561065912246704,0.4991637170314789,91.97400000266498,2.61197404444176
62618272.2,6,2,0,0.6527409553527832,0.490829586982727,91.97400000266498,2.61197404444176
62620388.2,6,2,0,0.6524954438209534,0.5321848392486572,84.0329999991809,2.56625672037246
62620388.2,6,2,0,0.6552164554595947,0.5337957739830017,84.0329999991809,2.56625672037246
62620388.2,6,2,0,0.6578748822212219,0.5350055694580078,84.0329999991809,2.56625672037246
62620388.2,6,2,0,0.660419762134552,0.5396081805229187,84.0329999991809,2.56625672037246
62620480.36799999,6,2,0,0.6618635058403015,0.5040888786315918,191.85799999831943,2.970536652503163
62620480.36799999,6,2,0,0.6628201007843018,0.5050345659255981,191.85799999831943,2.970536652503163
62620480.36799999,6,2,0,0.6635222434997559,0.5091409683227539,191.85799999831943,2.970536652503163
62620480.36799999,6,2,0,0.6640702486038208,0.5103111267089844,191.85799999831943,2.970536652503163
62620480.36799999,6,2,0,0.662847101688385,0.512010395526886,191.85799999831943,2.970536652503163
62620480.36799999,6,2,0,0.6612334251403809,0.5126819610595703,191.85799999831943,2.970536652503163
62620480.36799999,6,2,0,0.6613091230392456,0.5135643482208252,191.85799999831943,2.970536652503163
62620716.125,6,2,0,0.6566371917724609,0.5442012548446655,123.9560000030906,2.4487340297520537
62620716.125,6,2,0,0.6527783870697021,0.5377517938613892,123.9560000030906,2.4487340297520537
62620716.125,6,2,0,0.6488358974456787,0.53461092710495,123.9560000030906,2.4487340297520537
62620716.125,6,2,0,0.6372190713882446,0.5325461030006409,123.9560000030906,2.4487340297520537
62618954.919999994,6,2,2,0.3388351500034332,0.5864812135696411,131.23199999972712,2.888845360396032
62618954.919999994,6,2,2,0.3213033378124237,0.5895091891288757,131.23199999972712,2.888845360396032
62618954.919999994,6,2,2,0.3076162338256836,0.595687210559845,131.23199999972712,2.888845360396032
62618954.919999994,6,2,2,0.2986598312854767,0.6022235155105591,131.23199999972712,2.888845360396032
62618954.919999994,6,2,2,0.2908064424991607,0.6089107394218445,131.23199999972712,2.888845360396032
62619092.241000004,6,2,2,0.3431646525859833,0.5639406442642212,217.9299999916111,1.9383977032588389
62619092.241000004,6,2,2,0.3364132344722748,0.5707959532737732,217.9299999916111,1.9383977032588389
62619092.241000004,6,2,2,0.3315905332565307,0.5772674679756165,217.9299999916111,1.9383977032588389
62619092.241000004,6,2,2,0.3264479041099548,0.5793836712837219,217.9299999916111,1.9383977032588389
62619092.241000004,6,2,2,0.3235314488410949,0.5825366377830505,217.9299999916111,1.9383977032588389
62619092.241000004,6,2,2,0.3273009657859802,0.5828837752342224,217.9299999916111,1.9383977032588389
62619092.241000004,6,2,2,0.3261088728904724,0.5832148194313049,217.9299999916111,1.9383977032588389
62619314.181499995,6,2,2,0.3328633606433868,0.563961923122406,216.0054999985732,0.5126480412520397
62619314.181499995,6,2,2,0.3363762497901916,0.5671834349632263,216.0054999985732,0.5126480412520397
62619314.181499995,6,2,2,0.3365843296051025,0.5672234296798706,216.0054999985732,0.5126480412520397
62619314.181499995,6,2,2,0.3369959592819214,0.5660324692726135,216.0054999985732,0.5126480412520397
62619314.181499995,6,2,2,0.3373897075653076,0.5643071532249451,216.0054999985732,0.5126480412520397
62619314.181499995,6,2,2,0.3374622762203216,0.5623586773872375,216.0054999985732,0.5126480412520397
62619314.181499995,6,2,2,0.3381901085376739,0.5601186752319336,216.0054999985732,0.5126480412520397
62619314.181499995,6,2,2,0.3393884897232055,0.55808424949646,216.0054999985732,0.5126480412520397
62619534.18399999,6,2,2,0.3420388698577881,0.5626516938209534,219.88999999302905,0.8546061845148654
62619534.18399999,6,2,2,0.3425189852714538,0.5615344047546387,219.88999999302905,0.8546061845148654
62619534.18399999,6,2,2,0.3424485623836517,0.5613616108894348,219.88999999302905,0.8546061845148654
62619534.18399999,6,2,2,0.3420917689800262,0.5614203810691833,219.88999999302905,0.8546061845148654
62619534.18399999,6,2,2,0.3421272337436676,0.5609919428825378,219.88999999302905,0.8546061845148654
62619534.18399999,6,2,2,0.3431909084320068,0.5602605938911438,219.88999999302905,0.8546061845148654
62619534.18399999,6,2,2,0.3446473479270935,0.5602381825447083,219.88999999302905,0.8546061845148654
62619534.18399999,6,2,2,0.348680168390274,0.5611564517021179,219.88999999302905,0.8546061845148654
62619758.0515,6,2,2,0.3404433131217956,0.5544878840446472,156.110500000068,2.627967194460357
62619758.0515,6,2,2,0.348619133234024,0.5561161041259766,156.110500000068,2.627967194460357
62619758.0515,6,2,2,0.3643514513969421,0.5587612986564636,156.110500000068,2.627967194460357
62619758.0515,6,2,2,0.3920164406299591,0.5640157461166382,156.110500000068,2.627967194460357
62619758.0515,6,2,2,0.3786275386810303,0.5193469524383545,156.110500000068,2.627967194460357
62621986.1745,7,0,0,0.4614496827125549,0.4798696637153625,84.01800000137882,2.245634796799353
62621986.1745,7,0,0,0.4649352729320526,0.4748122990131378,84.01800000137882,2.245634796799353
62621986.1745,7,0,0,0.5125526189804077,0.4744859039783478,84.01800000137882,2.245634796799353
62621986.1745,7,0,0,0.5042290687561035,0.4655206501483917,84.01800000137882,2.245634796799353
62622562.206,7,1,3,0.4188475906848907,0.3499699532985687,99.9080000037793,2.990689157361511
62622562.206,7,1,3,0.3970438241958618,0.3420365154743194,99.9080000037793,2.990689157361511
62622562.206,7,1,3,0.3827647268772125,0.3375398814678192,99.9080000037793,2.990689157361511
62622562.206,7,1,3,0.3788795471191406,0.333699107170105,99.9080000037793,2.990689157361511
62622686.145500004,7,1,3,0.3733574151992798,0.2888308763504028,180.02449999039527,2.9680674197505623
62622686.145500004,7,1,3,0.3707429468631744,0.2867521941661834,180.02449999039527,2.9680674197505623
62622686.145500004,7,1,3,0.3773839771747589,0.287007987499237,180.02449999039527,2.9680674197505623
62622686.145500004,7,1,3,0.3857976198196411,0.2921256124973297,180.02449999039527,2.9680674197505623
62622686.145500004,7,1,3,0.409805029630661,0.293527215719223,180.02449999039527,2.9680674197505623
62622686.145500004,7,1,3,0.4394699931144714,0.3000434637069702,180.02449999039527,2.9680674197505623
62622686.145500004,7,1,3,0.48476243019104,0.3194254338741302,180.02449999039527,2.9680674197505623
62623006.1755,7,2,2,0.4197673201560974,0.590941846370697,83.97100000001956,2.737892468031238
62623006.1755,7,2,2,0.4695048034191131,0.5830104947090149,83.97100000001956,2.737892468031238
62623006.1755,7,2,2,0.5203737020492554,0.5908986926078796,83.97100000001956,2.737892468031238
62623098.166,7,2,2,0.4792733192443847,0.5811418890953064,83.97750000585802,2.7315516707399023
62623098.166,7,2,2,0.5059622526168823,0.5831352472305298,83.97750000585802,2.7315516707399023
62623098.166,7,2,2,0.5281346440315247,0.5829868912696838,83.97750000585802,2.7315516707399023
62623186.1315,7,2,2,0.4439462125301361,0.5995423197746277,163.89100000378676,2.948096057598049
62623186.1315,7,2,2,0.4651731848716736,0.5972164869308472,163.89100000378676,2.948096057598049
62623186.1315,7,2,2,0.4874841570854187,0.5961667895317078,163.89100000378676,2.948096057598049
62623186.1315,7,2,2,0.5031976699829102,0.5971791744232178,163.89100000378676,2.948096057598049
62623186.1315,7,2,2,0.5122772455215454,0.6011564135551453,163.89100000378676,2.948096057598049
62623186.1315,7,2,2,0.523597776889801,0.6084172129631042,163.89100000378676,2.948096057598049
62623354.1205,7,2,2,0.4593605101108551,0.5990966558456421,159.99700000247685,2.9227615732804924
62623354.1205,7,2,2,0.4668550789356231,0.6069313883781433,159.99700000247685,2.9227615732804924
62623354.1205,7,2,2,0.47404944896698,0.6158759593963623,159.99700000247685,2.9227615732804924
62623354.1205,7,2,2,0.4810840487480163,0.6244354248046875,159.99700000247685,2.9227615732804924
62623354.1205,7,2,2,0.4938137233257293,0.6390188336372375,159.99700000247685,2.9227615732804924
62623354.1205,7,2,2,0.502975583076477,0.6470366716384888,159.99700000247685,2.9227615732804924
62623518.105000004,7,2,2,0.4513779282569885,0.6042455434799194,219.9940000064089,2.644748503262599
62623518.105000004,7,2,2,0.4598259329795837,0.6211016178131104,219.9940000064089,2.644748503262599
62623518.105000004,7,2,2,0.475351870059967,0.630782425403595,219.9940000064089,2.644748503262599
62623518.105000004,7,2,2,0.4883094131946563,0.6390582323074341,219.9940000064089,2.644748503262599
62623518.105000004,7,2,2,0.5001356601715088,0.645731508731842,219.9940000064089,2.644748503262599
62623518.105000004,7,2,2,0.5088611245155334,0.6522977948188782,219.9940000064089,2.644748503262599
62623518.105000004,7,2,2,0.5148940086364746,0.6576001644134521,219.9940000064089,2.644748503262599
62623518.105000004,7,2,2,0.5197309255599976,0.663834810256958,219.9940000064089,2.644748503262599
62623742.092,7,2,2,0.4762292504310608,0.6281977295875549,215.97449999535456,0.8984053176875361
62623742.092,7,2,2,0.4812524616718292,0.6311865448951721,215.97449999535456,0.8984053176875361
62623742.092,7,2,2,0.4847865998744964,0.6326976418495178,215.97449999535456,0.8984053176875361
62623742.092,7,2,2,0.487371563911438,0.6311590075492859,215.97449999535456,0.8984053176875361
62623742.092,7,2,2,0.4889784455299377,0.6278058290481567,215.97449999535456,0.8984053176875361
62623742.092,7,2,2,0.4880657494068146,0.624950647354126,215.97449999535456,0.8984053176875361
62623742.092,7,2,2,0.4865345954895019,0.6226667165756226,215.97449999535456,0.8984053176875361
62623964.1175,7,2,2,0.4702446758747101,0.6252279281616211,118.07949999638367,1.157686521318324
62623964.1175,7,2,2,0.47025927901268,0.6225348114967346,118.07949999638367,1.157686521318324
62623964.1175,7,2,2,0.4710887968540191,0.6207285523414612,118.07949999638367,1.157686521318324
62623964.1175,7,2,2,0.4709043502807617,0.6137946844100952,118.07949999638367,1.157686521318324
62623964.1175,7,2,2,0.4701451957225799,0.6105227470397949,118.07949999638367,1.157686521318324
62624103.691,7,2,2,0.5942384600639343,0.5891885161399841,218.49650000513063,1.7612487669118144
62624103.691,7,2,2,0.5966470241546631,0.5886366367340088,218.49650000513063,1.7612487669118144
62624103.691,7,2,2,0.5990529656410217,0.5882457494735718,218.49650000513063,1.7612487669118144
62624103.691,7,2,2,0.599581778049469,0.5878227949142456,218.49650000513063,1.7612487669118144
62624103.691,7,2,2,0.5996416807174683,0.5841729640960693,218.49650000513063,1.7612487669118144
62624103.691,7,2,2,0.6003915667533875,0.5816525220870972,218.49650000513063,1.7612487669118144
62624103.691,7,2,2,0.5980656743049622,0.5863385200500488,218.49650000513063,1.7612487669118144
62624367.3905,7,2,2,0.451667308807373,0.549712061882019,112.69199999514969,2.7981245600308804
62624367.3905,7,2,2,0.4485740661621094,0.5575076341629028,112.69199999514969,2.7981245600308804
62624367.3905,7,2,2,0.4562971293926239,0.5626513957977295,112.69199999514969,2.7981245600308804
62624367.3905,7,2,2,0.4818907976150512,0.5724638104438782,112.69199999514969,2.7981245600308804
62624882.093499996,8,0,0,0.543999195098877,0.4859116077423095,124.04000000969972,1.2374394526540584
62624882.093499996,8,0,0,0.5059264302253723,0.4837704598903656,124.04000000969972,1.2374394526540584
62624882.093499996,8,0,0,0.5061900019645691,0.4871117770671844,124.04000000969972,1.2374394526540584
62624882.093499996,8,0,0,0.5033649206161499,0.4915751516819,124.04000000969972,1.2374394526540584
62624882.093499996,8,0,0,0.4989987313747406,0.4960789680480957,124.04000000969972,1.2374394526540584
62625008.067,8,0,0,0.5113521814346313,0.535301685333252,122.12949999957344,2.751336347716459
62625008.067,8,0,0,0.5049192905426025,0.5387423634529114,122.12949999957344,2.751336347716459
62625008.067,8,0,0,0.4948553144931793,0.5405233502388,122.12949999957344,2.751336347716459
62625008.067,8,0,0,0.4796978235244751,0.5360952019691467,122.12949999957344,2.751336347716459
62625618.059499994,8,1,3,0.3591094613075256,0.3654492497444153,92.1704999927897,2.989368075067365
62625618.059499994,8,1,3,0.3343410491943359,0.3519133329391479,92.1704999927897,2.989368075067365
62625618.059499994,8,1,3,0.3232015669345855,0.3446728587150574,92.1704999927897,2.989368075067365
62625618.059499994,8,1,3,0.3197695910930633,0.3440825939178467,92.1704999927897,2.989368075067365
62625714.206999995,8,1,3,0.3371704518795013,0.3566494584083557,219.97099999862257,1.820021422337872
62625714.206999995,8,1,3,0.3381287753582001,0.3587294220924377,219.97099999862257,1.820021422337872
62625714.206999995,8,1,3,0.3498976528644562,0.3581019043922424,219.97099999862257,1.820021422337872
62625714.206999995,8,1,3,0.3662477433681488,0.3599035441875458,219.97099999862257,1.820021422337872
62625714.206999995,8,1,3,0.3874680399894714,0.3637614250183105,219.97099999862257,1.820021422337872
62625714.206999995,8,1,3,0.4199146330356598,0.3741707801818847,219.97099999862257,1.820021422337872
62625714.206999995,8,1,3,0.4607580006122589,0.3871690332889557,219.97099999862257,1.820021422337872
62626122.13600001,8,2,2,0.4225356578826904,0.6372783780097961,80.09049999236595,3.0015835956025287
62626122.13600001,8,2,2,0.4710423350334167,0.6445640325546265,80.09049999236595,3.0015835956025287
62626122.13600001,8,2,2,0.5114784240722656,0.6480392813682556,80.09049999236595,3.0015835956025287
62626240.236,8,2,2,0.4191349446773529,0.6349279284477234,87.87699999811593,2.969153027256833
62626240.236,8,2,2,0.4426403939723968,0.6347079277038574,87.87699999811593,2.969153027256833
62626240.236,8,2,2,0.4650141894817352,0.6319085359573364,87.87699999811593,2.969153027256833
62626240.236,8,2,2,0.4818923771381378,0.6296963095664978,87.87699999811593,2.969153027256833
62626334.1555,8,2,2,0.4190640747547149,0.6377401351928711,219.9380000020028,2.162115014506173
62626334.1555,8,2,2,0.4340608417987823,0.6389979124069214,219.9380000020028,2.162115014506173
62626334.1555,8,2,2,0.4455254971981048,0.6424459218978882,219.9380000020028,2.162115014506173
62626334.1555,8,2,2,0.4542564153671264,0.6457592844963074,219.9380000020028,2.162115014506173
62626334.1555,8,2,2,0.4603746831417084,0.64854496717453,219.9380000020028,2.162115014506173
62626334.1555,8,2,2,0.4652400612831116,0.650765061378479,219.9380000020028,2.162115014506173
62626334.1555,8,2,2,0.4702348113059997,0.652073860168457,219.9380000020028,2.162115014506173
62626334.1555,8,2,2,0.4838645458221435,0.6527961492538452,219.9380000020028,2.162115014506173
62626558.056499995,8,2,2,0.4404037892818451,0.6375612020492554,216.09250000619795,2.4458875028773983
62626558.056499995,8,2,2,0.4426892399787903,0.6385611295700073,216.09250000619795,2.4458875028773983
62626558.056499995,8,2,2,0.4478323757648468,0.6443300843238831,216.09250000619795,2.4458875028773983
62626558.056499995,8,2,2,0.454847902059555,0.6518787741661072,216.09250000619795,2.4458875028773983
62626558.056499995,8,2,2,0.463215708732605,0.6601949334144592,216.09250000619795,2.4458875028773983
62626558.056499995,8,2,2,0.4678219556808471,0.6650833487510681,216.09250000619795,2.4458875028773983
62626558.056499995,8,2,2,0.4769825935363769,0.6732956171035767,216.09250000619795,2.4458875028773983
62626778.1225,8,2,2,0.4316738247871399,0.6440746188163757,218.02150000439724,1.7577348698534214
62626778.1225,8,2,2,0.4217970371246338,0.668377697467804,218.02150000439724,1.7577348698534214
62626778.1225,8,2,2,0.4286318123340606,0.6730561256408691,218.02150000439724,1.7577348698534214
62626778.1225,8,2,2,0.4351583123207092,0.6768770813941956,218.02150000439724,1.7577348698534214
62626778.1225,8,2,2,0.4415138661861419,0.6805824041366577,218.02150000439724,1.7577348698534214
62626778.1225,8,2,2,0.4488584399223327,0.683677077293396,218.02150000439724,1.7577348698534214
62626778.1225,8,2,2,0.4553863704204559,0.6865254044532776,218.02150000439724,1.7577348698534214
62626778.1225,8,2,2,0.4607235789299011,0.6877423524856567,218.02150000439724,1.7577348698534214
62627000.1215,8,2,2,0.417546659708023,0.6737847328186035,217.95200000633488,1.341702491634899
62627000.1215,8,2,2,0.4218056797981262,0.6747689247131348,217.95200000633488,1.341702491634899
62627000.1215,8,2,2,0.4249588847160339,0.6769655346870422,217.95200000633488,1.341702491634899
62627000.1215,8,2,2,0.4287582039833069,0.6789297461509705,217.95200000633488,1.341702491634899
62628050.556,9,0,0,0.4868298470973968,0.5512363910675049,219.55700000398792,1.2847249904331304
62628050.556,9,0,0,0.4914241433143616,0.5568149089813232,219.55700000398792,1.2847249904331304
62628050.556,9,0,0,0.4917371571063995,0.5505723357200623,219.55700000398792,1.2847249904331304
62628050.556,9,0,0,0.4915647208690643,0.5539453029632568,219.55700000398792,1.2847249904331304
62628050.556,9,0,0,0.4878828525543213,0.5505277514457703,219.55700000398792,1.2847249904331304
62628050.556,9,0,0,0.4809476733207702,0.5424020886421204,219.55700000398792,1.2847249904331304
62628274.19500001,9,0,0,0.4945103526115417,0.5673182606697083,123.99849999928848,2.815922687926479
62628274.19500001,9,0,0,0.4850348532199859,0.5635999441146851,123.99849999928848,2.815922687926479
62628274.19500001,9,0,0,0.4618508517742157,0.5665811896324158,123.99849999928848,2.815922687926479
62629232.37,9,1,2,0.3116272985935211,0.7218971252441406,123.75150000298164,2.991897999803064
62628794.187,9,1,3,0.4157162308692932,0.4694813787937164,133.99950000166427,2.487645562515432
62628794.187,9,1,3,0.397598922252655,0.4618361890316009,133.99950000166427,2.487645562515432
62628794.187,9,1,3,0.3931643664836883,0.4581390619277954,133.99950000166427,2.487645562515432
62628794.187,9,1,3,0.4046638011932373,0.4552618563175201,133.99950000166427,2.487645562515432
62628794.187,9,1,3,0.4155214130878448,0.4557183682918548,133.99950000166427,2.487645562515432
62628936.151,9,1,3,0.5839279294013977,0.4409044682979584,201.96199999918463,2.7563885594969806
62628936.151,9,1,3,0.5950394868850708,0.445040613412857,201.96199999918463,2.7563885594969806
62628936.151,9,1,3,0.6108529567718506,0.4495230317115783,201.96199999918463,2.7563885594969806
62628936.151,9,1,3,0.6295490264892578,0.4550890028476715,201.96199999918463,2.7563885594969806
62628936.151,9,1,3,0.6509338617324829,0.459682285785675,201.96199999918463,2.7563885594969806
62628936.151,9,1,3,0.67839115858078,0.4674569964408874,201.96199999918463,2.7563885594969806
62628936.151,9,1,3,0.7117982506752014,0.4738746881484985,201.96199999918463,2.7563885594969806
62629232.37,9,2,2,0.3688695430755615,0.7295458912849426,123.75150000298164,2.991897999803064
62629232.37,9,2,2,0.4264472424983978,0.738480806350708,123.75150000298164,2.991897999803064
62629232.37,9,2,2,0.4777285456657409,0.743654727935791,123.75150000298164,2.991897999803064
62629474.121,9,2,2,0.4219645857810974,0.7473157644271851,83.88349999586353,2.9475821199234424
62629474.121,9,2,2,0.4599264860153198,0.7589189410209656,83.88349999586353,2.9475821199234424
62629474.121,9,2,2,0.4835057556629181,0.7656922936439514,83.88349999586353,2.9475821199234424
62629562.061,9,2,2,0.412706047296524,0.7312021255493164,216.10900000086983,2.631827138771488
62629562.061,9,2,2,0.4327738881111145,0.7389885187149048,216.10900000086983,2.631827138771488
62629562.061,9,2,2,0.4463002979755401,0.7426148056983948,216.10900000086983,2.631827138771488
62629562.061,9,2,2,0.4527108073234558,0.7463588118553162,216.10900000086983,2.631827138771488
62629562.061,9,2,2,0.455093502998352,0.7572810649871826,216.10900000086983,2.631827138771488
62629562.061,9,2,2,0.4557845592498779,0.771767258644104,216.10900000086983,2.631827138771488
62629562.061,9,2,2,0.4560155868530273,0.7859324812889099,216.10900000086983,2.631827138771488
62629562.061,9,2,2,0.4587507247924804,0.7991852760314941,216.10900000086983,2.631827138771488
62629782.1375,9,2,2,0.4451345205307007,0.7360274791717529,215.98249999806285,1.572006091368718
62629782.1375,9,2,2,0.4492462575435638,0.7469903826713562,215.98249999806285,1.572006091368718
62629782.1375,9,2,2,0.4527936279773712,0.7572796940803528,215.98249999806285,1.572006091368718
62629782.1375,9,2,2,0.4564476609230041,0.7673822045326233,215.98249999806285,1.572006091368718
62629782.1375,9,2,2,0.4429025650024414,0.7780600786209106,215.98249999806285,1.572006091368718
62629782.1375,9,2,2,0.4453037679195404,0.7913006544113159,215.98249999806285,1.572006091368718
62629782.1375,9,2,2,0.4465857446193695,0.7977477312088013,215.98249999806285,1.572006091368718
62630002.143,9,2,2,0.4329091012477875,0.7621201276779175,219.9445000005653,1.2270619455763492
62630002.143,9,2,2,0.4353301227092743,0.7655912041664124,219.9445000005653,1.2270619455763492
62630002.143,9,2,2,0.4380466043949127,0.7679677605628967,219.9445000005653,1.2270619455763492
62630002.143,9,2,2,0.4416541159152984,0.7690861821174622,219.9445000005653,1.2270619455763492
62630002.143,9,2,2,0.4473929405212402,0.7704727053642273,219.9445000005653,1.2270619455763492
62630002.143,9,2,2,0.453997254371643,0.7704349160194397,219.9445000005653,1.2270619455763492
62630002.143,9,2,2,0.45864337682724,0.7686344981193542,219.9445000005653,1.2270619455763492
62630002.143,9,2,2,0.4610205888748169,0.7654452323913574,219.9445000005653,1.2270619455763492
62630226.0395,9,2,2,0.4401754736900329,0.7573325037956238,218.093499999668,0.5432011285709691
62630226.0395,9,2,2,0.4424614012241363,0.7555440664291382,218.093499999668,0.5432011285709691
62630226.0395,9,2,2,0.4442126452922821,0.7558165788650513,218.093499999668,0.5432011285709691
62630226.0395,9,2,2,0.4458553493022918,0.7549933791160583,218.093499999668,0.5432011285709691
62630226.0395,9,2,2,0.446809858083725,0.7535700798034668,218.093499999668,0.5432011285709691
62630226.0395,9,2,2,0.4479075372219085,0.7508838772773743,218.093499999668,0.5432011285709691
62630226.0395,9,2,2,0.4498303830623626,0.7472943067550659,218.093499999668,0.5432011285709691
62630450.169999994,9,2,2,0.4322617650032043,0.7601131796836853,207.9680000024382,2.8323121660634825
62630450.169999994,9,2,2,0.4352381229400635,0.7613133192062378,207.9680000024382,2.8323121660634825
62630450.169999994,9,2,2,0.4416210651397705,0.7592016458511353,207.9680000024382,2.8323121660634825
62630450.169999994,9,2,2,0.4502466917037964,0.7533899545669556,207.9680000024382,2.8323121660634825
62630450.169999994,9,2,2,0.4643587470054626,0.746463418006897,207.9680000024382,2.8323121660634825
62630450.169999994,9,2,2,0.488040417432785,0.7451137900352478,207.9680000024382,2.8323121660634825
62630450.169999994,9,2,2,0.5017948746681213,0.7007514238357544,207.9680000024382,2.8323121660634825
