world_timestamp,world_index,fixation_id,start_timestamp,duration,dispersion,norm_pos_x,norm_pos_y,x_scaled,y_scaled,on_surf
62596.809282,58,10,62596.6867905,219.44100000109756,1.5463451727687003,4.710658550262451,0.9599432349205017,4.710658550262451,0.9599432349205017,False
62598.349308,104,18,62598.3102325,111.9375000052969,2.9600232149157613,2.5315635204315186,0.13124406337738037,2.5315635204315186,0.13124406337738037,False
62598.381314,105,18,62598.3102325,111.9375000052969,2.9600232149157613,2.867567539215088,-0.11075896769762039,2.867567539215088,-0.11075896769762039,False
62598.417269,106,18,62598.3102325,111.9375000052969,2.9600232149157613,2.621741771697998,0.06268616020679474,2.621741771697998,0.06268616020679474,False
62598.417269,106,19,62598.4281845,117.93200000101933,1.5078632631025264,2.640108585357666,0.024143161252141,2.640108585357666,0.024143161252141,False
62598.449355,107,19,62598.4281845,117.93200000101933,1.5078632631025264,2.129519462585449,0.4151112139225006,2.129519462585449,0.4151112139225006,False
62598.64929,113,20,62598.572161000004,158.0344999965746,2.1144320128577356,1.8575621843338013,0.3686995208263397,1.8575621843338013,0.3686995208263397,False
62598.68514,114,20,62598.572161000004,158.0344999965746,2.1144320128577356,2.201930284500122,-0.050874222069978714,2.201930284500122,-0.050874222069978714,False
62598.717149000004,115,20,62598.572161000004,158.0344999965746,2.1144320128577356,2.3767197132110596,-0.2455243021249771,2.3767197132110596,-0.2455243021249771,False
62598.749339,116,21,62598.746174,216.0135000012815,2.0738176030687354,2.0328757762908936,-0.024131011217832565,2.0328757762908936,-0.024131011217832565,False
62598.785135,117,21,62598.746174,216.0135000012815,2.0738176030687354,1.9112225770950317,0.07449544221162796,1.9112225770950317,0.07449544221162796,False
62598.817302,118,21,62598.746174,216.0135000012815,2.0738176030687354,2.060255527496338,-0.0964154601097107,2.060255527496338,-0.0964154601097107,False
62598.853052,119,21,62598.746174,216.0135000012815,2.0738176030687354,1.8939203023910522,0.0766424760222435,1.8939203023910522,0.0766424760222435,False
62598.885237,120,21,62598.746174,216.0135000012815,2.0738176030687354,2.002709150314331,-0.05149136483669281,2.002709150314331,-0.05149136483669281,False
62598.917061,121,21,62598.746174,216.0135000012815,2.0738176030687354,1.875464677810669,0.10423439741134644,1.875464677810669,0.10423439741134644,False
62598.953116,122,21,62598.746174,216.0135000012815,2.0738176030687354,1.9618314504623413,0.013284909538924694,1.9618314504623413,0.013284909538924694,False
62598.953116,122,22,62598.9662065,169.99550000036834,2.684602991548457,1.9401098489761353,0.014082137495279312,1.9401098489761353,0.014082137495279312,False
62598.985590000004,123,22,62598.9662065,169.99550000036834,2.684602991548457,1.9221872091293335,0.02439340390264988,1.9221872091293335,0.02439340390264988,False
62599.017224,124,22,62598.9662065,169.99550000036834,2.684602991548457,1.8910590410232544,0.08493203669786453,1.8910590410232544,0.08493203669786453,False
62599.053288,125,22,62598.9662065,169.99550000036834,2.684602991548457,1.9821149110794067,-0.0071444157510995865,1.9821149110794067,-0.0071444157510995865,False
62599.085148,126,22,62598.9662065,169.99550000036834,2.684602991548457,2.049009084701538,-0.03330470621585846,2.049009084701538,-0.03330470621585846,False
62599.957182,152,25,62599.784169499995,217.9995000042254,2.6187762229954763,4.152027130126953,0.7907283306121826,4.152027130126953,0.7907283306121826,False
62599.989181,153,25,62599.784169499995,217.9995000042254,2.6187762229954763,6.506657123565674,0.4414176642894745,6.506657123565674,0.4414176642894745,False
62599.989181,153,26,62600.0061775,215.98450000601588,0.9807305014166442,6.7005391120910645,0.42042985558509827,6.7005391120910645,0.42042985558509827,False
62600.025259,154,26,62600.0061775,215.98450000601588,0.9807305014166442,6.192715167999268,0.44836848974227905,6.192715167999268,0.44836848974227905,False
62600.057314,155,26,62600.0061775,215.98450000601588,0.9807305014166442,6.117483615875244,0.4880954623222351,6.117483615875244,0.4880954623222351,False
62600.093053,156,26,62600.0061775,215.98450000601588,0.9807305014166442,5.922433376312256,0.5009867548942566,5.922433376312256,0.5009867548942566,False
62600.125208,157,26,62600.0061775,215.98450000601588,0.9807305014166442,6.6206183433532715,0.40465179085731506,6.6206183433532715,0.40465179085731506,False
62600.193157,159,26,62600.0061775,215.98450000601588,0.9807305014166442,6.624637603759766,0.4255768358707428,6.624637603759766,0.4255768358707428,False
62600.225175,160,26,62600.0061775,215.98450000601588,0.9807305014166442,6.090275764465332,0.5255952477455139,6.090275764465332,0.5255952477455139,False
62600.225175,160,27,62600.2262165,218.07250000711065,0.9752714915070728,6.077568054199219,0.5168775320053101,6.077568054199219,0.5168775320053101,False
62600.257252,161,27,62600.2262165,218.07250000711065,0.9752714915070728,6.072329521179199,0.4782933294773102,6.072329521179199,0.4782933294773102,False
62600.293097,162,27,62600.2262165,218.07250000711065,0.9752714915070728,6.785857677459717,0.37303391098976135,6.785857677459717,0.37303391098976135,False
62600.325179,163,27,62600.2262165,218.07250000711065,0.9752714915070728,8.347972869873047,0.10831793397665024,8.347972869873047,0.10831793397665024,False
62600.361202,164,27,62600.2262165,218.07250000711065,0.9752714915070728,6.669673919677734,0.3667459487915039,6.669673919677734,0.3667459487915039,False
62600.393204,165,27,62600.2262165,218.07250000711065,0.9752714915070728,5.249632358551025,0.5569279193878174,5.249632358551025,0.5569279193878174,False
62601.297137,192,30,62601.3102325,80.07599999837112,3.008309399847388,2.5294361114501953,0.15096360445022583,2.5294361114501953,0.15096360445022583,False
62601.333263,193,30,62601.3102325,80.07599999837112,3.008309399847388,2.4288477897644043,0.25397491455078125,2.4288477897644043,0.25397491455078125,False
62601.365145,194,30,62601.3102325,80.07599999837112,3.008309399847388,2.5339062213897705,0.22296738624572754,2.5339062213897705,0.22296738624572754,False
62601.397222,195,30,62601.3102325,80.07599999837112,3.008309399847388,2.7074859142303467,0.1194915622472763,2.7074859142303467,0.1194915622472763,False
62602.237081,220,33,62602.226223000005,84.03699999325909,2.993120423262956,1.739950180053711,0.48680680990219116,1.739950180053711,0.48680680990219116,False
62602.269088,221,33,62602.226223000005,84.03699999325909,2.993120423262956,1.6506606340408325,0.5196865200996399,1.6506606340408325,0.5196865200996399,False
62602.301191,222,33,62602.226223000005,84.03699999325909,2.993120423262956,1.6287163496017456,0.5089200139045715,1.6287163496017456,0.5089200139045715,False
62602.301191,222,34,62602.3142595,140.04399999976158,1.5692568488699357,1.712108850479126,0.5229045748710632,1.712108850479126,0.5229045748710632,False
62602.337107,223,34,62602.3142595,140.04399999976158,1.5692568488699357,1.7027344703674316,0.5103031396865845,1.7027344703674316,0.5103031396865845,False
62602.369087,224,34,62602.3142595,140.04399999976158,1.5692568488699357,1.7489124536514282,0.49573397636413574,1.7489124536514282,0.49573397636413574,False
62602.462108,225,34,62602.3142595,140.04399999976158,1.5692568488699357,1.8055336475372314,0.48510628938674927,1.8055336475372314,0.48510628938674927,False
62602.462108,225,35,62602.4602705,217.92650000134017,2.6608846034684284,1.8951853513717651,0.43219277262687683,1.8951853513717651,0.43219277262687683,False
62602.504242,226,35,62602.4602705,217.92650000134017,2.6608846034684284,1.7683372497558594,0.46032074093818665,1.7683372497558594,0.46032074093818665,False
62602.535919,227,35,62602.4602705,217.92650000134017,2.6608846034684284,1.8600929975509644,0.4127950966358185,1.8600929975509644,0.4127950966358185,False
62602.56618,228,35,62602.4602705,217.92650000134017,2.6608846034684284,1.8412278890609741,0.42790722846984863,1.8412278890609741,0.42790722846984863,False
62602.596773,229,35,62602.4602705,217.92650000134017,2.6608846034684284,1.7746540307998657,0.4350792467594147,1.7746540307998657,0.4350792467594147,False
62602.627194,230,35,62602.4602705,217.92650000134017,2.6608846034684284,1.7631580829620361,0.44406336545944214,1.7631580829620361,0.44406336545944214,False
62602.658333,231,35,62602.4602705,217.92650000134017,2.6608846034684284,1.7657843828201294,0.44584038853645325,1.7657843828201294,0.44584038853645325,False
62602.691339,232,35,62602.4602705,217.92650000134017,2.6608846034684284,1.7795482873916626,0.4591210186481476,1.7795482873916626,0.4591210186481476,False
62602.691339,232,36,62602.682176,216.05849999468774,1.0651480966835498,1.7599965333938599,0.4508551359176636,1.7599965333938599,0.4508551359176636,False
62602.722822,233,36,62602.682176,216.05849999468774,1.0651480966835498,1.8895268440246582,0.45023804903030396,1.8895268440246582,0.45023804903030396,False
62602.754138000004,234,36,62602.682176,216.05849999468774,1.0651480966835498,1.8500102758407593,0.46210968494415283,1.8500102758407593,0.46210968494415283,False
62602.785186,235,36,62602.682176,216.05849999468774,1.0651480966835498,1.8535586595535278,0.46127262711524963,1.8535586595535278,0.46127262711524963,False
62602.815624,236,36,62602.682176,216.05849999468774,1.0651480966835498,1.8567192554473877,0.460578054189682,1.8567192554473877,0.460578054189682,False
62602.849015,237,36,62602.682176,216.05849999468774,1.0651480966835498,1.8457822799682617,0.43360015749931335,1.8457822799682617,0.43360015749931335,False
62602.879525000004,238,36,62602.682176,216.05849999468774,1.0651480966835498,1.8542248010635376,0.4537868797779083,1.8542248010635376,0.4537868797779083,False
62602.911539,239,36,62602.682176,216.05849999468774,1.0651480966835498,1.8520811796188354,0.45212870836257935,1.8520811796188354,0.45212870836257935,False
62602.911539,239,37,62602.902215,215.96649999992223,0.9876322650058682,1.8587543964385986,0.44028380513191223,1.8587543964385986,0.44028380513191223,False
62602.943315,240,37,62602.902215,215.96649999992223,0.9876322650058682,1.8494634628295898,0.41586431860923767,1.8494634628295898,0.41586431860923767,False
62602.976347,241,37,62602.902215,215.96649999992223,0.9876322650058682,1.8508599996566772,0.4137362837791443,1.8508599996566772,0.4137362837791443,False
62603.00881,242,37,62602.902215,215.96649999992223,0.9876322650058682,1.93680739402771,0.38148033618927,1.93680739402771,0.38148033618927,False
62603.041187,243,37,62602.902215,215.96649999992223,0.9876322650058682,1.8502744436264038,0.4087076783180237,1.8502744436264038,0.4087076783180237,False
62603.073184,244,37,62602.902215,215.96649999992223,0.9876322650058682,1.8558982610702515,0.43051692843437195,1.8558982610702515,0.43051692843437195,False
62603.109038,245,37,62602.902215,215.96649999992223,0.9876322650058682,1.856353998184204,0.4303976893424988,1.856353998184204,0.4303976893424988,False
62603.109038,245,38,62603.12228,219.88149999378948,1.0766278922689736,1.8601020574569702,0.4322265684604645,1.8601020574569702,0.4322265684604645,False
62603.141216,246,38,62603.12228,219.88149999378948,1.0766278922689736,1.8620320558547974,0.4318375587463379,1.8620320558547974,0.4318375587463379,False
62603.173154000004,247,38,62603.12228,219.88149999378948,1.0766278922689736,1.857298731803894,0.4082169532775879,1.857298731803894,0.4082169532775879,False
62603.209174,248,38,62603.12228,219.88149999378948,1.0766278922689736,1.8604762554168701,0.4067530930042267,1.8604762554168701,0.4067530930042267,False
62603.241773,249,38,62603.12228,219.88149999378948,1.0766278922689736,1.8609670400619507,0.4061388075351715,1.8609670400619507,0.4061388075351715,False
62603.274083000004,250,38,62603.12228,219.88149999378948,1.0766278922689736,1.8680810928344727,0.4288243353366852,1.8680810928344727,0.4288243353366852,False
62603.309083,251,38,62603.12228,219.88149999378948,1.0766278922689736,1.8642618656158447,0.4289622902870178,1.8642618656158447,0.4289622902870178,False
62603.34118,252,38,62603.12228,219.88149999378948,1.0766278922689736,1.8613446950912476,0.42967429757118225,1.8613446950912476,0.42967429757118225,False
62603.34118,252,39,62603.346162500005,218.05250000033993,1.8862017092439902,1.8770209550857544,0.4446975290775299,1.8770209550857544,0.4446975290775299,False
62603.377094,253,39,62603.346162500005,218.05250000033993,1.8862017092439902,1.877665638923645,0.44504550099372864,1.877665638923645,0.44504550099372864,False
62603.410133,254,39,62603.346162500005,218.05250000033993,1.8862017092439902,1.7927900552749634,0.4346964359283447,1.7927900552749634,0.4346964359283447,False
62603.445257,255,39,62603.346162500005,218.05250000033993,1.8862017092439902,1.8725404739379883,0.41504859924316406,1.8725404739379883,0.41504859924316406,False
62603.477021,256,39,62603.346162500005,218.05250000033993,1.8862017092439902,1.8718260526657104,0.4070284962654114,1.8718260526657104,0.4070284962654114,False
62603.509231,257,39,62603.346162500005,218.05250000033993,1.8862017092439902,1.8655632734298706,0.4015462100505829,1.8655632734298706,0.4015462100505829,False
62603.541153,258,39,62603.346162500005,218.05250000033993,1.8862017092439902,1.8705918788909912,0.4214327931404114,1.8705918788909912,0.4214327931404114,False
62603.577117,259,39,62603.346162500005,218.05250000033993,1.8862017092439902,1.8081361055374146,0.39943572878837585,1.8081361055374146,0.39943572878837585,False
62603.677099,262,40,62603.6822465,99.94649999862304,2.9288778969471476,2.9856221675872803,-0.6384537816047668,2.9856221675872803,-0.6384537816047668,False
62603.709061,263,40,62603.6822465,99.94649999862304,2.9288778969471476,2.332287311553955,0.0002431534230709076,2.332287311553955,0.0002431534230709076,False
62603.745082,264,40,62603.6822465,99.94649999862304,2.9288778969471476,2.366482734680176,-0.00285035721026361,2.366482734680176,-0.00285035721026361,False
62603.777892,265,40,62603.6822465,99.94649999862304,2.9288778969471476,2.3626022338867188,0.001122220535762608,2.3626022338867188,0.001122220535762608,False
62603.945028,270,41,62603.9341185,218.04549999797018,1.5694442752970827,1.8445888757705688,0.5312650203704834,1.8445888757705688,0.5312650203704834,False
62603.9775,271,41,62603.9341185,218.04549999797018,1.5694442752970827,1.8406627178192139,0.5342332124710083,1.8406627178192139,0.5342332124710083,False
62604.013209,272,41,62603.9341185,218.04549999797018,1.5694442752970827,1.9455084800720215,0.497818261384964,1.9455084800720215,0.497818261384964,False
62604.045089,273,41,62603.9341185,218.04549999797018,1.5694442752970827,1.8398716449737549,0.5364598631858826,1.8398716449737549,0.5364598631858826,False
62604.077495,274,41,62603.9341185,218.04549999797018,1.5694442752970827,1.8631137609481812,0.5393965244293213,1.8631137609481812,0.5393965244293213,False
62604.11314,275,41,62603.9341185,218.04549999797018,1.5694442752970827,1.8646072149276733,0.5569265484809875,1.8646072149276733,0.5569265484809875,False
62604.145117,276,41,62603.9341185,218.04549999797018,1.5694442752970827,1.794908881187439,0.36422356963157654,1.794908881187439,0.36422356963157654,False
62606.021158,332,48,62605.980425,95.76499999820953,2.972054718679679,1.288931965827942,0.3562382757663727,1.288931965827942,0.3562382757663727,False
62606.05724,333,48,62605.980425,95.76499999820953,2.972054718679679,1.622963786125183,0.4665796756744385,1.622963786125183,0.4665796756744385,False
62606.089181,334,48,62605.980425,95.76499999820953,2.972054718679679,1.6643166542053223,0.4377763867378235,1.6643166542053223,0.4377763867378235,False
62606.089181,334,49,62606.094237,83.9715000038268,2.9956359024789085,1.9270814657211304,0.4201078712940216,1.9270814657211304,0.4201078712940216,False
62606.125196,335,49,62606.094237,83.9715000038268,2.9956359024789085,1.7957653999328613,0.45828378200531006,1.7957653999328613,0.45828378200531006,False
62606.157115,336,49,62606.094237,83.9715000038268,2.9956359024789085,1.8121206760406494,0.4481205344200134,1.8121206760406494,0.4481205344200134,False
62606.189205,337,49,62606.094237,83.9715000038268,2.9956359024789085,1.8111324310302734,0.47051459550857544,1.8111324310302734,0.47051459550857544,False
62606.225258,338,50,62606.2141275,219.97900000133086,2.8209258730010065,1.7706890106201172,0.419845849275589,1.7706890106201172,0.419845849275589,False
62606.257238,339,50,62606.2141275,219.97900000133086,2.8209258730010065,1.8750413656234741,0.37426045536994934,1.8750413656234741,0.37426045536994934,False
62606.289232,340,50,62606.2141275,219.97900000133086,2.8209258730010065,1.729406476020813,0.42037394642829895,1.729406476020813,0.42037394642829895,False
62606.325129,341,50,62606.2141275,219.97900000133086,2.8209258730010065,1.7225252389907837,0.4110912084579468,1.7225252389907837,0.4110912084579468,False
62606.357427,342,50,62606.2141275,219.97900000133086,2.8209258730010065,1.8493133783340454,0.37226784229278564,1.8493133783340454,0.37226784229278564,False
62606.393116,343,50,62606.2141275,219.97900000133086,2.8209258730010065,1.745201826095581,0.39111897349357605,1.745201826095581,0.39111897349357605,False
62606.425242,344,50,62606.2141275,219.97900000133086,2.8209258730010065,1.7997958660125732,0.36152565479278564,1.7997958660125732,0.36152565479278564,False
62606.425242,344,51,62606.438138,216.09950000129174,2.5247623344793766,1.8751839399337769,0.3367440700531006,1.8751839399337769,0.3367440700531006,False
62606.457918,345,51,62606.438138,216.09950000129174,2.5247623344793766,1.8700194358825684,0.3389797508716583,1.8700194358825684,0.3389797508716583,False
62606.493138,346,51,62606.438138,216.09950000129174,2.5247623344793766,1.9211397171020508,0.22786244750022888,1.9211397171020508,0.22786244750022888,False
62606.525171,347,51,62606.438138,216.09950000129174,2.5247623344793766,1.7586419582366943,0.3708410859107971,1.7586419582366943,0.3708410859107971,False
62606.557198,348,51,62606.438138,216.09950000129174,2.5247623344793766,1.7436381578445435,0.3785039186477661,1.7436381578445435,0.3785039186477661,False
62606.593075,349,51,62606.438138,216.09950000129174,2.5247623344793766,1.7635657787322998,0.38021591305732727,1.7635657787322998,0.38021591305732727,False
62606.625197,350,51,62606.438138,216.09950000129174,2.5247623344793766,1.7413686513900757,0.3892754912376404,1.7413686513900757,0.3892754912376404,False
62606.661097000004,351,51,62606.438138,216.09950000129174,2.5247623344793766,1.7410825490951538,0.3801141679286957,1.7410825490951538,0.3801141679286957,False
62606.661097000004,351,52,62606.6602475,218.0069999958505,2.6561571728973603,1.8388659954071045,0.36781206727027893,1.8388659954071045,0.36781206727027893,False
62606.69428,352,52,62606.6602475,218.0069999958505,2.6561571728973603,1.8164106607437134,0.3774802088737488,1.8164106607437134,0.3774802088737488,False
62606.725474,353,52,62606.6602475,218.0069999958505,2.6561571728973603,1.8812147378921509,0.36367177963256836,1.8812147378921509,0.36367177963256836,False
62606.761002,354,52,62606.6602475,218.0069999958505,2.6561571728973603,1.8760074377059937,0.3634914457798004,1.8760074377059937,0.3634914457798004,False
62606.794089,355,52,62606.6602475,218.0069999958505,2.6561571728973603,1.8761664628982544,0.3674176335334778,1.8761664628982544,0.3674176335334778,False
62606.825377,356,52,62606.6602475,218.0069999958505,2.6561571728973603,1.938208818435669,0.37783142924308777,1.938208818435669,0.37783142924308777,False
62606.861175,357,52,62606.6602475,218.0069999958505,2.6561571728973603,1.879979133605957,0.39298009872436523,1.879979133605957,0.39298009872436523,False
62606.893058,358,52,62606.6602475,218.0069999958505,2.6561571728973603,1.875611424446106,0.37996208667755127,1.875611424446106,0.37996208667755127,False
62606.893058,358,53,62606.8822415,147.9704999946989,2.972752605325504,1.8780910968780518,0.3477427363395691,1.8780910968780518,0.3477427363395691,False
62606.92909,359,53,62606.8822415,147.9704999946989,2.972752605325504,1.9079054594039917,0.37117934226989746,1.9079054594039917,0.37117934226989746,False
62606.96116,360,53,62606.8822415,147.9704999946989,2.972752605325504,1.876976728439331,0.36036062240600586,1.876976728439331,0.36036062240600586,False
62606.99322,361,53,62606.8822415,147.9704999946989,2.972752605325504,1.449578881263733,0.44814595580101013,1.449578881263733,0.44814595580101013,False
62608.569034,408,57,62608.582171999995,143.98800000344636,2.803158056808345,2.469942331314087,0.38901323080062866,2.469942331314087,0.38901323080062866,False
62608.601231,409,57,62608.582171999995,143.98800000344636,2.803158056808345,2.6569433212280273,0.514278769493103,2.6569433212280273,0.514278769493103,False
62608.637114,410,57,62608.582171999995,143.98800000344636,2.803158056808345,2.6279456615448,0.5209459662437439,2.6279456615448,0.5209459662437439,False
62608.669136,411,57,62608.582171999995,143.98800000344636,2.803158056808345,2.69840407371521,0.4914880096912384,2.69840407371521,0.4914880096912384,False
62608.705209,412,57,62608.582171999995,143.98800000344636,2.803158056808345,2.612170457839966,0.5285575985908508,2.612170457839966,0.5285575985908508,False
62608.737068,413,57,62608.582171999995,143.98800000344636,2.803158056808345,2.6830732822418213,0.4946916699409485,2.6830732822418213,0.4946916699409485,False
62608.737068,413,58,62608.7301525,88.00950000295416,2.924995631524604,2.574577808380127,0.47676846385002136,2.574577808380127,0.47676846385002136,False
62608.76907,414,58,62608.7301525,88.00950000295416,2.924995631524604,2.5050747394561768,0.5060802698135376,2.5050747394561768,0.5060802698135376,False
62608.805086,415,58,62608.7301525,88.00950000295416,2.924995631524604,2.5417027473449707,0.4728297293186188,2.5417027473449707,0.4728297293186188,False
62608.837033,416,59,62608.822113500006,80.11449999321485,2.0278544667302327,2.2482545375823975,0.3234111964702606,2.2482545375823975,0.3234111964702606,False
62608.869302,417,59,62608.822113500006,80.11449999321485,2.0278544667302327,2.4185030460357666,0.1453985869884491,2.4185030460357666,0.1453985869884491,False
62609.037133,422,60,62609.024189,84.04599999630591,2.9315686404639,1.6709063053131104,0.44312989711761475,1.6709063053131104,0.44312989711761475,False
62609.073188,423,60,62609.024189,84.04599999630591,2.9315686404639,1.658500075340271,0.4093186855316162,1.658500075340271,0.4093186855316162,False
62609.105207,424,60,62609.024189,84.04599999630591,2.9315686404639,1.5730037689208984,0.45578742027282715,1.5730037689208984,0.45578742027282715,False
62609.105207,424,61,62609.114272499995,108.01950000313809,2.712773654328331,1.6898787021636963,0.46945276856422424,1.6898787021636963,0.46945276856422424,False
62609.137197000004,425,61,62609.114272499995,108.01950000313809,2.712773654328331,1.6673117876052856,0.4577289819717407,1.6673117876052856,0.4577289819717407,False
62609.173187,426,61,62609.114272499995,108.01950000313809,2.712773654328331,1.6405402421951294,0.4533810615539551,1.6405402421951294,0.4533810615539551,False
62609.206066,427,61,62609.114272499995,108.01950000313809,2.712773654328331,1.6201039552688599,0.44942671060562134,1.6201039552688599,0.44942671060562134,False
62609.241227,428,62,62609.226206499996,217.9805000050692,2.038951135100435,1.679796576499939,0.46297356486320496,1.679796576499939,0.46297356486320496,False
62609.273194,429,62,62609.226206499996,217.9805000050692,2.038951135100435,1.6666754484176636,0.4598970413208008,1.6666754484176636,0.4598970413208008,False
62609.305213,430,62,62609.226206499996,217.9805000050692,2.038951135100435,1.6573864221572876,0.4563610851764679,1.6573864221572876,0.4563610851764679,False
62609.341394,431,62,62609.226206499996,217.9805000050692,2.038951135100435,1.6558232307434082,0.4509033262729645,1.6558232307434082,0.4509033262729645,False
62609.373163000004,432,62,62609.226206499996,217.9805000050692,2.038951135100435,1.6680448055267334,0.4422796964645386,1.6680448055267334,0.4422796964645386,False
62609.409193,433,62,62609.226206499996,217.9805000050692,2.038951135100435,1.6756185293197632,0.44350072741508484,1.6756185293197632,0.44350072741508484,False
62609.441191,434,62,62609.226206499996,217.9805000050692,2.038951135100435,1.7327622175216675,0.4042432904243469,1.7327622175216675,0.4042432904243469,False
62609.509116,436,63,62609.520848,121.39450000540819,2.8486103805329654,1.7637304067611694,0.23774221539497375,1.7637304067611694,0.23774221539497375,False
62609.541214,437,63,62609.520848,121.39450000540819,2.8486103805329654,1.64990234375,0.31411537528038025,1.64990234375,0.31411537528038025,False
62609.573158,438,63,62609.520848,121.39450000540819,2.8486103805329654,1.5843769311904907,0.3358749747276306,1.5843769311904907,0.3358749747276306,False
62609.60926,439,63,62609.520848,121.39450000540819,2.8486103805329654,1.5492480993270874,0.31647759675979614,1.5492480993270874,0.31647759675979614,False
62609.641308,440,63,62609.520848,121.39450000540819,2.8486103805329654,1.482065200805664,0.28671491146087646,1.482065200805664,0.28671491146087646,False
62609.641308,440,64,62609.646186,217.96599999652244,1.1826195032764917,1.5610156059265137,0.28765958547592163,1.5610156059265137,0.28765958547592163,False
62609.677087000004,441,64,62609.646186,217.96599999652244,1.1826195032764917,1.550881266593933,0.2838805913925171,1.550881266593933,0.2838805913925171,False
62609.709118,442,64,62609.646186,217.96599999652244,1.1826195032764917,1.2900047302246094,0.31544286012649536,1.2900047302246094,0.31544286012649536,False
62609.741258,443,64,62609.646186,217.96599999652244,1.1826195032764917,1.277300238609314,0.311257541179657,1.277300238609314,0.311257541179657,False
62609.777205,444,64,62609.646186,217.96599999652244,1.1826195032764917,1.507872462272644,0.2738383114337921,1.507872462272644,0.2738383114337921,False
62609.809151,445,64,62609.646186,217.96599999652244,1.1826195032764917,1.5012613534927368,0.2737062871456146,1.5012613534927368,0.2737062871456146,False
62609.841173,446,64,62609.646186,217.96599999652244,1.1826195032764917,1.500243902206421,0.27203360199928284,1.500243902206421,0.27203360199928284,False
62609.877086,447,64,62609.646186,217.96599999652244,1.1826195032764917,1.5540082454681396,0.29748472571372986,1.5540082454681396,0.29748472571372986,False
62609.877086,447,65,62609.870227499996,183.955500004231,2.5477204563655795,1.5341057777404785,0.29210177063941956,1.5341057777404785,0.29210177063941956,False
62609.909749,448,65,62609.870227499996,183.955500004231,2.5477204563655795,1.5445164442062378,0.29167279601097107,1.5445164442062378,0.29167279601097107,False
62609.945063,449,65,62609.870227499996,183.955500004231,2.5477204563655795,1.5640445947647095,0.29212772846221924,1.5640445947647095,0.29212772846221924,False
62609.977196,450,65,62609.870227499996,183.955500004231,2.5477204563655795,1.5919722318649292,0.2954696714878082,1.5919722318649292,0.2954696714878082,False
62610.00917,451,65,62609.870227499996,183.955500004231,2.5477204563655795,1.1888787746429443,0.38323894143104553,1.1888787746429443,0.38323894143104553,False
62610.045253000004,452,65,62609.870227499996,183.955500004231,2.5477204563655795,1.375412940979004,-0.021435309201478958,1.375412940979004,-0.021435309201478958,False
62611.853073,506,72,62611.852233,103.92900000442751,2.746129931711657,2.283916473388672,0.5251594185829163,2.283916473388672,0.5251594185829163,False
62611.885142,507,72,62611.852233,103.92900000442751,2.746129931711657,2.4228107929229736,0.3226694166660309,2.4228107929229736,0.3226694166660309,False
62611.921123,508,72,62611.852233,103.92900000442751,2.746129931711657,2.3005282878875732,0.3706449866294861,2.3005282878875732,0.3706449866294861,False
62611.953097,509,72,62611.852233,103.92900000442751,2.746129931711657,2.4978275299072266,0.1978805512189865,2.4978275299072266,0.1978805512189865,False
62612.153191,515,73,62612.140206000004,81.9294999964768,2.7225270513572934,1.694834589958191,0.4111805558204651,1.694834589958191,0.4111805558204651,False
62612.189253,516,73,62612.140206000004,81.9294999964768,2.7225270513572934,1.5977710485458374,0.4021300971508026,1.5977710485458374,0.4021300971508026,False
62612.221593,517,73,62612.140206000004,81.9294999964768,2.7225270513572934,1.5159162282943726,0.43145155906677246,1.5159162282943726,0.43145155906677246,False
62612.221593,517,74,62612.226168,87.99400000134483,2.940260901741432,1.6229729652404785,0.4410254657268524,1.6229729652404785,0.4410254657268524,False
62612.2571,518,74,62612.226168,87.99400000134483,2.940260901741432,1.5946707725524902,0.4399130046367645,1.5946707725524902,0.4399130046367645,False
62612.291665,519,74,62612.226168,87.99400000134483,2.940260901741432,1.5641276836395264,0.4470096826553345,1.5641276836395264,0.4470096826553345,False
62612.323447,520,74,62612.226168,87.99400000134483,2.940260901741432,1.5640132427215576,0.4440121054649353,1.5640132427215576,0.4440121054649353,False
62612.323447,520,75,62612.3181945,215.92799999780254,1.886946914776243,1.684191346168518,0.4366954267024994,1.684191346168518,0.4366954267024994,False
62612.357112,521,75,62612.3181945,215.92799999780254,1.886946914776243,1.6643108129501343,0.44439324736595154,1.6643108129501343,0.44439324736595154,False
62612.389183,522,75,62612.3181945,215.92799999780254,1.886946914776243,1.6639678478240967,0.4428502917289734,1.6639678478240967,0.4428502917289734,False
62612.425186,523,75,62612.3181945,215.92799999780254,1.886946914776243,1.6882030963897705,0.4351942241191864,1.6882030963897705,0.4351942241191864,False
62612.459167,524,75,62612.3181945,215.92799999780254,1.886946914776243,1.6896281242370605,0.4326031804084778,1.6896281242370605,0.4326031804084778,False
62612.491577,525,75,62612.3181945,215.92799999780254,1.886946914776243,1.6792224645614624,0.4222906827926636,1.6792224645614624,0.4222906827926636,False
62612.525233,526,75,62612.3181945,215.92799999780254,1.886946914776243,1.7290370464324951,0.39769771695137024,1.7290370464324951,0.39769771695137024,False
62612.525233,526,76,62612.540082,120.10700000246288,2.568133669586068,1.7909826040267944,0.3928837180137634,1.7909826040267944,0.3928837180137634,False
62612.560549,527,76,62612.540082,120.10700000246288,2.568133669586068,1.688637614250183,0.3990720510482788,1.688637614250183,0.3990720510482788,False
62612.596251,528,76,62612.540082,120.10700000246288,2.568133669586068,1.6730058193206787,0.3987358510494232,1.6730058193206787,0.3987358510494232,False
62612.632444,529,76,62612.540082,120.10700000246288,2.568133669586068,1.6170382499694824,0.3684030771255493,1.6170382499694824,0.3684030771255493,False
62612.666826,530,76,62612.540082,120.10700000246288,2.568133669586068,1.599104881286621,0.36719202995300293,1.599104881286621,0.36719202995300293,False
62612.666826,530,77,62612.668189,219.97999999439344,2.5713301749615556,1.6862901449203491,0.3464829921722412,1.6862901449203491,0.3464829921722412,False
62612.700222,531,77,62612.668189,219.97999999439344,2.5713301749615556,1.6744171380996704,0.34492138028144836,1.6744171380996704,0.34492138028144836,False
62612.734346,532,77,62612.668189,219.97999999439344,2.5713301749615556,1.6611182689666748,0.3454216420650482,1.6611182689666748,0.3454216420650482,False
62612.766638,533,77,62612.668189,219.97999999439344,2.5713301749615556,1.6359941959381104,0.3540523052215576,1.6359941959381104,0.3540523052215576,False
62612.800176,534,77,62612.668189,219.97999999439344,2.5713301749615556,1.672648549079895,0.3827074468135834,1.672648549079895,0.3827074468135834,False
62612.834513,535,77,62612.668189,219.97999999439344,2.5713301749615556,1.6774429082870483,0.379639595746994,1.6774429082870483,0.379639595746994,False
62612.869036000004,536,77,62612.668189,219.97999999439344,2.5713301749615556,1.6779170036315918,0.3786044418811798,1.6779170036315918,0.3786044418811798,False
62612.904432,537,77,62612.668189,219.97999999439344,2.5713301749615556,1.677460789680481,0.3769010603427887,1.677460789680481,0.3769010603427887,False
62612.904432,537,78,62612.902981,133.44099999812897,1.1970478159147,1.7502317428588867,0.3631306290626526,1.7502317428588867,0.3631306290626526,False
62612.94036,538,78,62612.902981,133.44099999812897,1.1970478159147,1.738438367843628,0.3660866618156433,1.738438367843628,0.3660866618156433,False
62612.977198,539,78,62612.902981,133.44099999812897,1.1970478159147,1.7495887279510498,0.35845059156417847,1.7495887279510498,0.35845059156417847,False
62613.011152,540,78,62612.902981,133.44099999812897,1.1970478159147,1.7503429651260376,0.3579659163951874,1.7503429651260376,0.3579659163951874,False
62613.044008,541,78,62612.902981,133.44099999812897,1.1970478159147,1.7534445524215698,0.3574211895465851,1.7534445524215698,0.3574211895465851,False
62613.077496,542,79,62613.0644745,217.69249999488238,1.730904058469522,1.7445242404937744,0.4428841769695282,1.7445242404937744,0.4428841769695282,False
62613.10993,543,79,62613.0644745,217.69249999488238,1.730904058469522,1.7403614521026611,0.4468720853328705,1.7403614521026611,0.4468720853328705,False
62613.143681,544,79,62613.0644745,217.69249999488238,1.730904058469522,1.758152723312378,0.4407249093055725,1.758152723312378,0.4407249093055725,False
62613.176121,545,79,62613.0644745,217.69249999488238,1.730904058469522,1.7690132856369019,0.4405740797519684,1.7690132856369019,0.4405740797519684,False
62613.208014,546,79,62613.0644745,217.69249999488238,1.730904058469522,1.785468578338623,0.4418071210384369,1.785468578338623,0.4418071210384369,False
62613.23803,547,79,62613.0644745,217.69249999488238,1.730904058469522,1.8105595111846924,0.4386531114578247,1.8105595111846924,0.4386531114578247,False
62613.270682,548,79,62613.0644745,217.69249999488238,1.730904058469522,1.8382796049118042,0.43461278080940247,1.8382796049118042,0.43461278080940247,False
62613.300275,549,80,62613.286177500006,135.9554999944521,2.7577429510846296,1.782778024673462,0.42926380038261414,1.782778024673462,0.42926380038261414,False
62613.329223,550,80,62613.286177500006,135.9554999944521,2.7577429510846296,1.812227725982666,0.440059095621109,1.812227725982666,0.440059095621109,False
62613.361036,551,80,62613.286177500006,135.9554999944521,2.7577429510846296,1.856179118156433,0.45151349902153015,1.856179118156433,0.45151349902153015,False
62613.393023,552,80,62613.286177500006,135.9554999944521,2.7577429510846296,1.5160610675811768,0.5086610913276672,1.5160610675811768,0.5086610913276672,False
62615.337136,610,87,62615.346036,80.02249999844935,2.9873200268202584,1.1753262281417847,0.5770409107208252,1.1753262281417847,0.5770409107208252,False
62615.373116,611,87,62615.346036,80.02249999844935,2.9873200268202584,1.1575785875320435,0.5347320437431335,1.1575785875320435,0.5347320437431335,False
62615.405766,612,87,62615.346036,80.02249999844935,2.9873200268202584,1.2393736839294434,0.5042089223861694,1.2393736839294434,0.5042089223861694,False
62615.438144,613,87,62615.346036,80.02249999844935,2.9873200268202584,1.4213441610336304,0.4940979778766632,1.4213441610336304,0.4940979778766632,False
62615.438144,613,88,62615.430051999996,218.18050000001676,2.7938090239081217,1.5692566633224487,0.5033136010169983,1.5692566633224487,0.5033136010169983,False
62615.47318,614,88,62615.430051999996,218.18050000001676,2.7938090239081217,1.5587127208709717,0.49980154633522034,1.5587127208709717,0.49980154633522034,False
62615.507416,615,88,62615.430051999996,218.18050000001676,2.7938090239081217,1.5499094724655151,0.49797528982162476,1.5499094724655151,0.49797528982162476,False
62615.541125,616,88,62615.430051999996,218.18050000001676,2.7938090239081217,1.53827702999115,0.5004478096961975,1.53827702999115,0.5004478096961975,False
62615.573636,617,88,62615.430051999996,218.18050000001676,2.7938090239081217,1.5307751893997192,0.5027000904083252,1.5307751893997192,0.5027000904083252,False
62615.607161,618,88,62615.430051999996,218.18050000001676,2.7938090239081217,1.523913860321045,0.5043900609016418,1.523913860321045,0.5043900609016418,False
62615.641178,619,88,62615.430051999996,218.18050000001676,2.7938090239081217,1.5513057708740234,0.53864586353302,1.5513057708740234,0.53864586353302,False
62615.641178,619,89,62615.652214,217.93050000269432,1.1666187551979914,1.564204216003418,0.5404531955718994,1.564204216003418,0.5404531955718994,False
62615.673171,620,89,62615.652214,217.93050000269432,1.1666187551979914,1.5632522106170654,0.538557767868042,1.5632522106170654,0.538557767868042,False
62615.709077,621,89,62615.652214,217.93050000269432,1.1666187551979914,1.5657305717468262,0.5356038212776184,1.5657305717468262,0.5356038212776184,False
62615.743461,622,89,62615.652214,217.93050000269432,1.1666187551979914,1.5656756162643433,0.5362391471862793,1.5656756162643433,0.5362391471862793,False
62615.777169,623,89,62615.652214,217.93050000269432,1.1666187551979914,1.5620784759521484,0.5395027995109558,1.5620784759521484,0.5395027995109558,False
62615.80923,624,89,62615.652214,217.93050000269432,1.1666187551979914,1.5663893222808838,0.5367934703826904,1.5663893222808838,0.5367934703826904,False
62615.84341,625,89,62615.652214,217.93050000269432,1.1666187551979914,1.569018006324768,0.5355313420295715,1.569018006324768,0.5355313420295715,False
62615.876995,626,89,62615.652214,217.93050000269432,1.1666187551979914,1.575361967086792,0.5333037972450256,1.575361967086792,0.5333037972450256,False
62615.876995,626,90,62615.874132,216.04100000695325,2.8781159592098153,1.5414031744003296,0.540495753288269,1.5414031744003296,0.540495753288269,False
62615.909017,627,90,62615.874132,216.04100000695325,2.8781159592098153,1.551132321357727,0.5387586355209351,1.551132321357727,0.5387586355209351,False
62615.941282,628,90,62615.874132,216.04100000695325,2.8781159592098153,1.5664201974868774,0.5354269742965698,1.5664201974868774,0.5354269742965698,False
62615.97696,629,90,62615.874132,216.04100000695325,2.8781159592098153,1.5856947898864746,0.5292373895645142,1.5856947898864746,0.5292373895645142,False
62616.009144,630,90,62615.874132,216.04100000695325,2.8781159592098153,1.6314687728881836,0.507786214351654,1.6314687728881836,0.507786214351654,False
62616.041183,631,90,62615.874132,216.04100000695325,2.8781159592098153,1.9214088916778564,0.39525023102760315,1.9214088916778564,0.39525023102760315,False
62616.077181,632,90,62615.874132,216.04100000695325,2.8781159592098153,1.3664931058883667,0.5787174105644226,1.3664931058883667,0.5787174105644226,False
62617.517031,675,95,62617.522187,135.99149999936344,2.9673213382983796,0.7250047326087952,0.37803295254707336,0.7250047326087952,0.37803295254707336,True
62617.54924,676,95,62617.522187,135.99149999936344,2.9673213382983796,0.6937476396560669,0.3609781861305237,0.6937476396560669,0.3609781861305237,True
62617.585182,677,95,62617.522187,135.99149999936344,2.9673213382983796,0.679803192615509,0.35191693902015686,0.679803192615509,0.35191693902015686,True
62617.61725,678,95,62617.522187,135.99149999936344,2.9673213382983796,0.6987192630767822,0.3422529995441437,0.6987192630767822,0.3422529995441437,True
62617.65032,679,95,62617.522187,135.99149999936344,2.9673213382983796,0.7070642709732056,0.33606407046318054,0.7070642709732056,0.33606407046318054,True
62617.65032,679,96,62617.6641955,209.98900000267895,2.6540615921834076,0.790549099445343,0.3006899356842041,0.790549099445343,0.3006899356842041,True
62617.685097,680,96,62617.6641955,209.98900000267895,2.6540615921834076,0.7989624738693237,0.29837727546691895,0.7989624738693237,0.29837727546691895,True
62617.717031,681,96,62617.6641955,209.98900000267895,2.6540615921834076,0.7898574471473694,0.3011326193809509,0.7898574471473694,0.3011326193809509,True
62617.753116,682,96,62617.6641955,209.98900000267895,2.6540615921834076,0.7962691187858582,0.3025903105735779,0.7962691187858582,0.3025903105735779,True
62617.785854,683,96,62617.6641955,209.98900000267895,2.6540615921834076,0.8065467476844788,0.30623188614845276,0.8065467476844788,0.30623188614845276,True
62617.817165,684,96,62617.6641955,209.98900000267895,2.6540615921834076,0.8302749991416931,0.312924861907959,0.8302749991416931,0.312924861907959,True
62617.85307,685,96,62617.6641955,209.98900000267895,2.6540615921834076,0.8786001801490784,0.32668620347976685,0.8786001801490784,0.32668620347976685,True
62618.961426,718,98,62618.954920000004,131.23199999972712,2.8888453603960316,1.5278959274291992,0.5516361594200134,1.5278959274291992,0.5516361594200134,False
62618.994079000004,719,98,62618.954920000004,131.23199999972712,2.8888453603960316,1.494078278541565,0.5741307139396667,1.494078278541565,0.5741307139396667,False
62619.027958,720,98,62618.954920000004,131.23199999972712,2.8888453603960316,1.474724531173706,0.5807172060012817,1.474724531173706,0.5807172060012817,False
62619.06115,721,98,62618.954920000004,131.23199999972712,2.8888453603960316,1.459609031677246,0.586854100227356,1.459609031677246,0.586854100227356,False
62619.093488,722,98,62618.954920000004,131.23199999972712,2.8888453603960316,1.4479776620864868,0.5936682224273682,1.4479776620864868,0.5936682224273682,False
62619.093488,722,99,62619.092241000006,217.9299999916111,1.9383977032588389,1.5226600170135498,0.5488148927688599,1.5226600170135498,0.5488148927688599,False
62619.127771,723,99,62619.092241000006,217.9299999916111,1.9383977032588389,1.5122779607772827,0.5558269023895264,1.5122779607772827,0.5558269023895264,False
62619.16196,724,99,62619.092241000006,217.9299999916111,1.9383977032588389,1.505478858947754,0.562394917011261,1.505478858947754,0.562394917011261,False
62619.196402,725,99,62619.092241000006,217.9299999916111,1.9383977032588389,1.4925591945648193,0.5709344744682312,1.4925591945648193,0.5709344744682312,False
62619.230916,726,99,62619.092241000006,217.9299999916111,1.9383977032588389,1.4882481098175049,0.5742902755737305,1.4882481098175049,0.5742902755737305,False
62619.264239000004,727,99,62619.092241000006,217.9299999916111,1.9383977032588389,1.4688997268676758,0.5673353672027588,1.4688997268676758,0.5673353672027588,False
62619.298323,728,99,62619.092241000006,217.9299999916111,1.9383977032588389,1.4672291278839111,0.5677074193954468,1.4672291278839111,0.5677074193954468,False
62619.298323,728,100,62619.3141815,216.0054999985732,0.5126480412520397,1.4751386642456055,0.5487712621688843,1.4751386642456055,0.5487712621688843,False
62619.332226,729,100,62619.3141815,216.0054999985732,0.5126480412520397,1.4834085702896118,0.5416431427001953,1.4834085702896118,0.5416431427001953,False
62619.367915,730,100,62619.3141815,216.0054999985732,0.5126480412520397,1.48373544216156,0.5423535108566284,1.48373544216156,0.5423535108566284,False
62619.40323,731,100,62619.3141815,216.0054999985732,0.5126480412520397,1.4867619276046753,0.5407631993293762,1.4867619276046753,0.5407631993293762,False
62619.435463,732,100,62619.3141815,216.0054999985732,0.5126480412520397,1.4853074550628662,0.539653480052948,1.4853074550628662,0.539653480052948,False
62619.467692,733,100,62619.3141815,216.0054999985732,0.5126480412520397,1.4852651357650757,0.5377345085144043,1.4852651357650757,0.5377345085144043,False
62619.500533,734,100,62619.3141815,216.0054999985732,0.5126480412520397,1.4864572286605835,0.535090982913971,1.4864572286605835,0.535090982913971,False
62619.534793,735,100,62619.3141815,216.0054999985732,0.5126480412520397,1.4874927997589111,0.5333658456802368,1.4874927997589111,0.5333658456802368,False
62619.534793,735,101,62619.534184000004,219.88999999302905,0.8546061845148654,1.4917396306991577,0.537743330001831,1.4917396306991577,0.537743330001831,False
62619.570002,736,101,62619.534184000004,219.88999999302905,0.8546061845148654,1.4919254779815674,0.5366790294647217,1.4919254779815674,0.5366790294647217,False
62619.601971000004,737,101,62619.534184000004,219.88999999302905,0.8546061845148654,1.491830587387085,0.5366715788841248,1.491830587387085,0.5366715788841248,False
62619.636101000004,738,101,62619.534184000004,219.88999999302905,0.8546061845148654,1.491568922996521,0.5367004871368408,1.491568922996521,0.5367004871368408,False
62619.668767,739,101,62619.534184000004,219.88999999302905,0.8546061845148654,1.4919166564941406,0.5360643267631531,1.4919166564941406,0.5360643267631531,False
62619.701596,740,101,62619.534184000004,219.88999999302905,0.8546061845148654,1.493404507637024,0.5353441834449768,1.493404507637024,0.5353441834449768,False
62619.735822,741,101,62619.534184000004,219.88999999302905,0.8546061845148654,1.4948426485061646,0.5356597900390625,1.4948426485061646,0.5356597900390625,False
62619.768229,742,101,62619.534184000004,219.88999999302905,0.8546061845148654,1.5010640621185303,0.53603595495224,1.5010640621185303,0.53603595495224,False
62619.768229,742,102,62619.7580515,156.110500000068,2.627967194460357,1.488603949546814,0.5297290682792664,1.488603949546814,0.5297290682792664,False
62619.799434,743,102,62619.7580515,156.110500000068,2.627967194460357,1.5003483295440674,0.5314972400665283,1.5003483295440674,0.5314972400665283,False
62619.832757000004,744,102,62619.7580515,156.110500000068,2.627967194460357,1.523024082183838,0.523223340511322,1.523024082183838,0.523223340511322,False
62619.864636,745,102,62619.7580515,156.110500000068,2.627967194460357,1.5659408569335938,0.5284721851348877,1.5659408569335938,0.5284721851348877,False
62619.897443,746,102,62619.7580515,156.110500000068,2.627967194460357,1.3147028684616089,0.5781031847000122,1.3147028684616089,0.5781031847000122,False
62621.201164,785,106,62621.2002045,93.95799999765586,2.79030211658983,1.2149592638015747,0.5401688814163208,1.2149592638015747,0.5401688814163208,False
62621.237009,786,106,62621.2002045,93.95799999765586,2.79030211658983,1.1894501447677612,0.539602518081665,1.1894501447677612,0.539602518081665,False
62621.269509,787,106,62621.2002045,93.95799999765586,2.79030211658983,1.3385258913040161,0.5405563116073608,1.3385258913040161,0.5405563116073608,False
62621.305101,788,106,62621.2002045,93.95799999765586,2.79030211658983,1.3542718887329102,0.5761046409606934,1.3542718887329102,0.5761046409606934,False
62621.305101,788,107,62621.2981085,172.10350000095787,2.8635270892526954,1.4273014068603516,0.5282827019691467,1.4273014068603516,0.5282827019691467,False
62621.338788,789,107,62621.2981085,172.10350000095787,2.8635270892526954,1.4508651494979858,0.5500107407569885,1.4508651494979858,0.5500107407569885,False
62621.371138,790,107,62621.2981085,172.10350000095787,2.8635270892526954,1.4814543724060059,0.5613549947738647,1.4814543724060059,0.5613549947738647,False
62621.405162,791,107,62621.2981085,172.10350000095787,2.8635270892526954,1.5674554109573364,0.5561070442199707,1.5674554109573364,0.5561070442199707,False
62621.437223,792,107,62621.2981085,172.10350000095787,2.8635270892526954,1.9278590679168701,0.3979807496070862,1.9278590679168701,0.3979807496070862,False
62622.577067,826,109,62622.562206,99.9080000037793,2.990689157361511,0.41884759068489075,0.3499699532985687,0.41884759068489075,0.3499699532985687,True
62622.609178,827,109,62622.562206,99.9080000037793,2.990689157361511,0.3970438241958618,0.34203651547431946,0.3970438241958618,0.34203651547431946,True
62622.645088,828,109,62622.562206,99.9080000037793,2.990689157361511,0.3827647268772125,0.3375398814678192,0.3827647268772125,0.3375398814678192,True
62622.677019,829,109,62622.562206,99.9080000037793,2.990689157361511,0.3788795471191406,0.333699107170105,0.3788795471191406,0.333699107170105,True
62622.677019,829,110,62622.6861455,180.02449999039527,2.9680674197505623,0.3733574151992798,0.28883087635040283,0.3733574151992798,0.28883087635040283,True
62622.709065,830,110,62622.6861455,180.02449999039527,2.9680674197505623,0.37074294686317444,0.28675219416618347,0.37074294686317444,0.28675219416618347,True
62622.745188,831,110,62622.6861455,180.02449999039527,2.9680674197505623,0.3773839771747589,0.28700798749923706,0.3773839771747589,0.28700798749923706,True
62622.777868,832,110,62622.6861455,180.02449999039527,2.9680674197505623,0.3857976198196411,0.2921256124973297,0.3857976198196411,0.2921256124973297,True
62622.812996,833,110,62622.6861455,180.02449999039527,2.9680674197505623,0.409805029630661,0.293527215719223,0.409805029630661,0.293527215719223,True
62622.845152,834,110,62622.6861455,180.02449999039527,2.9680674197505623,0.43946999311447144,0.3000434637069702,0.43946999311447144,0.3000434637069702,True
62622.877424,835,110,62622.6861455,180.02449999039527,2.9680674197505623,0.48476243019104004,0.31942543387413025,0.48476243019104004,0.31942543387413025,True
62623.045048,840,111,62623.0061755,83.97100000001956,2.7378924680312386,1.7115495204925537,0.484413206577301,1.7115495204925537,0.484413206577301,False
62623.081143,841,111,62623.0061755,83.97100000001956,2.7378924680312386,1.8884353637695312,0.5738521218299866,1.8884353637695312,0.5738521218299866,False
62623.114362,842,112,62623.098165999996,83.97750000585802,2.7315516707399023,1.7742116451263428,0.5600670576095581,1.7742116451263428,0.5600670576095581,False
62623.145403,843,112,62623.098165999996,83.97750000585802,2.7315516707399023,1.8171454668045044,0.562035858631134,1.8171454668045044,0.562035858631134,False
62623.181094,844,112,62623.098165999996,83.97750000585802,2.7315516707399023,1.866644263267517,0.5533487796783447,1.866644263267517,0.5533487796783447,False
62623.181094,844,113,62623.1861315,163.89100000378676,2.948096057598049,1.7335500717163086,0.5723015069961548,1.7335500717163086,0.5723015069961548,False
62623.214968,845,113,62623.1861315,163.89100000378676,2.948096057598049,1.7631362676620483,0.5689984560012817,1.7631362676620483,0.5689984560012817,False
62623.250024,846,113,62623.1861315,163.89100000378676,2.948096057598049,1.790390133857727,0.566491961479187,1.790390133857727,0.566491961479187,False
62623.28443,847,113,62623.1861315,163.89100000378676,2.948096057598049,1.8127317428588867,0.5666155219078064,1.8127317428588867,0.5666155219078064,False
62623.319267,848,113,62623.1861315,163.89100000378676,2.948096057598049,1.8308998346328735,0.5708720684051514,1.8308998346328735,0.5708720684051514,False
62623.356482,849,113,62623.1861315,163.89100000378676,2.948096057598049,1.7952569723129272,0.5781012177467346,1.7952569723129272,0.5781012177467346,False
62623.356482,849,114,62623.3541205,159.99700000247685,2.9227615732804924,1.6996371746063232,0.5702150464057922,1.6996371746063232,0.5702150464057922,False
62623.390559,850,114,62623.3541205,159.99700000247685,2.9227615732804924,1.7052253484725952,0.5823865532875061,1.7052253484725952,0.5823865532875061,False
62623.423209,851,114,62623.3541205,159.99700000247685,2.9227615732804924,1.7104164361953735,0.5920464396476746,1.7104164361953735,0.5920464396476746,False
62623.455244,852,114,62623.3541205,159.99700000247685,2.9227615732804924,1.725512146949768,0.6111278533935547,1.725512146949768,0.6111278533935547,False
62623.486085,853,114,62623.3541205,159.99700000247685,2.9227615732804924,1.7563484907150269,0.62003493309021,1.7563484907150269,0.62003493309021,False
62623.517736,854,114,62623.3541205,159.99700000247685,2.9227615732804924,1.7406615018844604,0.627531111240387,1.7406615018844604,0.627531111240387,False
62623.517736,854,115,62623.518104999996,219.9940000064089,2.644748503262599,1.6640632152557373,0.5868893265724182,1.6640632152557373,0.5868893265724182,False
62623.549168,855,115,62623.518104999996,219.9940000064089,2.644748503262599,1.492148756980896,0.5561556220054626,1.492148756980896,0.5561556220054626,False
62623.582856,856,115,62623.518104999996,219.9940000064089,2.644748503262599,1.7467882633209229,0.5559060573577881,1.7467882633209229,0.5559060573577881,False
62623.617096,857,115,62623.518104999996,219.9940000064089,2.644748503262599,1.8952207565307617,0.5059493184089661,1.8952207565307617,0.5059493184089661,False
62623.649774,858,115,62623.518104999996,219.9940000064089,2.644748503262599,1.9180437326431274,0.5133764743804932,1.9180437326431274,0.5133764743804932,False
62623.683644,859,115,62623.518104999996,219.9940000064089,2.644748503262599,1.8015154600143433,0.5782539248466492,1.8015154600143433,0.5782539248466492,False
62623.716972,860,115,62623.518104999996,219.9940000064089,2.644748503262599,1.8112576007843018,0.5840392708778381,1.8112576007843018,0.5840392708778381,False
62623.749259000004,861,115,62623.518104999996,219.9940000064089,2.644748503262599,1.8209120035171509,0.5868158340454102,1.8209120035171509,0.5868158340454102,False
62623.749259000004,861,116,62623.742092,215.97449999535456,0.8984053176875361,1.7430377006530762,0.5498636364936829,1.7430377006530762,0.5498636364936829,False
62623.78497,862,116,62623.742092,215.97449999535456,0.8984053176875361,1.88287353515625,0.49000442028045654,1.88287353515625,0.49000442028045654,False
62623.818039,863,116,62623.742092,215.97449999535456,0.8984053176875361,1.756776213645935,0.5552650094032288,1.756776213645935,0.5552650094032288,False
62623.8503,864,116,62623.742092,215.97449999535456,0.8984053176875361,1.7602696418762207,0.5529361963272095,1.7602696418762207,0.5529361963272095,False
62623.885008,865,116,62623.742092,215.97449999535456,0.8984053176875361,1.8999888896942139,0.4813775420188904,1.8999888896942139,0.4813775420188904,False
62623.917867000004,866,116,62623.742092,215.97449999535456,0.8984053176875361,1.899746060371399,0.47649839520454407,1.899746060371399,0.47649839520454407,False
62623.950867,867,116,62623.742092,215.97449999535456,0.8984053176875361,1.8912564516067505,0.47617772221565247,1.8912564516067505,0.47617772221565247,False
62623.950867,867,117,62623.9641175,118.07949999638367,1.157686521318324,1.859620213508606,0.4808726906776428,1.859620213508606,0.4808726906776428,False
62623.984973,868,117,62623.9641175,118.07949999638367,1.157686521318324,1.7276145219802856,0.5428076982498169,1.7276145219802856,0.5428076982498169,False
62624.01786,869,117,62623.9641175,118.07949999638367,1.157686521318324,1.862489938735962,0.4723846912384033,1.862489938735962,0.4723846912384033,False
62624.052975,870,117,62623.9641175,118.07949999638367,1.157686521318324,1.8603909015655518,0.4710387587547302,1.8603909015655518,0.4710387587547302,False
62624.086347,871,117,62623.9641175,118.07949999638367,1.157686521318324,1.696732521057129,0.5470144748687744,1.696732521057129,0.5470144748687744,False
62624.118624,872,118,62624.103691,218.49650000513066,1.7612487669118144,2.0923218727111816,0.4297276735305786,2.0923218727111816,0.4297276735305786,False
62624.15312,873,118,62624.103691,218.49650000513066,1.7612487669118144,1.9243685007095337,0.5065058469772339,1.9243685007095337,0.5065058469772339,False
62624.18501,874,118,62624.103691,218.49650000513066,1.7612487669118144,2.105039596557617,0.42643308639526367,2.105039596557617,0.42643308639526367,False
62624.218203,875,118,62624.103691,218.49650000513066,1.7612487669118144,2.1043200492858887,0.42854979634284973,2.1043200492858887,0.42854979634284973,False
62624.253084,876,118,62624.103691,218.49650000513066,1.7612487669118144,1.892274260520935,0.5150454640388489,1.892274260520935,0.5150454640388489,False
62624.285054,877,118,62624.103691,218.49650000513066,1.7612487669118144,2.1024961471557617,0.4212489128112793,2.1024961471557617,0.4212489128112793,False
62624.320956,878,118,62624.103691,218.49650000513066,1.7612487669118144,2.0951459407806396,0.42980292439460754,2.0951459407806396,0.42980292439460754,False
62624.353017,879,119,62624.3673905,112.69199999514967,2.7981245600308804,1.691096305847168,0.4738193452358246,1.691096305847168,0.4738193452358246,False
62624.385583,880,119,62624.3673905,112.69199999514967,2.7981245600308804,1.6915788650512695,0.4819829761981964,1.6915788650512695,0.4819829761981964,False
62624.421075,881,119,62624.3673905,112.69199999514967,2.7981245600308804,1.7014607191085815,0.48758965730667114,1.7014607191085815,0.48758965730667114,False
62624.453368,882,119,62624.3673905,112.69199999514967,2.7981245600308804,1.778203010559082,0.5204893946647644,1.778203010559082,0.5204893946647644,False
62624.484997,883,119,62624.3673905,112.69199999514967,2.7981245600308804,1.5747756958007812,0.4051324725151062,1.5747756958007812,0.4051324725151062,False
62625.625181,917,122,62625.618059500004,92.1704999927897,2.989368075067365,0.35910946130752563,0.3654492497444153,0.35910946130752563,0.3654492497444153,True
62625.661038,918,122,62625.618059500004,92.1704999927897,2.989368075067365,0.33434104919433594,0.35191333293914795,0.33434104919433594,0.35191333293914795,True
62625.693587,919,122,62625.618059500004,92.1704999927897,2.989368075067365,0.32320156693458557,0.3446728587150574,0.32320156693458557,0.3446728587150574,True
62625.725343,920,122,62625.618059500004,92.1704999927897,2.989368075067365,0.31976959109306335,0.3440825939178467,0.31976959109306335,0.3440825939178467,True
62625.725343,920,123,62625.714207,219.97099999862257,1.8200214223378721,0.33717045187950134,0.3566494584083557,0.33717045187950134,0.3566494584083557,True
62625.760999,921,123,62625.714207,219.97099999862257,1.8200214223378721,0.3381287753582001,0.35872942209243774,0.3381287753582001,0.35872942209243774,True
62625.792968,922,123,62625.714207,219.97099999862257,1.8200214223378721,0.3498976528644562,0.35810190439224243,0.3498976528644562,0.35810190439224243,True
62625.828953000004,923,123,62625.714207,219.97099999862257,1.8200214223378721,0.3662477433681488,0.3599035441875458,0.3662477433681488,0.3599035441875458,True
62625.861471000004,924,123,62625.714207,219.97099999862257,1.8200214223378721,0.38746803998947144,0.36376142501831055,0.38746803998947144,0.36376142501831055,True
62625.893088,925,123,62625.714207,219.97099999862257,1.8200214223378721,0.4199146330356598,0.37417078018188477,0.4199146330356598,0.37417078018188477,True
62625.929003,926,123,62625.714207,219.97099999862257,1.8200214223378721,0.4607580006122589,0.3871690332889557,0.4607580006122589,0.3871690332889557,True
62626.12916,932,124,62626.122136000005,80.09049999236595,3.0015835956025287,1.9043352603912354,0.6906332969665527,1.9043352603912354,0.6906332969665527,False
62626.161617,933,124,62626.122136000005,80.09049999236595,3.0015835956025287,1.8204259872436523,0.6420300006866455,1.8204259872436523,0.6420300006866455,False
62626.197226000004,934,124,62626.122136000005,80.09049999236595,3.0015835956025287,1.858163833618164,0.6262294054031372,1.858163833618164,0.6262294054031372,False
62626.229011,935,125,62626.240236,87.87699999811593,2.969153027256833,1.6812355518341064,0.615966796875,1.6812355518341064,0.615966796875,False
62626.262628,936,125,62626.240236,87.87699999811593,2.969153027256833,1.7372783422470093,0.6129754185676575,1.7372783422470093,0.6129754185676575,False
62626.297048,937,125,62626.240236,87.87699999811593,2.969153027256833,1.7494555711746216,0.611861526966095,1.7494555711746216,0.611861526966095,False
62626.329805,938,125,62626.240236,87.87699999811593,2.969153027256833,1.7872556447982788,0.6014826893806458,1.7872556447982788,0.6014826893806458,False
62626.329805,938,126,62626.3341555,219.9380000020028,2.162115014506173,1.6883703470230103,0.6113584637641907,1.6883703470230103,0.6113584637641907,False
62626.365033,939,126,62626.3341555,219.9380000020028,2.162115014506173,1.7097190618515015,0.6119595766067505,1.7097190618515015,0.6119595766067505,False
62626.397151,940,126,62626.3341555,219.9380000020028,2.162115014506173,1.7184456586837769,0.6220939755439758,1.7184456586837769,0.6220939755439758,False
62626.429952,941,126,62626.3341555,219.9380000020028,2.162115014506173,1.7399379014968872,0.6180338263511658,1.7399379014968872,0.6180338263511658,False
62626.465219,942,126,62626.3341555,219.9380000020028,2.162115014506173,1.7494564056396484,0.620716392993927,1.7494564056396484,0.620716392993927,False
62626.498686,943,126,62626.3341555,219.9380000020028,2.162115014506173,1.7430468797683716,0.5972063541412354,1.7430468797683716,0.5972063541412354,False
62626.533031,944,126,62626.3341555,219.9380000020028,2.162115014506173,1.7503241300582886,0.5981009006500244,1.7503241300582886,0.5981009006500244,False
62626.565137,945,126,62626.3341555,219.9380000020028,2.162115014506173,1.7360869646072388,0.6079003214836121,1.7360869646072388,0.6079003214836121,False
62626.565137,945,127,62626.5580565,216.09250000619795,2.4458875028773983,1.670553207397461,0.5950995683670044,1.670553207397461,0.5950995683670044,False
62626.599046,946,127,62626.5580565,216.09250000619795,2.4458875028773983,1.6596735715866089,0.6200655698776245,1.6596735715866089,0.6200655698776245,False
62626.633185,947,127,62626.5580565,216.09250000619795,2.4458875028773983,1.67037832736969,0.6265885829925537,1.67037832736969,0.6265885829925537,False
62626.668515,948,127,62626.5580565,216.09250000619795,2.4458875028773983,1.680692434310913,0.6340023875236511,1.680692434310913,0.6340023875236511,False
62626.702919,949,127,62626.5580565,216.09250000619795,2.4458875028773983,1.6905511617660522,0.6424230337142944,1.6905511617660522,0.6424230337142944,False
62626.735516,950,127,62626.5580565,216.09250000619795,2.4458875028773983,1.6757073402404785,0.6455869078636169,1.6757073402404785,0.6455869078636169,False
62626.768499,951,127,62626.5580565,216.09250000619795,2.4458875028773983,1.669320821762085,0.6298309564590454,1.669320821762085,0.6298309564590454,False
62626.768499,951,128,62626.7781225,218.02150000439724,1.7577348698534214,1.6030293703079224,0.6024084091186523,1.6030293703079224,0.6024084091186523,False
62626.801717,952,128,62626.7781225,218.02150000439724,1.7577348698534214,1.3903666734695435,0.5928078293800354,1.3903666734695435,0.5928078293800354,False
62626.83506,953,128,62626.7781225,218.02150000439724,1.7577348698534214,1.4028671979904175,0.5951853394508362,1.4028671979904175,0.5951853394508362,False
62626.867379,954,128,62626.7781225,218.02150000439724,1.7577348698534214,1.4059077501296997,0.6273759603500366,1.4059077501296997,0.6273759603500366,False
62626.900962,955,128,62626.7781225,218.02150000439724,1.7577348698534214,1.4746674299240112,0.6046156287193298,1.4746674299240112,0.6046156287193298,False
62626.933953,956,128,62626.7781225,218.02150000439724,1.7577348698534214,1.4840655326843262,0.6077173352241516,1.4840655326843262,0.6077173352241516,False
62626.966201,957,128,62626.7781225,218.02150000439724,1.7577348698534214,1.4922839403152466,0.6109525561332703,1.4922839403152466,0.6109525561332703,False
62627.001178,958,128,62626.7781225,218.02150000439724,1.7577348698534214,1.4980134963989258,0.6118104457855225,1.4980134963989258,0.6118104457855225,False
62627.001178,958,129,62627.000121499994,217.95200000633486,1.341702491634899,1.4366798400878906,0.598792314529419,1.4366798400878906,0.598792314529419,False
62627.034776,959,129,62627.000121499994,217.95200000633486,1.341702491634899,1.440166711807251,0.5988029837608337,1.440166711807251,0.5988029837608337,False
62627.068968,960,129,62627.000121499994,217.95200000633486,1.341702491634899,1.3822431564331055,0.6024280786514282,1.3822431564331055,0.6024280786514282,False
62627.102385,961,129,62627.000121499994,217.95200000633486,1.341702491634899,1.4502261877059937,0.6031534671783447,1.4502261877059937,0.6031534671783447,False
62627.135423,962,129,62627.000121499994,217.95200000633486,1.341702491634899,1.4148086309432983,0.6293995976448059,1.4148086309432983,0.6293995976448059,False
62627.171579,963,129,62627.000121499994,217.95200000633486,1.341702491634899,1.4260718822479248,0.6024438142776489,1.4260718822479248,0.6024438142776489,False
62627.204537,964,129,62627.000121499994,217.95200000633486,1.341702491634899,1.9781464338302612,0.49592068791389465,1.9781464338302612,0.49592068791389465,False
62627.237971,965,130,62627.22201700001,114.08149999624584,2.355796133320615,2.0081913471221924,0.5303431153297424,2.0081913471221924,0.5303431153297424,False
62627.271317,966,130,62627.22201700001,114.08149999624584,2.355796133320615,2.0576183795928955,0.5440003871917725,2.0576183795928955,0.5440003871917725,False
62627.30528,967,130,62627.22201700001,114.08149999624584,2.355796133320615,2.119960069656372,0.5590091347694397,2.119960069656372,0.5590091347694397,False
62627.336952,968,130,62627.22201700001,114.08149999624584,2.355796133320615,2.2132105827331543,0.5533509850502014,2.2132105827331543,0.5533509850502014,False
62628.80922,1012,135,62628.794187,133.99950000166427,2.4876455625154317,0.4157162308692932,0.46948137879371643,0.4157162308692932,0.46948137879371643,True
62628.844943000004,1013,135,62628.794187,133.99950000166427,2.4876455625154317,0.39759892225265503,0.46183618903160095,0.39759892225265503,0.46183618903160095,True
62628.877067,1014,135,62628.794187,133.99950000166427,2.4876455625154317,0.39316436648368835,0.4581390619277954,0.39316436648368835,0.4581390619277954,True
62628.908983,1015,135,62628.794187,133.99950000166427,2.4876455625154317,0.4046638011932373,0.45526185631752014,0.4046638011932373,0.45526185631752014,True
62628.944988,1016,135,62628.794187,133.99950000166427,2.4876455625154317,0.41552141308784485,0.45571836829185486,0.41552141308784485,0.45571836829185486,True
62628.944988,1016,136,62628.936151,201.96199999918463,2.7563885594969806,0.5839279294013977,0.4409044682979584,0.5839279294013977,0.4409044682979584,True
62628.97773,1017,136,62628.936151,201.96199999918463,2.7563885594969806,0.5950394868850708,0.44504061341285706,0.5950394868850708,0.44504061341285706,True
62629.009132,1018,136,62628.936151,201.96199999918463,2.7563885594969806,0.6108529567718506,0.44952303171157837,0.6108529567718506,0.44952303171157837,True
62629.045097,1019,136,62628.936151,201.96199999918463,2.7563885594969806,0.6295490264892578,0.4550890028476715,0.6295490264892578,0.4550890028476715,True
62629.077165,1020,136,62628.936151,201.96199999918463,2.7563885594969806,0.6509338617324829,0.45968228578567505,0.6509338617324829,0.45968228578567505,True
62629.113166,1021,136,62628.936151,201.96199999918463,2.7563885594969806,0.67839115858078,0.46745699644088745,0.67839115858078,0.46745699644088745,True
62629.145793,1022,136,62628.936151,201.96199999918463,2.7563885594969806,0.7117982506752014,0.47387468814849854,0.7117982506752014,0.47387468814849854,True
62629.245007,1025,137,62629.23237,123.75150000298163,2.9918979998030637,1.5439856052398682,0.7314627170562744,1.5439856052398682,0.7314627170562744,False
62629.276998,1026,137,62629.23237,123.75150000298163,2.9918979998030637,1.6491386890411377,0.7478309273719788,1.6491386890411377,0.7478309273719788,False
62629.313096,1027,137,62629.23237,123.75150000298163,2.9918979998030637,1.7520191669464111,0.7336202263832092,1.7520191669464111,0.7336202263832092,False
62629.345029000004,1028,137,62629.23237,123.75150000298163,2.9918979998030637,1.8466452360153198,0.7461593747138977,1.8466452360153198,0.7461593747138977,False
62629.481124,1032,138,62629.474121,83.88349999586353,2.9475821199234424,1.706013560295105,0.7198307514190674,1.706013560295105,0.7198307514190674,False
62629.514348,1033,138,62629.474121,83.88349999586353,2.9475821199234424,1.7554638385772705,0.7307209372520447,1.7554638385772705,0.7307209372520447,False
62629.548246,1034,138,62629.474121,83.88349999586353,2.9475821199234424,1.7921539545059204,0.737023115158081,1.7921539545059204,0.737023115158081,False
62629.548246,1034,139,62629.562061000004,216.10900000086986,2.6318271387714876,1.6768888235092163,0.7051551342010498,1.6768888235092163,0.7051551342010498,False
62629.585643,1035,139,62629.562061000004,216.10900000086986,2.6318271387714876,1.704291582107544,0.7117440700531006,1.704291582107544,0.7117440700531006,False
62629.62015,1036,139,62629.562061000004,216.10900000086986,2.6318271387714876,1.723879098892212,0.7168339490890503,1.723879098892212,0.7168339490890503,False
62629.657594000004,1037,139,62629.562061000004,216.10900000086986,2.6318271387714876,1.7640548944473267,0.678814709186554,1.7640548944473267,0.678814709186554,False
62629.693049,1038,139,62629.562061000004,216.10900000086986,2.6318271387714876,1.764609694480896,0.6898850202560425,1.764609694480896,0.6898850202560425,False
62629.728758,1039,139,62629.562061000004,216.10900000086986,2.6318271387714876,1.762319803237915,0.7045117020606995,1.762319803237915,0.7045117020606995,False
62629.761407,1040,139,62629.562061000004,216.10900000086986,2.6318271387714876,1.7036044597625732,0.7455114126205444,1.7036044597625732,0.7455114126205444,False
62629.793041,1041,139,62629.562061000004,216.10900000086986,2.6318271387714876,1.7166575193405151,0.7777164578437805,1.7166575193405151,0.7777164578437805,False
62629.793041,1041,140,62629.782137500006,215.98249999806285,1.572006091368718,1.6895521879196167,0.7134750485420227,1.6895521879196167,0.7134750485420227,False
62629.827584,1042,140,62629.782137500006,215.98249999806285,1.572006091368718,1.6810309886932373,0.7256331443786621,1.6810309886932373,0.7256331443786621,False
62629.86503,1043,140,62629.782137500006,215.98249999806285,1.572006091368718,1.7014906406402588,0.73321533203125,1.7014906406402588,0.73321533203125,False
62629.90034,1044,140,62629.782137500006,215.98249999806285,1.572006091368718,1.707261323928833,0.7430633306503296,1.707261323928833,0.7430633306503296,False
62629.93392,1045,140,62629.782137500006,215.98249999806285,1.572006091368718,1.4137214422225952,0.741899311542511,1.4137214422225952,0.741899311542511,False
62629.967077,1046,140,62629.782137500006,215.98249999806285,1.572006091368718,1.5050432682037354,0.7056697010993958,1.5050432682037354,0.7056697010993958,False
62630.000873,1047,140,62629.782137500006,215.98249999806285,1.572006091368718,1.5069047212600708,0.7285084128379822,1.5069047212600708,0.7285084128379822,False
62630.000873,1047,141,62630.002143,219.9445000005653,1.2270619455763492,1.476952075958252,0.6923357844352722,1.476952075958252,0.6923357844352722,False
62630.034861,1048,141,62630.002143,219.9445000005653,1.2270619455763492,1.482884168624878,0.6885012984275818,1.482884168624878,0.6885012984275818,False
62630.06921,1049,141,62630.002143,219.9445000005653,1.2270619455763492,1.4884834289550781,0.6897989511489868,1.4884834289550781,0.6897989511489868,False
62630.101359,1050,141,62630.002143,219.9445000005653,1.2270619455763492,1.4840879440307617,0.7006418108940125,1.4840879440307617,0.7006418108940125,False
62630.13424,1051,141,62630.002143,219.9445000005653,1.2270619455763492,1.496364951133728,0.6940757632255554,1.496364951133728,0.6940757632255554,False
62630.167215,1052,141,62630.002143,219.9445000005653,1.2270619455763492,1.5055853128433228,0.6946671605110168,1.5055853128433228,0.6946671605110168,False
62630.198886,1053,141,62630.002143,219.9445000005653,1.2270619455763492,1.4733487367630005,0.6871857643127441,1.4733487367630005,0.6871857643127441,False
62630.230584,1054,141,62630.002143,219.9445000005653,1.2270619455763492,1.5123670101165771,0.688604474067688,1.5123670101165771,0.688604474067688,False
62630.230584,1054,142,62630.2260395,218.09349999966798,0.5432011285709691,1.4816991090774536,0.6807491779327393,1.4816991090774536,0.6807491779327393,False
62630.26222,1055,142,62630.2260395,218.09349999966798,0.5432011285709691,1.4849668741226196,0.6790172457695007,1.4849668741226196,0.6790172457695007,False
62630.293939,1056,142,62630.2260395,218.09349999966798,0.5432011285709691,1.4855817556381226,0.6775500178337097,1.4855817556381226,0.6775500178337097,False
62630.331931,1057,142,62630.2260395,218.09349999966798,0.5432011285709691,1.4421546459197998,0.6972261071205139,1.4421546459197998,0.6972261071205139,False
62630.364309,1058,142,62630.2260395,218.09349999966798,0.5432011285709691,1.487215518951416,0.6761583089828491,1.487215518951416,0.6761583089828491,False
62630.39709,1059,142,62630.2260395,218.09349999966798,0.5432011285709691,1.445439100265503,0.6701294779777527,1.445439100265503,0.6701294779777527,False
62630.428218,1060,142,62630.2260395,218.09349999966798,0.5432011285709691,1.4820916652679443,0.6799206137657166,1.4820916652679443,0.6799206137657166,False
62630.461155,1061,143,62630.45017,207.9680000024382,2.8323121660634825,1.4706673622131348,0.6831015944480896,1.4706673622131348,0.6831015944480896,False
62630.494278,1062,143,62630.45017,207.9680000024382,2.8323121660634825,1.475696086883545,0.68511563539505,1.475696086883545,0.68511563539505,False
62630.527291,1063,143,62630.45017,207.9680000024382,2.8323121660634825,1.4418416023254395,0.6795924305915833,1.4418416023254395,0.6795924305915833,False
62630.559746,1064,143,62630.45017,207.9680000024382,2.8323121660634825,1.4958093166351318,0.6774492859840393,1.4958093166351318,0.6774492859840393,False
62630.593114,1065,143,62630.45017,207.9680000024382,2.8323121660634825,1.4708129167556763,0.6647613048553467,1.4708129167556763,0.6647613048553467,False
62630.625535,1066,143,62630.45017,207.9680000024382,2.8323121660634825,1.5044184923171997,0.6841496825218201,1.5044184923171997,0.6841496825218201,False
62630.658088000004,1067,143,62630.45017,207.9680000024382,2.8323121660634825,1.5495171546936035,0.7158910632133484,1.5495171546936035,0.7158910632133484,False
