id,start_timestamp,duration,start_frame_index,end_frame_index,norm_pos_x,norm_pos_y,dispersion,confidence,method,gaze_point_3d_x,gaze_point_3d_y,gaze_point_3d_z,base_data
0,-549596.259949,219.92599999066442,0,1,0.5835506905572035,0.8260054647666192,1.1742326358298594,1.0,3d gaze,30.288687527889866,-72.4311970408141,197.2555176270456,-549596.259949 -549596.251972 -549596.243973 -549596.23599 -549596.228048 -549596.216045 -549596.207948 -549596.2000600001 -549596.192059 -549596.184162 -549596.176095 -549596.168019 -549596.160018 -549596.152067 -549596.144007 -549596.131938 -549596.123951 -549596.115718 -549596.108079 -549596.100063 -549596.092073 -549596.084006 -549596.076022 -549596.068033 -549596.060079 -549596.048086 -549596.040023
1,-549596.030633,214.54599988646805,1,6,0.5750633561255117,0.826706416213993,0.6679707883992453,1.0,3d gaze,27.52610478172812,-72.8886754132927,198.4854319301077,-549596.030633 -549596.023938 -549596.012862 -549596.006704 -549596.000078 -549595.992072 -549595.9841390001 -549595.972796 -549595.96402 -549595.956043 -549595.947977 -549595.9400610001 -549595.932073 -549595.924022 -549595.916032 -549595.908057 -549595.9000520001 -549595.892057 -549595.87998 -549595.872063 -549595.863993 -549595.856087 -549595.848023 -549595.840075 -549595.832065 -549595.824023 -549595.8160870001
2,-549595.8080450001,219.9930000351742,6,11,0.5745614721049104,0.8269534787252601,0.6008995255432661,0.9997475809521146,3d gaze,27.303447548498077,-72.80037057458513,198.12043408984863,-549595.8080450001 -549595.796033 -549595.787979 -549595.779982 -549595.7720540001 -549595.76405 -549595.756031 -549595.748072 -549595.740023 -549595.732032 -549595.724004 -549595.71193 -549595.704034 -549595.696018 -549595.688069 -549595.68005 -549595.6719900001 -549595.664052 -549595.656074 -549595.648036 -549595.640036 -549595.628045 -549595.62003 -549595.6120590001 -549595.60403 -549595.596017 -549595.588052
3,-549595.580004,219.92399997543544,11,16,0.57440378380534,0.8268955688358524,0.891130056813841,1.0,3d gaze,27.268628515357936,-72.84425061300784,198.2806788185474,-549595.580004 -549595.572066 -549595.564062 -549595.556043 -549595.544058 -549595.535975 -549595.527954 -549595.520023 -549595.51195 -549595.504052 -549595.496055 -549595.488028 -549595.480062 -549595.4720770001 -549595.460032 -549595.452034 -549595.442287 -549595.435987 -549595.428046 -549595.420013 -549595.412048 -549595.404031 -549595.395935 -549595.388041 -549595.37601 -549595.368054 -549595.36008
4,-549595.352021,215.98999993875623,16,21,0.572547853257444,0.8268190193436008,0.4378749094751492,1.0,3d gaze,26.719442114892413,-73.05569331125783,198.98443386009134,-549595.352021 -549595.344044 -549595.336081 -549595.328035 -549595.319956 -549595.308049 -549595.301857 -549595.292066 -549595.284012 -549595.275884 -549595.268015 -549595.260002 -549595.25203 -549595.2440160001 -549595.235992 -549595.227958 -549595.220046 -549595.208046 -549595.200087 -549595.192053 -549595.184171 -549595.172018 -549595.1657230001 -549595.160075 -549595.1520700001 -549595.143962 -549595.1360310001
5,-549595.067978,203.92500003799796,22,27,0.7904686275448438,0.7061678341458966,2.9260302858218843,0.9991924425125122,3d gaze,134.81608387040527,-66.23810659530733,242.80790839080538,-549595.067978 -549595.0600160001 -549595.052031 -549595.036051 -549595.0296990001 -549595.02408 -549595.01606 -549595.008063 -549595.000059 -549594.992022 -549594.984145 -549594.975987 -549594.968003 -549594.955934 -549594.94806 -549594.940051 -549594.9320660001 -549594.924013 -549594.916049 -549594.908009 -549594.898304 -549594.891897 -549594.884056 -549594.87205 -549594.864053
6,-549594.771991,92.0250000199303,29,31,0.835115588388573,0.6289585694563168,2.2855866315226456,0.9953314115603765,3d gaze,185.06921539729896,-55.341323701519855,280.82400403194225,-549594.771991 -549594.764056 -549594.7559870001 -549594.748072 -549594.740013 -549594.732053 -549594.723999 -549594.715962 -549594.704003 -549594.695849 -549594.688052 -549594.679966
7,-549594.3726540001,104.62400002870709,37,39,0.8110732057444496,0.5071978749485905,2.8880337079425873,0.9582394446645465,3d gaze,240.11937227719662,-25.270246492090767,409.27251504870543,-549594.3726540001 -549594.367435 -549594.360002 -549594.352037 -549594.3438970001 -549594.335981 -549594.327908 -549594.319952 -549594.311993 -549594.304028 -549594.295941 -549594.284043 -549594.276001 -549594.26803
8,-549594.259845,215.85299994330853,39,43,0.8342269487391964,0.5023785649441247,1.1034084602508396,0.9565578309389261,3d gaze,251.18384830999915,-22.62492346276462,388.96209593226104,-549594.259845 -549594.252033 -549594.243914 -549594.226395 -549594.219555 -549594.2119100001 -549594.199961 -549594.192072 -549594.184131 -549594.1759970001 -549594.168043 -549594.159617 -549594.152053 -549594.144072 -549594.136064 -549594.126556 -549594.116048 -549594.10803 -549594.100025 -549594.091957 -549594.083969 -549594.076035 -549594.06804 -549594.060021 -549594.052018 -549594.043992
9,-549594.03081,214.74299998953938,44,48,0.8188207470886054,0.5102952015184281,1.477778601060415,0.9710708437142549,3d gaze,242.96132017615244,-26.26169655746556,400.7733964828215,-549594.03081 -549594.022993 -549594.015974 -549594.007932 -549594.000058 -549593.99199 -549593.97695 -549593.970939 -549593.963326 -549593.9583920001 -549593.947998 -549593.939978 -549593.925823 -549593.918636 -549593.913997 -549593.908023 -549593.899985 -549593.891958 -549593.8840600001 -549593.875805 -549593.864055 -549593.856034 -549593.848076 -549593.84006 -549593.829248 -549593.824003 -549593.816067
10,-549593.708007,103.9749999763444,50,53,0.8311031234864856,0.6767608570000754,2.615386753230604,1.0,3d gaze,156.7265208681272,-59.94416850674175,239.14459373925743,-549593.708007 -549593.696042 -549593.686212 -549593.680029 -549593.671862 -549593.664017 -549593.656055 -549593.641716 -549593.635105 -549593.630657 -549593.624025 -549593.612019 -549593.6040320001
11,-549593.303035,83.06700002867728,58,60,0.3488243954354962,0.822095269489692,2.8746060599831025,0.8099658760157499,3d gaze,-41.69843094211142,-60.07674153302273,162.51586709787492,-549593.303035 -549593.296035 -549593.283634 -549593.2759220001 -549593.268011 -549593.259925 -549593.252018 -549593.24391 -549593.235976 -549593.227933 -549593.219968
12,-549592.999973,83.9710000436753,64,66,0.5658685809634649,0.8412059590905205,2.992033152092945,1.0,3d gaze,21.035439826972365,-65.37500344477752,170.93109701991395,-549592.999973 -549592.991957 -549592.98406 -549592.975996 -549592.967052 -549592.95982 -549592.95198 -549592.939877 -549592.93196 -549592.923908 -549592.916002
13,-549592.8679000001,219.88700004294515,67,71,0.5769411531884316,0.8332040502607777,2.994783695260319,1.0,3d gaze,26.901842096913306,-70.80206691323475,189.0383686348506,-549592.8679000001 -549592.8559590001 -549592.8480540001 -549592.8400130001 -549592.832025 -549592.822881 -549592.815708 -549592.807901 -549592.800067 -549592.792044 -549592.7841330001 -549592.771964 -549592.7640280001 -549592.7559710001 -549592.747985 -549592.739984 -549592.731936 -549592.722097 -549592.714827 -549592.708001 -549592.699946 -549592.68792 -549592.680031 -549592.671971 -549592.663971 -549592.65604 -549592.648013
14,-549592.640061,217.4230000237003,71,76,0.5740144874499876,0.8328419607830241,1.9508456922523898,1.0,3d gaze,26.169408467818673,-71.38246163433502,190.9274000390217,-549592.640061 -549592.623805 -549592.618712 -549592.610355 -549592.60399 -549592.595977 -549592.588023 -549592.573246 -549592.566755 -549592.561811 -549592.556048 -549592.54789 -549592.540022 -549592.5320530001 -549592.519957 -549592.5120710001 -549592.504064 -549592.496061 -549592.488065 -549592.480045 -549592.472035 -549592.464059 -549592.45601 -549592.448061 -549592.4301700001 -549592.422638
15,-549592.417896,197.91699992492795,76,80,0.6097860635884331,0.8264443856012956,2.6099654435667845,0.9953578829765319,3d gaze,38.32329830387354,-70.79551995406553,191.1025222590481,-549592.417896 -549592.412067 -549592.404013 -549592.396062 -549592.3880500001 -549592.380026 -549592.371992 -549592.364068 -549592.352042 -549592.344054 -549592.334481 -549592.328014 -549592.319913 -549592.312046 -549592.304076 -549592.29608 -549592.287888 -549592.280018 -549592.268054 -549592.2600370001 -549592.252033 -549592.240691 -549592.233743 -549592.227974 -549592.219979
16,-549592.211937,219.9409999884665,80,85,0.6275750427469632,0.820135511954578,1.6994458563478136,1.0,3d gaze,45.4724393201593,-71.5870721676344,195.71809591227534,-549592.211937 -549592.2040200001 -549592.195937 -549592.184112 -549592.176062 -549592.168082 -549592.1600350001 -549592.152062 -549592.1440580001 -549592.1360930001 -549592.128014 -549592.120035 -549592.112079 -549592.100039 -549592.09201 -549592.080903 -549592.073935 -549592.068062 -549592.059495 -549592.051708 -549592.043956 -549592.03603 -549592.028023 -549592.016048 -549592.008061 -549592.00005 -549591.991996
17,-549591.984157,211.0019999090582,85,89,0.612793570154144,0.8231362170860036,2.255471265926552,1.0,3d gaze,40.56671001676773,-72.4590474337507,197.33557700465875,-549591.984157 -549591.976033 -549591.967984 -549591.959993 -549591.9518190001 -549591.944045 -549591.930106 -549591.921891 -549591.916065 -549591.907996 -549591.899983 -549591.891752 -549591.884051 -549591.8759570001 -549591.868055 -549591.859834 -549591.848035 -549591.840046 -549591.8301360001 -549591.823953 -549591.816075 -549591.807989 -549591.800081 -549591.792048 -549591.780557 -549591.7731550001
18,-549591.764073,192.0440000249073,89,93,0.5986912984963503,0.8258205543422349,2.583173402267751,1.0,3d gaze,35.71152859178839,-72.90764251871867,197.84625517639049,-549591.764073 -549591.7559720001 -549591.748029 -549591.740017 -549591.7320130001 -549591.723875 -549591.7160530001 -549591.707978 -549591.69997 -549591.692025 -549591.679994 -549591.669421 -549591.664076 -549591.655921 -549591.648044 -549591.640047 -549591.632079 -549591.6240150001 -549591.6159890001 -549591.608016 -549591.595968 -549591.588039 -549591.580004 -549591.572029
19,-549591.564026,208.05499993730336,93,98,0.566777651880333,0.831271300521357,1.1757109889221244,1.0,3d gaze,24.521427994146226,-73.22652588301288,197.07649508227294,-549591.564026 -549591.555927 -549591.548019 -549591.5400350001 -549591.5320390001 -549591.5239650001 -549591.512064 -549591.504022 -549591.49601 -549591.488034 -549591.480023 -549591.472075 -549591.464067 -549591.4559920001 -549591.4480280001 -549591.4378450001 -549591.428062 -549591.419989 -549591.412025 -549591.403964 -549591.3960460001 -549591.3880350001 -549591.380044 -549591.372045 -549591.363883 -549591.355971
20,-549591.343488,215.54899995680898,98,102,0.572627485587758,0.8284790244331312,1.049445437676647,1.0,3d gaze,27.066477036808042,-74.25864507785839,201.26057335428425,-549591.343488 -549591.335988 -549591.32807 -549591.320013 -549591.312074 -549591.304088 -549591.296045 -549591.28789 -549591.280083 -549591.272044 -549591.260019 -549591.2501770001 -549591.243405 -549591.2360350001 -549591.228028 -549591.220046 -549591.212037 -549591.2038210001 -549591.19601 -549591.187995 -549591.1758590001 -549591.167957 -549591.154884 -549591.147601 -549591.142528 -549591.136076 -549591.127939
21,-549591.120048,213.02000002469867,102,107,0.5464125595880679,0.8331142206441728,2.225413662988724,1.0,3d gaze,17.589233228998292,-73.44595512119662,197.27843898436484,-549591.120048 -549591.105207 -549591.099562 -549591.092035 -549591.084029 -549591.0759770001 -549591.06798 -549591.060019 -549591.051953 -549591.043591 -549591.036046 -549591.0280170001 -549591.020046 -549591.00573 -549590.997821 -549590.99202 -549590.984153 -549590.975977 -549590.968042 -549590.954887 -549590.947393 -549590.942345 -549590.936101 -549590.924036 -549590.916041 -549590.907028
22,-549590.899796,215.77799995429814,107,111,0.5520274998366242,0.8346626928299422,0.7703057644470072,1.0,3d gaze,19.026889870547187,-72.05349446926311,192.50157932519173,-549590.899796 -549590.89199 -549590.884034 -549590.876005 -549590.867957 -549590.859999 -549590.851945 -549590.84008 -549590.832025 -549590.823872 -549590.816018 -549590.805299 -549590.798193 -549590.792063 -549590.7841320001 -549590.776049 -549590.768043 -549590.7559560001 -549590.747958 -549590.739913 -549590.731962 -549590.72396 -549590.716044 -549590.707968 -549590.699967 -549590.691983 -549590.684018
23,-549590.671689,215.92599991708994,111,116,0.5540455202370679,0.8342010101079536,0.9261282224520712,1.0,3d gaze,19.75947553382679,-72.2058060238151,193.10502624199853,-549590.671689 -549590.658563 -549590.650658 -549590.645657 -549590.639643 -549590.6320260001 -549590.623995 -549590.616027 -549590.605368 -549590.600025 -549590.588018 -549590.580036 -549590.57189 -549590.558867 -549590.551813 -549590.546828 -549590.539991 -549590.532022 -549590.523988 -549590.515975 -549590.503932 -549590.496078 -549590.488014 -549590.480084 -549590.472026 -549590.461156 -549590.4557630001
24,-549590.448038,219.98399996664375,116,121,0.5404209768907217,0.8356652966569762,1.9632227658822743,1.0,3d gaze,15.148304430903108,-72.06036400754606,192.2638052881242,-549590.448038 -549590.440056 -549590.432053 -549590.419997 -549590.410984 -549590.4039800001 -549590.3960610001 -549590.38788 -549590.3800380001 -549590.372034 -549590.364005 -549590.355885 -549590.34803 -549590.336017 -549590.328051 -549590.320048 -549590.312022 -549590.303945 -549590.296048 -549590.287959 -549590.280045 -549590.2720540001 -549590.264041 -549590.25205 -549590.243689 -549590.236045 -549590.2280540001
25,-549590.220018,207.97400001902133,121,125,0.539915040727727,0.8376944716114727,1.9056274516064255,1.0,3d gaze,14.624338648917147,-70.722474234522,187.59769286306496,-549590.220018 -549590.211981 -549590.204052 -549590.196028 -549590.188032 -549590.180053 -549590.167944 -549590.1600340001 -549590.152036 -549590.144049 -549590.136008 -549590.128068 -549590.11999 -549590.112081 -549590.1040330001 -549590.096076 -549590.081096 -549590.074153 -549590.068046 -549590.060033 -549590.052057 -549590.044044 -549590.034293 -549590.026851 -549590.02004 -549590.012044
26,-549589.999956,215.78700002282858,126,130,0.5340276902438021,0.8405185740787725,1.797193212165245,1.0,3d gaze,12.265433653570586,-68.56177845723636,180.51529423321395,-549589.999956 -549589.9871210001 -549589.9805460001 -549589.975805 -549589.968018 -549589.960076 -549589.952043 -549589.941639 -549589.934717 -549589.928086 -549589.916001 -549589.907944 -549589.895593 -549589.888724 -549589.883862 -549589.876039 -549589.8680520001 -549589.86004 -549589.852064 -549589.843994 -549589.8320320001 -549589.823974 -549589.815906 -549589.802988 -549589.796621 -549589.791921 -549589.784169
27,-549589.776036,211.9599999859929,130,134,0.5298609425553507,0.8417894320465116,1.3350750174532515,1.0,3d gaze,10.762521121925383,-67.59338223883037,177.38325982163607,-549589.776036 -549589.768026 -549589.756125 -549589.74803 -549589.74006 -549589.731913 -549589.72393 -549589.715562 -549589.706226 -549589.699841 -549589.691961 -549589.6838690001 -549589.675972 -549589.6639 -549589.655977 -549589.647756 -549589.6368110001 -549589.631951 -549589.623527 -549589.616048 -549589.608028 -549589.600014 -549589.5918470001 -549589.579978 -549589.571983 -549589.564076
28,-549589.555938,215.89899994432926,135,139,0.5349811360376251,0.8416586001588982,1.0432648466301893,1.0,3d gaze,12.313406216209112,-67.46502728246193,177.02246033311715,-549589.555938 -549589.548043 -549589.539984 -549589.532052 -549589.523949 -549589.516041 -549589.5080350001 -549589.496042 -549589.488024 -549589.48007 -549589.471998 -549589.4640350001 -549589.456037 -549589.448041 -549589.440064 -549589.432064 -549589.423969 -549589.412017 -549589.4040110001 -549589.3959850001 -549589.388021 -549589.38002 -549589.372034 -549589.364064 -549589.3559890001 -549589.348057 -549589.340039
29,-549589.32809,216.06599993538111,140,144,0.554598758930374,0.8392820656271034,2.595732153589485,0.9995476029537342,3d gaze,18.56664483558911,-68.12666770826924,179.48178833347785,-549589.32809 -549589.320079 -549589.312025 -549589.303989 -549589.296083 -549589.288006 -549589.280071 -549589.265836 -549589.260906 -549589.253692 -549589.244047 -549589.235982 -549589.228011 -549589.220036 -549589.21202 -549589.204016 -549589.196059 -549589.1879680001 -549589.17998 -549589.16714 -549589.1600510001 -549589.152073 -549589.143929 -549589.1360780001 -549589.128028 -549589.1188170001 -549589.112024
30,-549589.104073,218.51000003516674,144,149,0.5725326631317343,0.836991668121994,1.8925835973558307,1.0,3d gaze,24.32347936633824,-68.28220025016468,180.4840049758495,-549589.104073 -549589.095973 -549589.088064 -549589.076082 -549589.068015 -549589.059975 -549589.05203 -549589.044026 -549589.035992 -549589.0243020001 -549589.019523 -549589.01206 -549589.004033 -549588.992056 -549588.984173 -549588.9760670001 -549588.968035 -549588.960071 -549588.9520330001 -549588.9440360001 -549588.932095 -549588.925418 -549588.920075 -549588.908015 -549588.900042 -549588.885563
31,-549588.87898,210.92600002884865,149,154,0.5736117641901718,0.8356189310309615,0.4944461423629744,1.0,3d gaze,25.12345991321894,-69.34078147706283,183.98903821320658,-549588.87898 -549588.874298 -549588.867965 -549588.860015 -549588.8518920001 -549588.844045 -549588.8359620001 -549588.823928 -549588.816049 -549588.8081050001 -549588.794032 -549588.787044 -549588.782269 -549588.77608 -549588.768046 -549588.759919 -549588.747671 -549588.739963 -549588.732003 -549588.7239420001 -549588.715986 -549588.7079640001 -549588.700009 -549588.692015 -549588.6840540001 -549588.676016 -549588.668054
32,-549588.653806,213.76399998553097,154,159,0.5662088711207329,0.8357485410407974,1.3168861777175034,1.0,3d gaze,22.981517470348148,-70.01296822835927,185.98516194496128,-549588.653806 -549588.646682 -549588.640051 -549588.632051 -549588.62405 -549588.6160800001 -549588.607399 -549588.60003 -549588.592078 -549588.584154 -549588.571982 -549588.5590990001 -549588.552264 -549588.54763 -549588.540025 -549588.532059 -549588.523985 -549588.516067 -549588.507923 -549588.500059 -549588.487972 -549588.480033 -549588.468914 -549588.462526 -549588.456066 -549588.448068 -549588.440042
33,-549588.43207,212.05199998803437,159,163,0.5701058831451603,0.8359184730231325,1.2445494822999663,1.0,3d gaze,24.03812802563204,-69.49658669149878,184.37385957614197,-549588.43207 -549588.422966 -549588.416055 -549588.404044 -549588.39606 -549588.388018 -549588.378714 -549588.372009 -549588.3640610001 -549588.355965 -549588.3480540001 -549588.334014 -549588.326304 -549588.320072 -549588.312026 -549588.304061 -549588.2960880001 -549588.287961 -549588.280055 -549588.2720390001 -549588.264081 -549588.255978 -549588.248094 -549588.2360040001 -549588.228055 -549588.220018
34,-549588.211993,215.94599995296448,164,168,0.5694439263724536,0.8373101947647222,1.5711241057942353,1.0,3d gaze,23.40203315926142,-68.4542156179634,180.89659397164007,-549588.211993 -549588.204055 -549588.196031 -549588.188015 -549588.180043 -549588.17204 -549588.1640250001 -549588.152022 -549588.144054 -549588.136064 -549588.128044 -549588.12003 -549588.11206 -549588.103913 -549588.096078 -549588.088021 -549588.080065 -549588.068031 -549588.0600310001 -549588.051956 -549588.044067 -549588.035908 -549588.028024 -549588.01998 -549588.0109710001 -549588.00361 -549587.996047
35,-549587.984105,216.04800003115088,168,173,0.5633057790846128,0.8391106585017886,0.43917764934565634,1.0,3d gaze,21.12591569734286,-67.65380153830704,178.06941486798863,-549587.984105 -549587.9760200001 -549587.964512 -549587.957897 -549587.952067 -549587.94404 -549587.936075 -549587.928028 -549587.92009 -549587.912048 -549587.900038 -549587.892058 -549587.88403 -549587.874625 -549587.867994 -549587.860068 -549587.851976 -549587.844024 -549587.836055 -549587.827954 -549587.816092 -549587.808058 -549587.800055 -549587.792069 -549587.783304 -549587.7760460001 -549587.768057
36,-549587.760033,212.9440000280738,173,178,0.5652938723208476,0.8384984918821943,0.6966139484071401,1.0,3d gaze,21.87556598584469,-67.98366477489805,179.18691497737046,-549587.760033 -549587.752079 -549587.744067 -549587.731972 -549587.724025 -549587.716002 -549587.708002 -549587.699998 -549587.691992 -549587.683967 -549587.676067 -549587.668011 -549587.660011 -549587.648043 -549587.640017 -549587.632075 -549587.624044 -549587.616036 -549587.603898 -549587.5972900001 -549587.592089 -549587.584134 -549587.576081 -549587.559105 -549587.551629 -549587.547089
37,-549587.540021,216.03899996262044,178,183,0.551585945026194,0.8401803291828835,1.4713053190658043,1.0,3d gaze,17.52452303362925,-67.81736442856648,178.308929858471,-549587.540021 -549587.53195 -549587.523986 -549587.511524 -549587.504902 -549587.5000540001 -549587.4920270001 -549587.48007 -549587.472055 -549587.464018 -549587.45599 -549587.448091 -549587.4400160001 -549587.432078 -549587.41832 -549587.411584 -549587.406749 -549587.395925 -549587.387965 -549587.3799930001 -549587.369324 -549587.362889 -549587.355983 -549587.3480080001 -549587.340038 -549587.3320320001 -549587.323982
38,-549587.312078,219.73800007253885,183,188,0.5447383633860873,0.8410904897254553,1.2781610064582762,1.0,3d gaze,15.31654439734549,-67.52781587405667,177.25789686748902,-549587.312078 -549587.304102 -549587.29604 -549587.288035 -549587.278636 -549587.272023 -549587.264091 -549587.255961 -549587.248081 -549587.2400410001 -549587.227952 -549587.2200430001 -549587.2119860001 -549587.204046 -549587.196011 -549587.1863780001 -549587.1797720001 -549587.171985 -549587.1639800001 -549587.156025 -549587.139649 -549587.1325770001 -549587.128011 -549587.119967 -549587.112046 -549587.103887 -549587.09234
39,-549587.085529,217.6110000582412,188,193,0.5351925970763537,0.841566459437095,1.2743583097498947,1.0,3d gaze,12.40832414853185,-67.61664891880862,177.45899015909524,-549587.085529 -549587.080085 -549587.071884 -549587.059913 -549587.046705 -549587.04018 -549587.035682 -549587.02803 -549587.020032 -549587.011983 -549587.003993 -549586.995996 -549586.988024 -549586.975984 -549586.9680240001 -549586.9540050001 -549586.947429 -549586.942682 -549586.936045 -549586.928002 -549586.920061 -549586.906131 -549586.8992870001 -549586.891715 -549586.884008 -549586.876055 -549586.867918
40,-549586.86006,208.0159999895841,193,197,0.5373874567234928,0.841593903190558,1.222235598381818,1.0,3d gaze,13.023966775792864,-67.380298834667,176.78071449674448,-549586.86006 -549586.8520140001 -549586.844066 -549586.835986 -549586.828015 -549586.820043 -549586.8079980001 -549586.800055 -549586.792064 -549586.7841640001 -549586.7760760001 -549586.768012 -549586.760075 -549586.75206 -549586.744082 -549586.736058 -549586.723882 -549586.716002 -549586.708061 -549586.700053 -549586.691994 -549586.67132 -549586.664778 -549586.660003 -549586.652044
41,-549586.6399920001,216.1080000223592,197,202,0.5613497145621695,0.8406630532614067,2.6748695654022945,1.0,3d gaze,19.93335956204562,-66.07363011905362,173.18061569447417,-549586.6399920001 -549586.6319500001 -549586.61887 -549586.614165 -549586.6079150001 -549586.600056 -549586.592032 -549586.584147 -549586.576089 -549586.567929 -549586.556017 -549586.547992 -549586.539983 -549586.523089 -549586.516418 -549586.5117660001 -549586.5078 -549586.500012 -549586.492049 -549586.4840320001 -549586.471988 -549586.464074 -549586.455982 -549586.448076 -549586.440066 -549586.432075 -549586.423884
42,-549586.416065,216.37699997518212,202,207,0.5877414211539694,0.839604121793472,2.8320099470128546,1.0,3d gaze,26.540267939016864,-62.821087197510536,164.18844747238853,-549586.416065 -549586.407975 -549586.400048 -549586.384402 -549586.37801 -549586.372006 -549586.363962 -549586.355968 -549586.348029 -549586.337729 -549586.331396 -549586.324015 -549586.316003 -549586.3040690001 -549586.29074 -549586.284241 -549586.279809 -549586.2720390001 -549586.264053 -549586.2559870001 -549586.245212 -549586.238683 -549586.231817 -549586.219958 -549586.212005 -549586.199688
43,-549586.193401,213.35400000680238,207,212,0.6145829049544369,0.8336934142401344,2.5797913949839777,0.9820830645384612,3d gaze,35.201709623405065,-63.71213918102066,168.05643031154344,-549586.193401 -549586.188021 -549586.180051 -549586.1719910001 -549586.164037 -549586.154077 -549586.147549 -549586.136036 -549586.128027 -549586.1199020001 -549586.107582 -549586.101254 -549586.096044 -549586.087997 -549586.080034 -549586.072031 -549586.061088 -549586.052012 -549586.044045 -549586.036016 -549586.027968 -549586.0200370001 -549586.012009 -549586.0038610001 -549585.996041 -549585.988026 -549585.980047
44,-549585.968016,207.97899994067848,212,217,0.6029105830771002,0.8342652354167857,2.3068046776011375,0.9936084449291229,3d gaze,32.95776905266758,-66.14005533266382,174.82441886310818,-549585.968016 -549585.9600900001 -549585.952029 -549585.944075 -549585.936066 -549585.927318 -549585.920001 -549585.9120680001 -549585.904031 -549585.8959230001 -549585.883186 -549585.876031 -549585.868018 -549585.86 -549585.851994 -549585.839469 -549585.832761 -549585.828046 -549585.819995 -549585.812058 -549585.795164 -549585.7880770001 -549585.783223 -549585.77609 -549585.7680190001 -549585.7600370001
45,-549585.748011,188.37300001177937,217,221,0.6097133663116335,0.832225206661325,2.813856291596866,0.9964498380819956,3d gaze,35.485581133209116,-66.65971220948136,176.87976554661074,-549585.748011 -549585.742878 -549585.7351320001 -549585.728037 -549585.716023 -549585.707971 -549585.698574 -549585.6916830001 -549585.684037 -549585.6760420001 -549585.668003 -549585.652984 -549585.6463210001 -549585.6415960001 -549585.632047 -549585.624017 -549585.6160490001 -549585.606386 -549585.59929 -549585.592035 -549585.584094 -549585.576083 -549585.5680740001 -549585.559638
46,-549585.5480600001,84.06000002287328,221,223,0.6273927762830944,0.828262412165489,2.4559047487879706,0.9858862866054882,3d gaze,41.09501403500077,-66.25340968921594,176.76140930230338,-549585.5480600001 -549585.540047 -549585.5320390001 -549585.52399 -549585.513301 -549585.506593 -549585.500063 -549585.491987 -549585.4840320001 -549585.476042 -549585.464
47,-549585.45605,167.98400005791336,223,227,0.5937169114061602,0.8343893065966221,2.5690191461749583,0.9740640634582156,3d gaze,30.86995469010282,-67.68277935157896,179.32781902887226,-549585.45605 -549585.448066 -549585.440023 -549585.431902 -549585.424041 -549585.416053 -549585.408081 -549585.400089 -549585.392007 -549585.380028 -549585.37199 -549585.363887 -549585.356031 -549585.348005 -549585.3400130001 -549585.32698 -549585.322235 -549585.315524 -549585.308061 -549585.296055 -549585.288066
48,-549585.279801,215.76599997933954,227,231,0.5802864088512815,0.8381227328937305,1.859233922400384,0.9843321862044158,3d gaze,25.937543940603707,-66.39723852948256,174.62323921252766,-549585.279801 -549585.272047 -549585.264052 -549585.255976 -549585.248085 -549585.234089 -549585.229111 -549585.222349 -549585.212027 -549585.204045 -549585.196029 -549585.186339 -549585.179869 -549585.172055 -549585.1638 -549585.156027 -549585.148019 -549585.1394110001 -549585.128043 -549585.1200390001 -549585.112027 -549585.104021 -549585.090887 -549585.084041 -549585.079615 -549585.072055 -549585.064035
49,-549585.055954,219.9779999209568,232,236,0.5748329966412131,0.839765800629295,1.2080829301968494,0.9866543235602202,3d gaze,23.820905261154074,-65.44669615250281,171.52425651210143,-549585.055954 -549585.044062 -549585.036002 -549585.0280640001 -549585.019997 -549585.012017 -549585.004038 -549584.996047 -549584.987914 -549584.980025 -549584.971995 -549584.960046 -549584.952015 -549584.9440680001 -549584.935456 -549584.927437 -549584.919996 -549584.912024 -549584.904025 -549584.896065 -549584.888026 -549584.876055 -549584.86801 -549584.85922 -549584.851936 -549584.844062 -549584.8359760001
50,-549584.828033,160.14299995731562,237,240,0.5803365812280763,0.838560823178795,2.8622031515277904,0.9868996649980545,3d gaze,25.64157817697561,-65.72302901169853,172.61508220222726,-549584.828033 -549584.8200150001 -549584.812014 -549584.803968 -549584.791977 -549584.783535 -549584.776037 -549584.766453 -549584.759553 -549584.752029 -549584.743936 -549584.736059 -549584.728027 -549584.720017 -549584.707997 -549584.700005 -549584.691976 -549584.683926 -549584.675894 -549584.66789
51,-549584.660013,192.12000002153218,240,244,0.6140037018268857,0.8326282255595873,2.971479435224531,0.9896404047807058,3d gaze,35.87645858655596,-65.09919544460114,172.28382980695756,-549584.660013 -549584.65198 -549584.644014 -549584.636009 -549584.623935 -549584.6144740001 -549584.607863 -549584.600034 -549584.591989 -549584.584091 -549584.5759630001 -549584.567357 -549584.559997 -549584.552 -549584.54001 -549584.532 -549584.523952 -549584.5159860001 -549584.508024 -549584.499985 -549584.491986 -549584.481165 -549584.475478 -549584.467893
52,-549584.455873,215.89899994432926,244,248,0.6223860596779225,0.8326477327256384,1.5955525424130992,1.0,3d gaze,37.16987449549693,-62.96333743443165,166.14006874450476,-549584.455873 -549584.44794 -549584.439972 -549584.431911 -549584.423916 -549584.4160580001 -549584.408031 -549584.4 -549584.392029 -549584.384071 -549584.371958 -549584.364025 -549584.3559 -549584.348035 -549584.339969 -549584.331982 -549584.323887 -549584.316006 -549584.307954 -549584.299984 -549584.2878940001 -549584.2800050001 -549584.272014 -549584.264046 -549584.256016 -549584.248026 -549584.239974
53,-549584.232047,212.0609999401495,248,253,0.6280914297623903,0.8311388308420062,1.0904276701541098,1.0,3d gaze,39.05556597716587,-63.08492312310015,166.84997574485232,-549584.232047 -549584.223971 -549584.215999 -549584.203879 -549584.195861 -549584.1879370001 -549584.1800020001 -549584.172043 -549584.163987 -549584.155957 -549584.148027 -549584.14 -549584.132007 -549584.120001 -549584.11204 -549584.104058 -549584.096035 -549584.087914 -549584.079924 -549584.072053 -549584.064029 -549584.055984 -549584.04799 -549584.035971 -549584.02799 -549584.019986
54,-549584.011969,167.97499998938292,253,256,0.6229736960345635,0.8311572975926309,2.414215199709326,0.9881714440527416,3d gaze,38.502147991207345,-64.68912518836125,171.40541019784928,-549584.011969 -549584.003989 -549583.995968 -549583.987958 -549583.979959 -549583.972021 -549583.963944 -549583.951992 -549583.944062 -549583.936035 -549583.928055 -549583.92004 -549583.9120370001 -549583.904039 -549583.896063 -549583.88804 -549583.880031 -549583.867972 -549583.860029 -549583.852036 -549583.843994
55,-549583.835805,219.77800002787262,256,261,0.5971997392100618,0.8338403788294938,2.1316462479984484,0.9831821896411754,3d gaze,31.975864351089985,-67.67622145408082,179.41976103478189,-549583.835805 -549583.828031 -549583.819918 -549583.811991 -549583.803952 -549583.79602 -549583.784079 -549583.776059 -549583.7679720001 -549583.760067 -549583.751982 -549583.7440620001 -549583.735449 -549583.728073 -549583.71998 -549583.71205 -549583.699972 -549583.691994 -549583.684011 -549583.675961 -549583.667979 -549583.659964 -549583.6519930001 -549583.644026 -549583.635993 -549583.628062 -549583.616027
56,-549583.608025,215.9569999203086,261,265,0.5595680891654559,0.8384841568538156,2.774616057514647,0.9788568858747129,3d gaze,20.342967491349174,-68.73604623461357,181.3551162731373,-549583.608025 -549583.600037 -549583.591991 -549583.58414 -549583.576038 -549583.568057 -549583.560044 -549583.5520050001 -549583.5440560001 -549583.53196 -549583.52402 -549583.515976 -549583.508007 -549583.499955 -549583.492008 -549583.483934 -549583.476042 -549583.4679950001 -549583.460026 -549583.448016 -549583.440012 -549583.432029 -549583.4240700001 -549583.41598 -549583.408041 -549583.399984 -549583.392068
57,-549583.384085,212.11600000970066,265,270,0.5540419111329438,0.8389929181392511,1.7188168466458136,0.9830843469370967,3d gaze,18.61473681919968,-68.8529789000533,181.58064894502613,-549583.384085 -549583.376042 -549583.363974 -549583.355969 -549583.314872 -549583.308264 -549583.302936 -549583.2973110001 -549583.289669 -549583.280009 -549583.2720700001 -549583.264038 -549583.25604 -549583.24803 -549583.2400710001 -549583.232042 -549583.224042 -549583.216044 -549583.2080410001 -549583.1959630001 -549583.188012 -549583.180014 -549583.171969
58,-549583.16403,200.04000002518296,270,274,0.5503742144756086,0.8392705138736771,2.7027578903316853,0.9804815936088562,3d gaze,17.481165116903824,-68.88329060273338,181.6121653966084,-549583.16403 -549583.15589 -549583.147962 -549583.14004 -549583.132 -549583.123946 -549583.112064 -549583.104037 -549583.096062 -549583.088012 -549583.080049 -549583.07206 -549583.064024 -549583.056036 -549583.048048 -549583.040026 -549583.027892 -549583.0199900001 -549583.012013 -549583.004058 -549582.996017 -549582.988021 -549582.980052 -549582.971983 -549582.96399
59,-549582.956025,219.99999997206032,274,279,0.5320041456254202,0.8416126285584844,1.533916191369509,0.9751428807223285,3d gaze,11.44495962395571,-67.72840220988458,177.7891996471278,-549582.956025 -549582.94406 -549582.935992 -549582.928066 -549582.9200180001 -549582.912075 -549582.904034 -549582.896022 -549582.888051 -549582.880021 -549582.872083 -549582.8600260001 -549582.851967 -549582.844053 -549582.835941 -549582.828045 -549582.820017 -549582.812041 -549582.804025 -549582.796046 -549582.788007 -549582.77604 -549582.768047 -549582.759857 -549582.752063 -549582.744047 -549582.736025
60,-549582.704061,164.0710000647232,280,282,0.5644201666500219,0.8390762366860244,2.8727176666195446,0.9889553487300873,3d gaze,21.396984993276508,-67.31493647103298,177.13574126746198,-549582.704061 -549582.692035 -549582.684032 -549582.67602 -549582.6679700001 -549582.6599440001 -549582.651896 -549582.643964 -549582.546091 -549582.53999
61,-549582.5355090001,135.55800006724894,282,285,0.5983062264251952,0.8334902174771721,2.39863426583108,0.957628888242385,3d gaze,32.26573233211917,-67.48196768724492,179.03173667015335,-549582.5355090001 -549582.523991 -549582.515991 -549582.508002 -549582.500019 -549582.492039 -549582.484013 -549582.476037 -549582.4680250001 -549582.459986 -549582.45195 -549582.439988 -549582.432042 -549582.424058 -549582.416035 -549582.408058 -549582.399951
62,-549581.655446,80.01600007992238,300,302,0.6673691585276594,0.5199008202159926,2.349987571790386,0.8313545826503209,3d gaze,148.22338256645295,-34.683419349401355,511.97865018664305,-549581.655446 -549581.649765 -549581.633305 -549581.628022 -549581.620046 -549581.599975 -549581.57543
63,-549581.252014,140.199999907054,308,311,0.5852474138126545,0.832789452769178,2.059496362290322,0.7805615402863773,3d gaze,29.53141204229445,-70.76738239119169,188.8802804703937,-549581.252014 -549581.1718070001 -549581.1411380001 -549581.1118140001
64,-549581.011642,167.59200009983033,313,317,0.5823743352579813,0.8333464762527703,2.0158309215369896,0.7768163604752067,3d gaze,28.370358603786727,-70.42842852248535,187.76152349640316,-549581.011642 -549580.84405
65,-549580.796633,101.02599998936057,318,320,0.6279336509497029,0.7837109782515389,2.1507068178849202,0.8236480538050334,3d gaze,58.46197795195828,-82.8917241789804,254.10334331811245,-549580.796633 -549580.749747 -549580.744035 -549580.7172750001 -549580.712034 -549580.695607
66,-549580.264754,120.88699999731034,329,332,0.7687733847685172,0.5030687300910729,1.3669558500059336,0.747886148536905,3d gaze,221.94328460980833,-25.044443659587884,453.82939248224807,-549580.264754 -549580.2161740001 -549580.207738 -549580.143867
67,-549579.97793,82.4809999903664,335,337,0.7571073371281433,0.49156328848255093,0.14105440298079344,0.737627209407624,3d gaze,219.3272998365604,-20.4585217993764,473.0922914923678,-549579.97793 -549579.92003 -549579.8954490001
68,-549579.79604,108.0230000661686,339,342,0.796915612198302,0.4330902135782118,2.1641475366675023,0.7512504447131327,3d gaze,264.5243636844108,7.521396987422435,479.39851597426605,-549579.79604 -549579.779603 -549579.752023 -549579.704062 -549579.6959790001 -549579.688017
69,-549578.589026,202.1810000296682,368,373,0.5907947562313673,0.451852700869687,2.626619528922913,0.7408821728238343,3d gaze,94.1584161146412,-2.066763873127371,600.4285475975656,-549578.589026 -549578.527634 -549578.519953 -549578.386845
70,-549577.95245,82.69599999766797,384,385,0.5867484229990453,0.5600811510534266,2.6330634814570257,0.8370168588428676,3d gaze,76.99225303019294,-52.418008971866605,509.138548176154,-549577.95245 -549577.884853 -549577.869754
71,-549577.679205,91.27700002864003,389,391,0.36186218456678665,0.8297542889737916,0.5268264097964788,0.7446186542510986,3d gaze,-32.52268201351231,-52.67852010538318,139.92283645541792,-549577.679205 -549577.651958 -549577.644049 -549577.6279740001 -549577.587928
72,-549576.572031,128.07099998462945,413,415,0.46085223982788814,0.7855437815062429,2.8407139782684823,0.8157479061050653,3d gaze,-15.584393900513096,-87.92074094093293,273.99223599770454,-549576.572031 -549576.559969 -549576.5520360001 -549576.543995 -549576.536064 -549576.528003 -549576.519995 -549576.511924 -549576.492311 -549576.47455 -549576.458144 -549576.451783 -549576.4439600001
73,-549576.435996,219.92299996782094,416,421,0.4464372576307017,0.7738869584974081,1.9070656963151758,0.7988571723302206,3d gaze,-23.32208480436691,-88.73873433642508,287.02232368983863,-549576.435996 -549576.428024 -549576.4084290001 -549576.403808 -549576.391957 -549576.38413 -549576.375984 -549576.367984 -549576.360031 -549576.352041 -549576.33283 -549576.327998 -549576.320002 -549576.307958 -549576.300037 -549576.291997 -549576.28404 -549576.275988 -549576.268023 -549576.2481900001 -549576.243195 -549576.236042 -549576.223998 -549576.216073
74,-549576.207967,99.98099994845688,421,423,0.447173216664521,0.7684194209973373,2.3498544507002723,0.812529593706131,3d gaze,-23.464414979191286,-89.30383782513022,294.1210897951995,-549576.207967 -549576.199993 -549576.192056 -549576.184119 -549576.176044 -549576.168041 -549576.159981 -549576.13077 -549576.113184 -549576.107986
75,-549575.246439,215.3620000462979,442,447,0.6988127942226554,0.3809193322081702,1.8135373562172774,0.7452709361718285,3d gaze,208.1037262070087,38.58309009629554,598.6002832301924,-549575.246439 -549575.142348 -549575.122515 -549575.107957 -549575.031077
76,-549574.984539,131.4999999012798,448,451,0.6971346560234252,0.3836544336902569,0.33563853977415226,0.7252022049461723,3d gaze,206.01542049914622,36.89571539993195,598.2522288539564,-549574.984539 -549574.867613 -549574.8530390001
77,-549574.640049,153.0130000319332,455,458,0.8973606711871128,0.610349842414699,2.7386796089575483,0.7514269550641378,3d gaze,195.27802851101,-44.33299256554037,230.02482380677213,-549574.640049 -549574.627973 -549574.620017 -549574.612019 -549574.6040470001 -549574.595912 -549574.5783330001 -549574.57202 -549574.564031 -549574.555979 -549574.547974 -549574.5358460001 -549574.528012 -549574.520053 -549574.5120710001 -549574.504007 -549574.496031 -549574.487036
78,-549574.480038,212.91200001724064,459,463,0.8799898511491022,0.6215890119474451,1.9598426650760947,0.7461351922580174,3d gaze,190.88918651673208,-48.38847712872702,241.03222753469336,-549574.480038 -549574.472051 -549574.459945 -549574.45202 -549574.424778 -549574.2717640001 -549574.267126
79,-549573.9388240001,90.76900000218302,471,473,0.7290407728557144,0.7197588468811749,0.657400433746265,0.7746523615743506,3d gaze,118.0470854803965,-77.01008155884632,281.3588494855233,-549573.9388240001 -549573.922763 -549573.916034 -549573.907911 -549573.90004 -549573.89202 -549573.863911 -549573.8480550001
80,-549573.831982,117.10200004745275,473,476,0.6820107219797679,0.7516001512196162,1.7534090772982254,0.8118512116621256,3d gaze,89.60779819913279,-81.50909013199377,272.83216875287326,-549573.831982 -549573.823934 -549573.71488
81,-549573.523841,170.44500005431473,480,483,0.7074749869054624,0.6080104658388346,1.8905601846826274,0.8222700568955337,3d gaze,150.93812463853695,-63.77163170614429,410.48401092106576,-549573.523841 -549573.353396
82,-549572.833669,132.34799995552748,495,497,0.821700663630454,0.42764610793860375,1.6228152435777077,0.7969240625974887,3d gaze,280.885625808066,9.934077124959193,458.57087736661333,-549572.833669 -549572.8255650001 -549572.701321
83,-549572.1680610001,108.3199999993667,508,511,0.6950457937036528,0.7224426172764976,1.8497546295918448,0.7888071068695613,3d gaze,105.6726033631098,-81.42854552834982,300.8331286548434,-549572.1680610001 -549572.160026 -549572.152042 -549572.144036 -549572.136071 -549572.127977 -549572.120033 -549572.107955 -549572.100025 -549572.091988 -549572.0839890001 -549572.076017 -549572.068032 -549572.0597410001
84,-549571.976035,84.02700000442564,513,514,0.5748266158798183,0.7573443928478467,2.598966642244049,0.9046950221061707,3d gaze,41.643539780809476,-90.32695022511355,307.3678184452893,-549571.976035 -549571.952848 -549571.9466670001 -549571.9400160001 -549571.932045 -549571.924001 -549571.916042 -549571.907933 -549571.900034 -549571.892008
85,-549571.6779220001,111.75600008573383,519,521,0.47813678011558974,0.8505966978125595,0.2414537178000072,0.8086996444066367,3d gaze,-4.389260249945323,-60.60502578335686,155.2940260876413,-549571.6779220001 -549571.5908850001 -549571.566166
86,-549570.692777,292.1469999710098,541,547,0.4451330170112769,0.5473264228795902,2.4211284382792826,0.7650826475242607,3d gaze,-42.250827137219524,-47.842486820667716,527.7486759322107,-549570.692777 -549570.40063
87,-549570.394152,179.1959999827668,547,550,0.4606686370790015,0.5456017689309787,0.47578105468124865,0.7161406427621841,3d gaze,-29.185836554488944,-47.30980589393913,532.0898035329236,-549570.394152 -549570.341399 -549570.294496 -549570.214956
88,-549570.067757,123.7709999550134,554,556,0.45705184865107507,0.5458988568374953,2.3251416342446616,0.7637689904925308,3d gaze,-32.26102356804693,-47.39181191970042,531.131045991692,-549570.067757 -549569.9759750001 -549569.943986
89,-549568.020651,84.62199999485165,602,604,0.6298619346581417,0.660797880226958,2.951418637228719,0.7705360261214559,3d gaze,90.55766189251808,-79.84529778235556,398.0307086036034,-549568.020651 -549567.996391 -549567.961748 -549567.948191 -549567.9423710001 -549567.936029
90,-549567.723883,207.86199998110533,608,613,0.5289065908407632,0.7493539898162285,1.9113754383403456,0.7638806206017725,3d gaze,18.598711274941852,-91.83477759081605,323.69538972667425,-549567.723883 -549567.715978 -549567.708017 -549567.6918660001 -549567.684018 -549567.656004 -549567.648047 -549567.640011 -549567.631885 -549567.6240000001 -549567.616036 -549567.608027 -549567.5999810001 -549567.592065 -549567.5841270001 -549567.524004 -549567.516021
91,-549567.499991,103.9650000166148,613,616,0.5440401509544711,0.7419189305453521,1.120497279071852,0.7458690079775724,3d gaze,27.42053392505312,-91.59425531616459,331.09209942001524,-549567.499991 -549567.487996 -549567.471988 -549567.4560080001 -549567.448033 -549567.440028 -549567.432038 -549567.42393 -549567.416023 -549567.4039800001 -549567.396026
92,-549567.280024,92.01699995901436,619,621,0.5264308142414731,0.7267025307316007,2.9394373800520217,0.8064611879262057,3d gaze,18.637528716925946,-91.38938355166408,350.29711061811065,-549567.280024 -549567.272028 -549567.264019 -549567.256 -549567.248019 -549567.225508 -549567.219908 -549567.212038 -549567.2039900001 -549567.195827 -549567.188007
93,-549567.171962,195.95699990168214,621,625,0.4818556020672613,0.7489902230323664,1.9153854956918557,0.7904068685713268,3d gaze,-6.857723027539188,-91.73699392106748,324.22806370042485,-549567.171962 -549567.150691 -549567.144053 -549567.135921 -549567.128024 -549567.120016 -549567.112051 -549567.104021 -549567.085591 -549567.080048 -549567.067932 -549567.059891 -549567.052013 -549567.0439780001 -549567.036019 -549567.027992 -549567.019668 -549567.000684 -549566.9959870001 -549566.984053 -549566.9760050001
94,-549566.948803,81.73099998384714,626,628,0.5111384193082076,0.7489501875817235,2.538897998192477,0.7820938169956207,3d gaze,9.022612649297242,-91.96879657459701,324.9678756348363,-549566.948803 -549566.944046 -549566.936024 -549566.927951 -549566.920045 -549566.912049 -549566.899911 -549566.891993 -549566.87182 -549566.867072
95,-549565.92657,90.57899995241314,647,649,0.7409754935876487,0.5819370285091705,2.211523312691793,0.8350807244226011,3d gaze,178.45521736388565,-54.538942274500826,411.9148466020835,-549565.92657 -549565.919998 -549565.912031 -549565.891809 -549565.883946 -549565.87602 -549565.843153 -549565.835991
96,-549565.71598,83.97899998817593,652,653,0.6453316878174399,0.6949279216614861,2.9625534321051625,0.8105598032474518,3d gaze,91.38952411985586,-84.22574826438154,356.54685087599466,-549565.71598 -549565.70804 -549565.699998 -549565.691891 -549565.671515 -549565.666936 -549565.659919 -549565.652004 -549565.643882 -549565.632001
97,-549565.623979,216.0079999594018,654,658,0.6319951043296363,0.7006036471911974,0.45615382349204775,0.7639539400736491,3d gaze,82.82944476261075,-85.6864997335106,356.03673661289525,-549565.623979 -549565.616055 -549565.607836 -549565.600004 -549565.5801 -549565.573759 -549565.568062 -549565.536575 -549565.529122 -549565.523955 -549565.4802250001 -549565.4494790001 -549565.422836 -549565.416049 -549565.4079710001
98,-549565.40005,204.44800006225705,658,663,0.6392143733244805,0.7082573137147947,1.1542043997045703,0.7642735987901688,3d gaze,84.77281070675649,-85.85403100456453,344.74393010667364,-549565.40005 -549565.387886 -549565.379939 -549565.3719820001 -549565.363916 -549565.355906 -549565.348011 -549565.339968 -549565.331944 -549565.3240060001 -549565.315953 -549565.304051 -549565.295984 -549565.287934 -549565.280018 -549565.271792 -549565.263954 -549565.256029 -549565.248039 -549565.240032 -549565.2320290001 -549565.219986 -549565.201878 -549565.195602
99,-549565.175689,123.0020000366494,663,666,0.6447543575532184,0.7093463748636828,0.6557977803293566,0.7418883171948519,3d gaze,87.35008296396732,-85.5547655985598,341.26056223335485,-549565.175689 -549565.171173 -549565.163997 -549565.156016 -549565.135978 -549565.108133 -549565.103072 -549565.096034 -549565.076117 -549565.071536 -549565.052687
100,-549564.876015,83.98500003386289,670,672,0.6607739361797056,0.5547538451954689,1.3365023387075485,0.8068816824392839,3d gaze,135.57957798236365,-48.98972751742297,486.92847014296217,-549564.876015 -549564.868002 -549564.86003 -549564.851894 -549564.844016 -549564.835981 -549564.827962 -549564.820006 -549564.811987 -549564.800047 -549564.79203
101,-549564.722525,379.46299999020994,673,681,0.6066030903444156,0.48641973159870305,2.500487813488017,0.7413909101730036,3d gaze,104.27804441857364,-19.954799114187438,568.8300162434605,-549564.722525 -549564.698752 -549564.6920190001 -549564.683957 -549564.676015 -549564.668002 -549564.651127 -549564.343062
102,-549563.763617,278.33599993027747,694,699,0.6091359038117452,0.7309844506125591,1.4684976947664903,0.92031214316686,3d gaze,63.90938462095422,-88.89788149585912,330.03373529863416,-549563.763617 -549563.719378 -549563.485281
103,-549562.872041,168.05700003169477,713,717,0.6563341540579789,0.21708015367951025,2.4904053428306057,0.7633054559136393,3d gaze,197.77266121539432,159.20805918415303,718.7159253683232,-549562.872041 -549562.836256 -549562.819476 -549562.788256 -549562.7837050001 -549562.7760300001 -549562.757921 -549562.751455 -549562.744022 -549562.735942 -549562.728037 -549562.720015 -549562.712022 -549562.703984
104,-549562.552024,212.00699999462813,720,725,0.7136277654095895,0.11139290746193517,2.514701822792248,0.8457141312269064,3d gaze,282.0548394824401,244.1127940563956,713.5568413908269,-549562.552024 -549562.544001 -549562.531976 -549562.523992 -549562.515976 -549562.50804 -549562.499989 -549562.491856 -549562.483983 -549562.475951 -549562.467976 -549562.460011 -549562.448021 -549562.440033 -549562.431946 -549562.424013 -549562.416039 -549562.40803 -549562.40001 -549562.392032 -549562.384062 -549562.3760320001 -549562.368039 -549562.355957 -549562.347984 -549562.340017
105,-549562.33196,184.17699995916337,725,730,0.7124411634533996,0.1483748810445982,1.281771785441824,0.8666727853857953,3d gaze,273.5814675994302,211.91927171876392,704.4459051002245,-549562.33196 -549562.3240050001 -549562.315998 -549562.308037 -549562.2999420001 -549562.292019 -549562.280041 -549562.272035 -549562.264033 -549562.256008 -549562.248035 -549562.240021 -549562.2319680001 -549562.224037 -549562.215934 -549562.208043 -549562.200031 -549562.187947 -549562.180014 -549562.1720220001 -549562.1639640001 -549562.155985 -549562.147783
106,-549561.963976,151.95999993011355,734,737,0.5019150708008037,0.7310547845540475,2.6960254123433622,0.9697255272614328,3d gaze,4.2708807318147795,-91.78507435635959,346.4276722625252,-549561.963976 -549561.9559930001 -549561.9439460001 -549561.936034 -549561.92801 -549561.920005 -549561.912029 -549561.903937 -549561.896001 -549561.888014 -549561.880046 -549561.872029 -549561.859941 -549561.851972 -549561.844015 -549561.83602 -549561.828066 -549561.819898 -549561.812016
107,-549561.803969,99.96300004422665,737,740,0.49017720678219034,0.7339385165817724,1.2799828282558707,0.9122102398138779,3d gaze,-2.4856560065592608,-91.80024167647039,342.77463402270234,-549561.803969 -549561.796026 -549561.787947 -549561.776022 -549561.768042 -549561.760016 -549561.752032 -549561.744002 -549561.736053 -549561.727995 -549561.719965 -549561.712028 -549561.704006
108,-549560.759975,83.95600004587322,758,760,0.517019947479327,0.4030876258934713,2.686207861623767,0.7180762289151028,3d gaze,23.81874268229541,26.953615065300045,651.7357184199425,-549560.759975 -549560.703383 -549560.676019
109,-549560.649336,82.56799995433539,761,762,0.5065064383397075,0.38339005200475906,2.6870810813960326,0.7551131878782953,3d gaze,12.75845533734859,39.23007088506944,666.3067911793705,-549560.649336 -549560.566768
110,-549560.393887,190.67999999970198,766,770,0.4697420146371167,0.3542456255419102,0.5493498491070608,0.7337176571853726,3d gaze,-27.482206805666124,58.57488538252654,684.9646838758296,-549560.393887 -549560.370627 -549560.3452 -549560.293812 -549560.247647 -549560.203207
111,-549560.142538,92.53899997565895,771,773,0.4722673108931235,0.3486869191372401,0.42215855804559277,0.7422187671208742,3d gaze,-24.836663128985293,62.41471078452395,688.9578732760689,-549560.142538 -549560.094889 -549560.049999
112,-549559.696741,84.81400005985051,781,783,0.6423217031116262,0.33857548711324514,0.8782752033396162,0.7632850938373141,3d gaze,162.5128953049462,67.82024169213383,661.2516891317676,-549559.696741 -549559.683399 -549559.65929 -549559.651996 -549559.6440130001 -549559.635993 -549559.627902 -549559.620017 -549559.611927
113,-549559.536045,212.03899988904595,785,790,0.6876694981700413,0.3505049476694252,1.7014555793785424,0.8080609965324402,3d gaze,205.2622806813797,58.459119245110216,627.0057128858359,-549559.536045 -549559.527959 -549559.5199760001 -549559.512003 -549559.499979 -549559.491878 -549559.483999 -549559.475963 -549559.468015 -549559.449561 -549559.443774 -549559.436031 -549559.4279840001 -549559.415725 -549559.40806 -549559.399956 -549559.392046 -549559.384057 -549559.37604 -549559.368024 -549559.3600100001 -549559.3520290001 -549559.340008 -549559.33167 -549559.3240060001
114,-549559.287244,95.19599995110184,791,793,0.684090719336957,0.32508584698520193,1.5485889471042171,0.771959895437414,3d gaze,207.3528974469021,75.81869201016228,644.9421959388906,-549559.287244 -549559.282636 -549559.26631 -549559.260031 -549559.248019 -549559.240039 -549559.232053 -549559.223955 -549559.216024 -549559.197911 -549559.192048
115,-549558.840024,180.06000004243106,801,805,0.4175084272197074,0.7534600102927921,2.6207224034258525,0.945952984419736,3d gaze,-39.80968210614389,-88.9242410155478,306.9605181641419,-549558.840024 -549558.827922 -549558.8199550001 -549558.811985 -549558.804019 -549558.795995 -549558.7879100001 -549558.779968 -549558.772007 -549558.763907 -549558.755965 -549558.743905 -549558.736041 -549558.728022 -549558.719979 -549558.712019 -549558.704052 -549558.695927 -549558.688021 -549558.680008 -549558.6680160001 -549558.659964
116,-549558.6040320001,219.95300007984042,806,811,0.49393047465568224,0.7496719279104488,2.4044795247518427,0.9344876386501171,3d gaze,-0.3166484616918468,-91.58550106679222,322.9003508609312,-549558.6040320001 -549558.595973 -549558.58796 -549558.576027 -549558.568024 -549558.560038 -549558.5520050001 -549558.543937 -549558.536062 -549558.527976 -549558.520032 -549558.511981 -549558.499969 -549558.49199 -549558.483944 -549558.476029 -549558.4679630001 -549558.4600280001 -549558.452001 -549558.44401 -549558.435959 -549558.427976 -549558.419968 -549558.408031 -549558.400016 -549558.392034 -549558.384079
117,-549558.376024,207.96999998856336,812,816,0.49525355906331225,0.7523990263317,1.8519294603060095,0.8727329721053442,3d gaze,0.3742264233802584,-91.55028620281668,319.70632225183607,-549558.376024 -549558.36802 -549558.360063 -549558.351988 -549558.344029 -549558.331976 -549558.323966 -549558.316031 -549558.307926 -549558.300021 -549558.291998 -549558.2839800001 -549558.276022 -549558.267931 -549558.259954 -549558.248031 -549558.2400250001 -549558.232028 -549558.223753 -549558.216002 -549558.186932 -549558.182941 -549558.17599 -549558.168054
118,-549558.155964,84.04400001745671,816,818,0.4991843423909545,0.7521965770667136,2.265085730878422,0.827883780002594,3d gaze,2.512284400646657,-91.58133599007944,320.0093918948922,-549558.155964 -549558.147981 -549558.140016 -549558.131927 -549558.123979 -549558.115935 -549558.108021 -549558.099977 -549558.092027 -549558.0839130001 -549558.07192
119,-549558.064011,148.0199999641627,818,822,0.5335992158400182,0.7404372839475063,2.8358138511264337,0.7919280164771609,3d gaze,21.760441007350217,-91.46539836127924,332.81398575824767,-549558.064011 -549558.0559190001 -549558.048057 -549558.039901 -549558.031943 -549558.023816 -549558.016044 -549558.007981 -549557.995932 -549557.9879770001 -549557.979971 -549557.9719850001 -549557.964 -549557.955944 -549557.947998 -549557.931616 -549557.923974 -549557.915991
120,-549556.469168,101.28399997483939,852,854,0.4828384397778846,0.4792095346810636,2.628316162958642,0.7600067984916122,3d gaze,-11.176641507690064,-16.680044103659128,590.8371077942713,-549556.469168 -549556.464755 -549556.4586 -549556.4520020001 -549556.425947 -549556.419965 -549556.411958 -549556.40402 -549556.392051 -549556.384083 -549556.376028 -549556.3678840001
121,-549554.7480210001,211.98400005232543,888,893,0.5369358998969458,0.7578297608246197,2.7021572755089123,0.997593526656811,3d gaze,22.07493503062972,-90.88429087365019,310.654499213717,-549554.7480210001 -549554.739956 -549554.731997 -549554.723982 -549554.711937 -549554.703942 -549554.695936 -549554.688 -549554.679985 -549554.672 -549554.663937 -549554.65598 -549554.64803 -549554.640016 -549554.627998 -549554.619997 -549554.611965 -549554.60402 -549554.595962 -549554.587939 -549554.580019 -549554.571922 -549554.564014 -549554.5559810001 -549554.544035 -549554.536037
122,-549554.242806,138.23600008618087,899,902,0.9795156039426606,0.5565435521047104,2.230413980024453,0.7579353794453985,3d gaze,191.26965189261085,-24.116299707094427,158.1065216403412,-549554.242806 -549554.10457
123,-549553.571063,151.05800004675984,913,917,0.6115329135781948,0.3970243340795593,2.6332247429097517,0.7629425299811897,3d gaze,121.71971834979998,30.04303502237532,634.0973848851173,-549553.571063 -549553.522475 -549553.5174830001 -549553.501707 -549553.496041 -549553.487988 -549553.480022 -549553.472013 -549553.459963 -549553.452012 -549553.434149 -549553.427875 -549553.420005
124,-549553.336029,208.0640000058338,919,923,0.5622940704592384,0.7260869001801483,2.4675675163666226,0.9615534864939176,3d gaze,38.95292870897,-89.92810818891164,344.07038355254923,-549553.336029 -549553.328003 -549553.31999 -549553.31203 -549553.304032 -549553.2960420001 -549553.284 -549553.27598 -549553.268012 -549553.259983 -549553.2520120001 -549553.243987 -549553.236011 -549553.227941 -549553.220003 -549553.211975 -549553.19999 -549553.192023 -549553.184058 -549553.17598 -549553.16798 -549553.160003 -549553.15195 -549553.144029 -549553.136037 -549553.127965
125,-549553.115985,215.97600006498396,924,929,0.5649511967592884,0.7166916322214305,1.3465264112890776,0.9635067008159779,3d gaze,41.61354142447967,-89.39572370533057,354.3859260819306,-549553.115985 -549553.108002 -549553.1000120001 -549553.09198 -549553.084003 -549553.075982 -549553.067884 -549553.059906 -549553.051933 -549553.043901 -549553.031971 -549553.0239040001 -549553.016017 -549553.007866 -549552.9999940001 -549552.991973 -549552.984117 -549552.976001 -549552.96796 -549552.959902 -549552.947963 -549552.939981 -549552.932015 -549552.92396 -549552.916006 -549552.907992 -549552.900009
126,-549552.891953,219.92199996020645,929,934,0.5660357758309781,0.7124290991059032,1.5160342817926975,0.9001513719558716,3d gaze,42.754955460946604,-89.04141171576664,358.9413826408533,-549552.891953 -549552.884015 -549552.875886 -549552.86401 -549552.856024 -549552.848007 -549552.840033 -549552.832006 -549552.8240060001 -549552.815983 -549552.807859 -549552.800036 -549552.7919760001 -549552.779988 -549552.771865 -549552.76399 -549552.755995 -549552.7479900001 -549552.739977 -549552.731958 -549552.723974 -549552.716001 -549552.707998 -549552.695967 -549552.687989 -549552.680016 -549552.672031
127,-549552.664036,208.03700003307313,934,939,0.5654172880484212,0.7176616694383455,0.7935810255899856,0.797091910472283,3d gaze,41.75234310115566,-89.43380332188859,353.1491759552258,-549552.664036 -549552.655961 -549552.648007 -549552.639975 -549552.632022 -549552.62402 -549552.611989 -549552.603993 -549552.595983 -549552.587819 -549552.580006 -549552.571959 -549552.564011 -549552.55594 -549552.548016 -549552.539998 -549552.527889 -549552.52002 -549552.51199 -549552.504032 -549552.496044 -549552.487917 -549552.48003 -549552.472036 -549552.464042 -549552.455999
128,-549552.443974,131.9500000681728,939,942,0.5603789811303682,0.7213703873434147,2.550628761965918,0.8173099861425512,3d gaze,38.48335160201876,-89.74101140110409,349.7140612502468,-549552.443974 -549552.436005 -549552.427995 -549552.419937 -549552.411995 -549552.403969 -549552.395895 -549552.387961 -549552.3799630001 -549552.371976 -549552.359921 -549552.3520300001 -549552.344013 -549552.335911 -549552.327959 -549552.320018 -549552.312024
129,-549552.304026,136.02899992838502,942,945,0.5224785027344819,0.7473275127997999,2.947665695792235,0.8275700083800724,3d gaze,15.178711630494389,-91.06959417908345,323.51191696603206,-549552.304026 -549552.296 -549552.275975 -549552.2679580001 -549552.25997 -549552.25199 -549552.243988 -549552.23599 -549552.2279920001 -549552.219775 -549552.202135 -549552.181784 -549552.1755980001 -549552.167997
130,-549552.159998,144.00400000158697,945,948,0.5067610108706436,0.7480657127791732,1.0085759537510188,0.8577797843350304,3d gaze,6.60330392952561,-91.16431519266578,323.2441492094818,-549552.159998 -549552.152032 -549552.1439820001 -549552.136026 -549552.127916 -549552.119995 -549552.108001 -549552.099977 -549552.092004 -549552.083934 -549552.075972 -549552.067974 -549552.059982 -549552.051968 -549552.043961 -549552.035827 -549552.024009 -549552.015994
131,-549551.987828,122.88199993781745,949,951,0.47049426225624075,0.6845027172845078,2.8779334370558,0.8239526257812044,3d gaze,-15.485633128959355,-86.0652359918421,393.47269876815227,-549551.987828 -549551.973135 -549551.965386 -549551.959916 -549551.87051 -549551.864946
132,-549551.647443,97.29599999263883,956,958,0.4694253492876415,0.6346733806094621,0.8555352833044902,0.7062707347148994,3d gaze,-18.318333474075178,-76.54273464710595,445.82827240627466,-549551.647443 -549551.592441 -549551.550147
133,-549550.2519350001,115.90900004375726,984,987,0.5231964810963926,0.7592223958388443,2.9033178878194836,1.0,3d gaze,14.823163966374151,-90.84283843470843,309.392438626011,-549550.2519350001 -549550.243968 -549550.235994 -549550.227988 -549550.219958 -549550.212023 -549550.203996 -549550.196015 -549550.187928 -549550.175927 -549550.16513 -549550.158939 -549550.152016 -549550.143922 -549550.136026
134,-549550.128018,212.03000005334616,987,991,0.5289213643800097,0.7600320121908257,1.9651298335865117,0.9987273399646466,3d gaze,17.75103490052114,-90.74979671655079,308.07026010959953,-549550.128018 -549550.120014 -549550.111962 -549550.104013 -549550.0919540001 -549550.083986 -549550.076014 -549550.067871 -549550.0600020001 -549550.051996 -549550.043991 -549550.036003 -549550.027997 -549550.0199600001 -549550.00798 -549550.000011 -549549.992002 -549549.9841230001 -549549.976026 -549549.968015 -549549.959994 -549549.951667 -549549.944028 -549549.9359640001 -549549.923987 -549549.915988
135,-549549.907426,215.42599995154887,992,997,0.5370618364523165,0.7584077759475447,1.3531594609546431,0.9979435161308006,3d gaze,22.06063124672997,-90.55252806804417,308.92660899575526,-549549.907426 -549549.9000060001 -549549.891875 -549549.884009 -549549.875996 -549549.868013 -549549.859987 -549549.852006 -549549.839931 -549549.831991 -549549.8240060001 -549549.816033 -549549.807945 -549549.800006 -549549.791973 -549549.784053 -549549.776016 -549549.768039 -549549.755923 -549549.747923 -549549.739931 -549549.731884 -549549.723971 -549549.715841 -549549.7079960001 -549549.699987 -549549.692
136,-549549.515903,143.9030000474304,1000,1004,0.6748722802223389,0.3063708995268715,1.957239174097403,0.7687441441747878,3d gaze,201.41700173722293,89.2022691511119,660.1652765401034,-549549.515903 -549549.50399 -549549.4959870001 -549549.487973 -549549.480014 -549549.471978 -549549.463929 -549549.4560080001 -549549.447969 -549549.439958 -549549.4319130001 -549549.419928 -549549.4120070001 -549549.403909 -549549.395998 -549549.387825 -549549.37995 -549549.372
137,-549549.280011,83.9840000262484,1006,1008,0.6993898346218628,0.15017367342725477,2.805622813115307,0.8380296609618447,3d gaze,258.174880268258,211.500247608515,713.1239390414431,-549549.280011 -549549.271942 -549549.264041 -549549.2519810001 -549549.244013 -549549.235914 -549549.227948 -549549.219958 -549549.211951 -549549.203825 -549549.196027
138,-549549.187918,119.9120000237599,1008,1011,0.7015180174695443,0.09096327377109216,2.405771295224211,0.8309102177619934,3d gaze,271.31623957018274,263.70933010383334,727.3695775203917,-549549.187918 -549549.180011 -549549.167931 -549549.159957 -549549.15205 -549549.144011 -549549.136025 -549549.1279590001 -549549.120003 -549549.112017 -549549.10399 -549549.096012 -549549.083948 -549549.075961 -549549.068006
139,-549549.059932,131.90799998119473,1011,1014,0.6953794699235786,0.04321840336756367,2.6994625575414464,0.8363877885481891,3d gaze,271.86189621850747,308.67226122501853,740.6348334337375,-549549.059932 -549549.052003 -549549.0439940001 -549549.036018 -549549.027999 -549549.019988 -549549.011989 -549548.9999940001 -549548.992031 -549548.984022 -549548.9760520001 -549548.9678870001 -549548.959972 -549548.952027 -549548.944034 -549548.936018 -549548.928024
140,-549548.49593,191.97099993471056,1023,1027,0.5525747005808594,0.7107859274008116,2.88017952190689,0.8114043275515238,3d gaze,34.858994523578225,-88.96647371161072,361.7963986903425,-549548.49593 -549548.488002 -549548.480007 -549548.471914 -549548.464044 -549548.455887 -549548.448035 -549548.4399850001 -549548.432024 -549548.423975 -549548.411941 -549548.403968 -549548.395974 -549548.387972 -549548.380001 -549548.371964 -549548.363944 -549548.355953 -549548.3479480001 -549548.339807 -549548.32803 -549548.319956 -549548.312038 -549548.303959
141,-549548.067939,123.91199998091906,1032,1035,0.4309112354842389,0.6333619158756743,1.1349867595112415,0.7421095003141907,3d gaze,-45.9687463780343,-75.27466548239607,439.82765178645377,-549548.067939 -549547.944027
