world_index,world_timestamp,img_to_surf_trans,surf_to_img_trans,num_detected_markers,dist_img_to_surf_trans,surf_to_dist_img_trans,num_definition_markers
130,-549480.9286489999,"[[ 1.02209755e-03 -4.59353846e-04  1.73968629e-01]
 [-5.26322131e-04 -1.99966738e-03  1.66309157e-01]
 [-1.09870296e-04 -1.14854905e-04  1.00009273e+00]]","[[ 8.66613257e+02 -1.92251849e+02 -1.18779263e+02]
 [-2.22301950e+02 -4.55589661e+02  1.14431687e+02]
 [ 6.96761244e-02 -7.34426646e-02  1.00000000e+00]]",1,"[[ 2.51769609e-03 -7.06303704e-05 -2.16421275e-01]
 [-3.04195408e-03 -4.17826546e-03  1.04154721e+00]
 [-1.12158343e-04  1.11823020e-04  9.89757877e-01]]","[[ 3.96102023e+02 -4.25788516e+00  9.10926754e+01]
 [-2.69597225e+02 -2.29879918e+02  1.82958093e+02]
 [ 7.53450155e-02  2.54893747e-02  1.00000000e+00]]",8
131,-549480.877579,"[[ 1.01249464e-03 -4.51449078e-04  1.44010406e-01]
 [-4.88605460e-04 -1.93035060e-03  1.59703533e-01]
 [-1.09078015e-04 -2.56036344e-05  9.92406295e-01]]","[[ 8.78877721e+02 -2.04286656e+02 -9.46610652e+01]
 [-2.14926076e+02 -4.69191221e+02  1.06693285e+02]
 [ 9.10547922e-02 -3.45586114e-02  1.00000000e+00]]",1,"[[ 2.39615269e-03 -7.21013404e-05 -2.32364070e-01]
 [-2.80445731e-03 -3.99723100e-03  9.84808820e-01]
 [-4.62458485e-07  3.16955917e-04  9.44691296e-01]]","[[ 4.18017861e+02  5.66007740e-01  1.02229080e+02]
 [-2.70842738e+02 -2.31439187e+02  1.74648833e+02]
 [ 9.10758091e-02  7.76510611e-02  1.00000000e+00]]",8
132,-549480.826469,"[[ 1.22733562e-03 -4.63552307e-04  1.42676170e-01]
 [-4.68460285e-04 -2.25656029e-03  1.51224704e-01]
 [-4.87818555e-04 -2.08154049e-04  9.76457832e-01]]","[[ 7.27206858e+02 -1.41607415e+02 -8.43257612e+01]
 [-1.28456113e+02 -4.24560949e+02  8.45215507e+01]
 [ 3.35914494e-01 -1.61248955e-01  1.00000000e+00]]",2,"[[ 2.31851861e-03 -2.74495269e-05 -2.70685772e-01]
 [-1.64213901e-03 -4.03855109e-03  8.90890631e-01]
 [-2.55497865e-04  1.41689177e-04  1.00593808e+00]]","[[ 4.45208876e+02  1.14159364e+00  1.18789294e+02]
 [-1.51380633e+02 -2.40539816e+02  1.72294985e+02]
 [ 1.34400832e-01  3.41706554e-02  1.00000000e+00]]",8
133,-549480.774275,"[[ 1.11753579e-03 -4.25900465e-04  8.84672375e-02]
 [-4.98543677e-04 -2.15350382e-03  1.07601657e-01]
 [-2.65804616e-04 -2.45088642e-04  1.00069597e+00]]","[[ 8.12780934e+02 -1.54456916e+02 -5.52462141e+01]
 [-1.79571992e+02 -4.35987560e+02  6.27555456e+01]
 [ 1.71910224e-01 -1.47808090e-01  1.00000000e+00]]",2,"[[ 2.20268771e-03 -2.00733229e-05 -2.82910484e-01]
 [-2.13425648e-03 -3.83855396e-03  8.60461924e-01]
 [ 2.79771404e-04  3.15308015e-04  9.15758405e-01]]","[[ 4.45576456e+02  8.33393960e+00  1.29823775e+02]
 [-2.58319819e+02 -2.46679884e+02  1.51980328e+02]
 [-4.71841054e-02  8.23891394e-02  1.00000000e+00]]",8
134,-549480.724269,"[[ 1.20363561e-03 -5.06833185e-04  8.23278232e-02]
 [-4.24236792e-04 -2.28101120e-03  1.04715489e-01]
 [-5.53432000e-04 -1.18368363e-04  9.81252078e-01]]","[[ 7.51844027e+02 -1.64695903e+02 -4.55045864e+01]
 [-1.21036135e+02 -4.14329682e+02  5.43707148e+01]
 [ 4.09443917e-01 -1.42870025e-01  1.00000000e+00]]",3,"[[ 2.26830250e-03 -1.26721461e-05 -3.05929630e-01]
 [-1.65006986e-03 -4.71974517e-03  8.95728785e-01]
 [-4.15815029e-04 -2.70112068e-04  1.09486354e+00]]","[[ 4.59183226e+02 -8.99711735e+00  1.35666890e+02]
 [-1.33698268e+02 -2.19663759e+02  1.42352800e+02]
 [ 1.41407367e-01 -5.76098906e-02  1.00000000e+00]]",8
136,-549480.623194,"[[ 1.20134162e-03 -4.98421594e-04  4.49726173e-02]
 [-4.09410504e-04 -2.30410729e-03  8.20339960e-02]
 [-6.14847946e-04 -4.17169182e-04  1.00343914e+00]]","[[ 7.66402699e+02 -1.61965594e+02 -2.11078575e+01]
 [-1.21255218e+02 -4.14903007e+02  3.93539723e+01]
 [ 4.19195512e-01 -2.71734428e-01  1.00000000e+00]]",3,"[[ 2.15760367e-03 -5.89508026e-05 -3.13158613e-01]
 [-1.45646121e-03 -4.26517727e-03  7.74496594e-01]
 [-4.09173553e-04 -4.83783356e-05  1.06717856e+00]]","[[ 4.86006886e+02 -8.40413237e+00  1.48715706e+02]
 [-1.33219690e+02 -2.34099209e+02  1.30802989e+02]
 [ 1.80303675e-01 -1.38346845e-02  1.00000000e+00]]",8
137,-549480.5688669999,"[[ 1.20299077e-03 -5.03667753e-04  3.01364666e-02]
 [-3.99313084e-04 -2.28644503e-03  6.42621979e-02]
 [-6.12466113e-04 -4.24373476e-04  1.00526314e+00]]","[[ 7.69459240e+02 -1.67202161e+02 -1.23788526e+01]
 [-1.22660541e+02 -4.15957787e+02  3.02676141e+01]
 [ 4.17018998e-01 -2.77466762e-01  1.00000000e+00]]",3,"[[ 2.13283189e-03 -6.62601570e-05 -3.20911148e-01]
 [-1.42582545e-03 -4.26274935e-03  7.46675901e-01]
 [-4.12267293e-04 -4.21052926e-05  1.06881536e+00]]","[[ 4.92548760e+02 -9.18028156e+00  1.54300817e+02]
 [-1.32384846e+02 -2.33752974e+02  1.23551686e+02]
 [ 1.84772458e-01 -1.27495990e-02  1.00000000e+00]]",8
138,-549480.517913,"[[ 1.19685146e-03 -4.86567664e-04  2.21768826e-02]
 [-4.21789331e-04 -2.23827438e-03  5.50615601e-02]
 [-5.66834091e-04 -6.74302766e-04  1.01310420e+00]]","[[ 7.73367254e+02 -1.65732113e+02 -7.92159984e+00]
 [-1.37340682e+02 -4.24777637e+02  2.60927825e+01]
 [ 3.41289398e-01 -3.75451356e-01  1.00000000e+00]]",2,"[[ 2.16684227e-03 -1.21427005e-04 -3.26093928e-01]
 [-1.85937652e-03 -3.71718709e-03  7.40148640e-01]
 [-5.53056346e-04 -5.94592191e-04  1.15858923e+00]]","[[ 4.66962453e+02 -4.04061981e+01  1.57243145e+02]
 [-2.10729319e+02 -2.81405442e+02  1.20460558e+02]
 [ 1.14759000e-01 -1.63706324e-01  1.00000000e+00]]",8
139,-549480.469668,"[[ 1.18641790e-03 -3.97113686e-04  3.40962293e-03]
 [-3.69104565e-04 -2.24130208e-03  4.50388750e-02]
 [-7.52807705e-04 -4.53101493e-05  1.00363175e+00]]","[[ 8.01013407e+02 -1.41997287e+02  3.65098489e+00]
 [-1.19948592e+02 -4.25310825e+02  1.94937042e+01]
 [ 5.95411787e-01 -1.25710997e-01  1.00000000e+00]]",1,"[[ 2.08764214e-03  6.11415742e-06 -3.41326533e-01]
 [-1.60808552e-03 -3.70520900e-03  6.82182013e-01]
 [-8.13565182e-04  3.79949350e-04  1.08969897e+00]]","[[ 5.56191583e+02  1.76496785e+01  1.63166761e+02]
 [-1.54987736e+02 -2.58527871e+02  1.13298847e+02]
 [ 4.69290702e-01  1.03319048e-01  1.00000000e+00]]",8
140,-549480.420615,"[[ 1.21090146e-03 -4.76295312e-04  5.34806039e-04]
 [-4.31815092e-04 -2.22485457e-03  4.66113771e-02]
 [-5.41794446e-04 -7.33973193e-04  1.01827048e+00]]","[[ 7.69477144e+02 -1.67119486e+02  7.24576475e+00]
 [-1.42926325e+02 -4.25317520e+02  1.95439949e+01]
 [ 3.06396342e-01 -3.95490270e-01  1.00000000e+00]]",2,"[[ 2.14752192e-03 -1.05037904e-04 -3.44237935e-01]
 [-1.84325917e-03 -3.70047855e-03  7.27451756e-01]
 [-5.49666409e-04 -6.60480330e-04  1.16644206e+00]]","[[ 4.71216751e+02 -4.29806850e+01  1.65869410e+02]
 [-2.14999753e+02 -2.84472961e+02  1.13961327e+02]
 [ 1.00312665e-01 -1.81332482e-01  1.00000000e+00]]",8
141,-549480.3742389999,"[[ 1.19952235e-03 -4.90549323e-04  6.13602464e-03]
 [-4.39512203e-04 -2.21295102e-03  3.53690982e-02]
 [-5.33294629e-04 -8.41116927e-04  1.01392466e+00]]","[[ 7.71410886e+02 -1.71499682e+02  1.31409455e+00]
 [-1.48695900e+02 -4.24899231e+02  1.57217839e+01]
 [ 2.82386509e-01 -4.42685550e-01  1.00000000e+00]]",2,"[[ 2.14150637e-03 -1.21218960e-04 -3.36374823e-01]
 [-1.88451270e-03 -3.72318933e-03  7.26070614e-01]
 [-5.75543650e-04 -7.55743139e-04  1.17892511e+00]]","[[ 4.68275046e+02 -4.84195203e+01  1.63430167e+02]
 [-2.19932464e+02 -2.84219746e+02  1.12292003e+02]
 [ 8.76224265e-02 -2.05835527e-01  1.00000000e+00]]",8
142,-549480.3264349999,"[[ 1.22441831e-03 -5.26927072e-04  2.96386054e-02]
 [-4.49827586e-04 -2.20829849e-03  7.98797230e-03]
 [-1.29787716e-03 -7.34982647e-04  9.78749152e-01]]","[[ 7.32936786e+02 -1.67956855e+02 -2.08241197e+01]
 [-1.46179698e+02 -4.20572793e+02  7.85909871e+00]
 [ 8.62143656e-01 -5.38545621e-01  1.00000000e+00]]",1,"[[ 2.28667837e-03 -1.49799745e-04 -3.34068633e-01]
 [-2.09358185e-03 -3.77798288e-03  7.36895126e-01]
 [-2.52485521e-03 -1.06893860e-03  1.50475952e+00]]","[[ 5.47017943e+02 -6.50658148e+01  1.53305705e+02]
 [-1.44067261e+02 -2.90129312e+02  1.10095016e+02]
 [ 8.15507084e-01 -3.15274419e-01  1.00000000e+00]]",8
143,-549480.278132,"[[ 1.21593223e-03 -5.23456387e-04  4.09761849e-02]
 [-4.47560860e-04 -2.12310104e-03 -2.14957988e-03]
 [-1.70442747e-03 -1.58624601e-03  9.55518359e-01]]","[[ 721.66109957 -154.545751    -31.29518844]
 [-153.17583066 -437.41576823    5.58471847]
 [   1.03299371   -1.00182381    1.        ]]",1,"[[ 2.30392029e-03 -1.42751575e-04 -3.26491002e-01]
 [-2.07931906e-03 -3.65764635e-03  7.11584037e-01]
 [-3.89968379e-03 -2.67065393e-03  1.87329331e+00]]","[[ 567.58260664 -130.60436447  148.53338407]
 [-128.4105506  -348.78420525  110.10789506]
 [   0.99848355   -0.76912549    1.        ]]",8
181,-549478.59881,"[[ 1.25733673e-03 -6.94962821e-04 -1.32388838e-01]
 [-7.90378170e-04 -2.06002809e-03 -9.37803686e-03]
 [-1.39344152e-03 -7.20520682e-04  1.09143536e+00]]","[[ 7.18328754e+02 -2.71990532e+02  8.47947341e+01]
 [-2.78940367e+02 -3.78356819e+02 -3.70858746e+01]
 [ 7.32949321e-01 -5.97027398e-01  1.00000000e+00]]",1,"[[ 1.95991459e-03 -4.40078313e-04 -3.94255631e-01]
 [-2.44753927e-03 -3.70319593e-03  7.70005916e-01]
 [-2.31417261e-03 -8.08952798e-04  1.55225978e+00]]","[[ 6.14923671e+02 -1.20221145e+02  2.15819618e+02]
 [-2.42024769e+02 -2.55537675e+02  6.52892609e+01]
 [ 7.90623400e-01 -3.12402863e-01  1.00000000e+00]]",8
183,-549478.498296,"[[ 1.21818347e-03 -6.77020913e-04 -1.24226871e-01]
 [-8.47154864e-04 -2.05877816e-03  3.27425154e-02]
 [-5.99914559e-04 -1.19059073e-03  1.02885640e+00]]","[[ 6.74735251e+02 -2.74041092e+02  9.01904708e+01]
 [-2.76474097e+02 -3.82542956e+02 -2.12081036e+01]
 [ 7.34951969e-02 -6.02468269e-01  1.00000000e+00]]",1,"[[ 1.88408840e-03 -4.31327678e-04 -3.75665063e-01]
 [-2.48822372e-03 -3.62656817e-03  8.09525366e-01]
 [-9.67968887e-04 -1.22240467e-03  1.30085028e+00]]","[[ 4.71546631e+02 -1.29054585e+02  2.16486523e+02]
 [-3.10296809e+02 -2.64012261e+02  7.46872663e+01]
 [ 5.92952166e-02 -3.44121572e-01  1.00000000e+00]]",8
186,-549478.3383389999,"[[ 1.24552381e-03 -7.04116750e-04 -1.34466806e-01]
 [-8.54612444e-04 -2.07134947e-03  8.79766983e-02]
 [-5.63195805e-04 -7.69696852e-04  1.05897647e+00]]","[[ 6.68139779e+02 -2.66886219e+02  1.07011246e+02]
 [-2.68874053e+02 -3.90754660e+02 -1.67834730e+00]
 [ 1.59911022e-01 -4.25950760e-01  1.00000000e+00]]",2,"[[ 1.85033556e-03 -4.70895085e-04 -3.73351964e-01]
 [-2.26131519e-03 -3.53678471e-03  8.07508374e-01]
 [-6.35144664e-04 -5.82852982e-04  1.19174389e+00]]","[[ 4.92080847e+02 -1.02350819e+02  2.23511526e+02]
 [-2.86765774e+02 -2.58637496e+02  8.54104476e+01]
 [ 1.22006280e-01 -1.81041594e-01  1.00000000e+00]]",8
188,-549478.239482,"[[ 1.27330792e-03 -7.20421545e-04 -1.33599192e-01]
 [-8.46392035e-04 -2.11997795e-03  8.33412946e-02]
 [-1.50658154e-03 -6.83310597e-04  1.15484578e+00]]","[[ 7.22633940e+02 -2.79004355e+02  1.03733240e+02]
 [-2.57435721e+02 -3.83542176e+02 -2.10270746e+00]
 [ 7.90407182e-01 -5.90919806e-01  1.00000000e+00]]",1,"[[ 1.92594627e-03 -4.82218600e-04 -3.85361643e-01]
 [-2.40172434e-03 -3.60235060e-03  8.39119140e-01]
 [-2.36498088e-03 -7.15757093e-04  1.58476691e+00]]","[[ 6.30956503e+02 -1.28460705e+02  2.21445986e+02]
 [-2.25006461e+02 -2.64424312e+02  8.52962300e+01]
 [ 8.39965860e-01 -3.11131363e-01  1.00000000e+00]]",8
214,-549477.099448,"[[ 8.87510778e-04 -6.04422695e-04  1.22957588e-01]
 [-8.85440737e-04 -1.67165112e-03 -1.18831661e-01]
 [ 2.55762349e-06 -3.10788154e-04  1.00087594e+00]]","[[ 8.47065730e+02 -2.80731870e+02 -1.37392645e+02]
 [-4.38833611e+02 -4.39854669e+02  1.68778299e+00]
 [-1.38429507e-01 -1.35864605e-01  1.00000000e+00]]",1,"[[ 2.14710773e-03 -4.25397343e-04 -1.61587485e-01]
 [-4.58422569e-03 -4.21862768e-03  9.30048111e-01]
 [-7.64191628e-05  1.92720310e-04  9.85486887e-01]]","[[ 3.93954851e+02 -3.52546811e+01  9.78670790e+01]
 [-4.03945742e+02 -1.91097813e+02  1.14113729e+02]
 [ 1.09544074e-01  3.46369870e-02  1.00000000e+00]]",8
215,-549477.052266,"[[ 8.96241578e-04 -6.15759087e-04  6.04607327e-02]
 [-7.75886678e-04 -1.63141060e-03 -2.71362647e-02]
 [ 5.49022529e-05 -2.17313997e-04  1.00579508e+00]]","[[ 8.48891261e+02 -3.12484844e+02 -5.94596852e+01]
 [-4.01512581e+02 -4.62970875e+02  1.16449611e+01]
 [-1.33089084e-01 -8.29730937e-02  1.00000000e+00]]",1,"[[ 1.87768062e-03 -4.66624498e-04 -1.94030143e-01]
 [-3.61185568e-03 -3.74690572e-03  8.80019791e-01]
 [ 4.13405601e-04  5.13558943e-04  8.90033067e-01]]","[[ 4.34223981e+02 -3.61965290e+01  1.30451561e+02]
 [-4.10334637e+02 -2.00829787e+02  1.09116057e+02]
 [ 3.50777941e-02  1.32693700e-01  1.00000000e+00]]",8
218,-549476.9105489999,"[[ 1.16310852e-03 -7.24812248e-04 -1.93538551e-03]
 [-7.99183979e-04 -2.01108252e-03  3.31642323e-02]
 [-1.27407296e-03 -7.71117548e-04  1.02197703e+00]]","[[ 6.95494307e+02 -2.54332046e+02  9.57044666e+00]
 [-2.65386227e+02 -4.06461887e+02  1.26875374e+01]
 [ 6.66811967e-01 -6.23759104e-01  1.00000000e+00]]",1,"[[ 1.99799385e-03 -4.92625385e-04 -2.81390031e-01]
 [-2.60777196e-03 -3.52897569e-03  8.21282716e-01]
 [-2.26385262e-03 -9.14452743e-04  1.47909192e+00]]","[[ 5.36097540e+02 -1.18283605e+02  1.67668271e+02]
 [-2.39681492e+02 -2.78109729e+02  1.08825374e+02]
 [ 6.72350659e-01 -3.52983374e-01  1.00000000e+00]]",8
220,-549476.807967,"[[ 1.16518059e-03 -7.09948210e-04 -2.25599354e-03]
 [-7.70835243e-04 -2.02457804e-03  1.69069655e-02]
 [-1.21897880e-03 -5.61110692e-04  1.01041789e+00]]","[[ 7.00621659e+02 -2.47263555e+02  5.70167490e+00]
 [-2.60905267e+02 -4.04152583e+02  6.18001049e+00]
 [ 7.00350044e-01 -5.22737545e-01  1.00000000e+00]]",1,"[[ 2.01858598e-03 -4.67132330e-04 -2.87298523e-01]
 [-2.59211148e-03 -3.57954920e-03  8.08319885e-01]
 [-2.09263274e-03 -5.77082886e-04  1.40942037e+00]]","[[ 5.42716659e+02 -9.76924272e+01  1.66656046e+02]
 [-2.32544433e+02 -2.65966856e+02  1.05133025e+02]
 [ 7.10582351e-01 -2.53947865e-01  1.00000000e+00]]",8
223,-549476.6602259999,"[[ 1.15148208e-03 -6.99717882e-04  3.06609105e-03]
 [-7.67451695e-04 -2.00404503e-03 -2.55071270e-04]
 [-1.35975258e-03 -6.33694079e-04  9.97436288e-01]]","[[ 7.02753878e+02 -2.44665596e+02 -2.22281319e+00]
 [-2.69220693e+02 -4.05220550e+02  7.23951040e-01]
 [ 7.86985441e-01 -5.90985655e-01  1.00000000e+00]]",1,"[[ 2.02007325e-03 -4.53692513e-04 -2.83563052e-01]
 [-2.62228838e-03 -3.58554524e-03  7.97000009e-01]
 [-2.47446457e-03 -7.79491033e-04  1.48453422e+00]]","[[ 5.57539996e+02 -1.06080945e+02  1.63448072e+02]
 [-2.27769409e+02 -2.72413376e+02  1.02743657e+02]
 [ 8.09727883e-01 -3.19856098e-01  1.00000000e+00]]",8
225,-549476.5650859999,"[[ 9.37522098e-04 -5.41727252e-04  5.35989012e-03]
 [-6.38421947e-04 -1.81343401e-03 -1.73979954e-02]
 [-1.33115345e-03  1.67485159e-04  9.88599186e-01]]","[[ 8.74808690e+02 -2.62195869e+02 -9.35724114e+00]
 [-3.19798439e+02 -4.56488394e+02 -6.29972041e+00]
 [ 1.23211319e+00 -2.75711237e-01  1.00000000e+00]]",1,"[[ 1.60789464e-03 -2.96689020e-04 -2.27969723e-01]
 [-2.04521346e-03 -3.31834894e-03  6.52370281e-01]
 [-1.83499670e-03  5.58328226e-04  1.23862185e+00]]","[[ 7.52971104e+02 -4.04223340e+01  1.59875223e+02]
 [-2.24851992e+02 -2.64752212e+02  9.80581999e+01]
 [ 1.21686915e+00  5.94562281e-02  1.00000000e+00]]",8
232,-549476.233071,"[[ 1.14548352e-03 -6.92009380e-04  8.78901055e-03]
 [-7.60773271e-04 -1.99266872e-03  2.18880094e-02]
 [-1.38479009e-03 -8.31894130e-04  1.00823854e+00]]","[[ 7.08741412e+02 -2.45778313e+02 -8.42595970e-01]
 [-2.62272124e+02 -4.15478291e+02  1.13059605e+01]
 [ 7.57038545e-01 -6.80379982e-01  1.00000000e+00]]",1,"[[ 2.00793597e-03 -4.48153397e-04 -2.77451536e-01]
 [-2.56464741e-03 -3.50868419e-03  8.00867669e-01]
 [-2.58946360e-03 -1.09925185e-03  1.54129906e+00]]","[[ 5.52509423e+02 -1.21510670e+02  1.62595670e+02]
 [-2.29306881e+02 -2.89994421e+02  1.09404861e+02]
 [ 7.64703653e-01 -4.10967847e-01  1.00000000e+00]]",8
234,-549476.1342549999,"[[ 1.00618952e-03 -5.78325603e-04  2.16508884e-02]
 [-7.10196821e-04 -1.89383061e-03  1.68238864e-02]
 [-1.06389504e-03  2.31597172e-05  9.85312723e-01]]","[[ 8.05777812e+02 -2.46228269e+02 -1.35015906e+01]
 [-2.94380578e+02 -4.37963759e+02  1.39466925e+01]
 [ 8.76960960e-01 -2.55571568e-01  1.00000000e+00]]",1,"[[ 1.73892188e-03 -3.19840042e-04 -2.33486289e-01]
 [-2.19731880e-03 -3.39850568e-03  7.20635085e-01]
 [-1.37822770e-03  4.35679835e-04  1.16466549e+00]]","[[ 6.46059947e+02 -4.09497634e+01  1.54856460e+02]
 [-2.36814501e+02 -2.57611831e+02  1.11921565e+02]
 [ 8.53114497e-01  4.79091912e-02  1.00000000e+00]]",8
235,-549476.0885099999,"[[ 7.10053161e-04 -5.70221533e-04 -7.66976892e-03]
 [-4.28315851e-04 -1.13347083e-03  8.26551777e-02]
 [ 3.38227780e-04  3.06960423e-04  9.65789713e-01]]","[[ 1.06768622e+03 -5.22715623e+02  5.32145442e+01]
 [-4.20966906e+02 -6.56165058e+02  5.28134850e+01]
 [-2.40115376e-01  3.91610765e-01  1.00000000e+00]]",1,"[[ 1.21178708e-03 -5.32995490e-04 -1.53529603e-01]
 [-1.81998353e-03 -2.25271143e-03  5.86317136e-01]
 [ 1.67787555e-03  1.65022546e-03  5.09165737e-01]]","[[ 5.71525645e+02 -4.87170686e+00  1.77942984e+02]
 [-5.16356242e+02 -2.36389075e+02  1.16510189e+02]
 [-2.09842660e-01  7.82199896e-01  1.00000000e+00]]",8
237,-549475.99712,"[[ 9.99132420e-04 -6.09166807e-04  6.50728126e-02]
 [-9.30747803e-04 -1.74206129e-03 -3.37212068e-02]
 [-4.08137204e-04  5.18298777e-06  9.76256024e-01]]","[[ 7.36944969e+02 -2.57868755e+02 -5.80285561e+01]
 [-3.99739461e+02 -4.34216426e+02  1.16464010e+01]
 [ 3.10212174e-01 -1.05500290e-01  1.00000000e+00]]",1,"[[ 2.14017277e-03 -3.81875268e-04 -2.40079706e-01]
 [-4.11304903e-03 -4.11246125e-03  9.91069090e-01]
 [-7.80076526e-04  5.19571530e-04  1.04593397e+00]]","[[ 4.64353196e+02 -2.64824944e+01  1.31679211e+02]
 [-3.40228618e+02 -1.97762160e+02  1.09293684e+02]
 [ 5.15332845e-01  7.84879520e-02  1.00000000e+00]]",8
238,-549475.9527329999,"[[ 9.12316917e-04 -5.61345750e-04  7.78379368e-02]
 [-8.06664286e-04 -1.73301864e-03 -2.76957447e-02]
 [-3.72228447e-05 -2.60619874e-04  1.00205472e+00]]","[[ 8.57374947e+02 -2.66590508e+02 -7.39677362e+01]
 [-3.97935353e+02 -4.50906110e+02  1.84483800e+01]
 [-7.16487086e-02 -1.27177037e-01  1.00000000e+00]]",1,"[[ 2.02833012e-03 -3.46471970e-04 -2.09557035e-01]
 [-3.90771362e-03 -4.05537142e-03  9.47199985e-01]
 [-3.22252154e-05  2.48009224e-04  9.75423656e-01]]","[[ 4.37454957e+02 -2.98537009e+01  1.22971376e+02]
 [-3.94711074e+02 -2.05826907e+02  1.15072830e+02]
 [ 1.14810694e-01  5.13468471e-02  1.00000000e+00]]",8
296,-549473.3359399999,"[[ 9.07740564e-04 -7.92047254e-04  1.44373882e-01]
 [-1.12999210e-03 -1.69288466e-03  1.26307393e-01]
 [-8.71517570e-05 -2.87176848e-04  1.02763271e+00]]","[[ 7.00491853e+02 -3.17666875e+02 -5.93685397e+01]
 [-4.73004696e+02 -3.88782963e+02  1.14238955e+02]
 [-7.27759063e-02 -1.35588027e-01  1.00000000e+00]]",1,"[[ 1.86125240e-03 -7.49158530e-04 -8.27502683e-02]
 [-4.16558099e-03 -3.41999182e-03  1.09893381e+00]
 [ 1.77600629e-04  3.00977858e-04  9.25328358e-01]]","[[ 3.68470951e+02 -7.04513148e+01  1.16620658e+02]
 [-4.26906827e+02 -1.83105517e+02  1.79281427e+02]
 [ 6.81367095e-02  7.30799002e-02  1.00000000e+00]]",8
297,-549473.289409,"[[ 1.01569946e-03 -7.90561127e-04  1.20334661e-01]
 [-1.14569002e-03 -1.87386954e-03  1.92008112e-01]
 [-2.43335919e-04 -3.34801034e-04  1.03329207e+00]]","[[ 6.66412429e+02 -2.76463194e+02 -2.62358911e+01]
 [-4.04805733e+02 -3.84046228e+02  1.18506815e+02]
 [ 2.57746127e-02 -1.89542246e-01  1.00000000e+00]]",2,"[[ 1.83738464e-03 -6.65355355e-04 -1.28195093e-01]
 [-3.27681102e-03 -3.33568273e-03  1.07453490e+00]
 [ 3.16766231e-04  2.34216540e-04  9.12631494e-01]]","[[ 3.96660628e+02 -6.94652325e+01  1.37506500e+02]
 [-4.00869751e+02 -2.06694740e+02  1.87053787e+02]
 [-3.47986741e-02  7.71566258e-02  1.00000000e+00]]",8
298,-549473.2379409999,"[[ 9.53223235e-04 -7.49227691e-04  9.64685823e-02]
 [-1.08471383e-03 -1.81926577e-03  2.02524922e-01]
 [-1.07563446e-04 -2.93020658e-04  1.03324629e+00]]","[[ 7.14763562e+02 -2.92857973e+02 -9.33096918e+00]
 [-4.31508020e+02 -3.90790730e+02  1.16885810e+02]
 [-4.79637169e-02 -1.41312455e-01  1.00000000e+00]]",1,"[[ 1.82493518e-03 -6.59139767e-04 -1.40778238e-01]
 [-3.76857361e-03 -3.49297641e-03  1.14090596e+00]
 [ 1.37276553e-04  2.58649174e-04  9.35424070e-01]]","[[ 4.02158351e+02 -6.54924475e+01  1.40402489e+02]
 [-4.15628564e+02 -1.94888440e+02  1.75148289e+02]
 [ 5.59052029e-02  6.34988060e-02  1.00000000e+00]]",8
299,-549473.188261,"[[ 9.90842023e-04 -7.80391185e-04  8.19582152e-02]
 [-1.12063716e-03 -1.87708232e-03  2.16165450e-01]
 [-2.08983607e-04 -2.89982286e-04  1.03358923e+00]]","[[ 6.86596366e+02 -2.86289369e+02  5.43122678e+00]
 [-4.07070037e+02 -3.80793276e+02  1.11917849e+02]
 [ 2.46174056e-02 -1.64720262e-01  1.00000000e+00]]",2,"[[ 1.69385995e-03 -6.53407121e-04 -1.42475409e-01]
 [-3.15571014e-03 -3.25276209e-03  1.06025672e+00]
 [ 5.38651745e-04  2.88612325e-04  8.66428447e-01]]","[[ 4.12627834e+02 -6.93386250e+01  1.52702814e+02]
 [-4.36534977e+02 -2.03964202e+02  1.77809161e+02]
 [-1.11115151e-01  1.11048932e-01  1.00000000e+00]]",8
300,-549473.139534,"[[ 1.05676148e-03 -7.70140144e-04  8.46199934e-02]
 [-1.12004304e-03 -1.94554951e-03  2.33358533e-01]
 [-2.55588270e-04 -3.46843600e-04  1.04189110e+00]]","[[ 6.66802764e+02 -2.64873467e+02  5.16909903e+00]
 [-3.79404450e+02 -3.84660136e+02  1.16968968e+02]
 [ 3.72716105e-02 -1.93029250e-01  1.00000000e+00]]",2,"[[ 1.83124574e-03 -6.21930528e-04 -1.66985635e-01]
 [-3.08383055e-03 -3.36093639e-03  1.08547967e+00]
 [ 2.76299617e-04  2.35890363e-04  9.14647362e-01]]","[[ 4.12520615e+02 -6.55866667e+01  1.53149744e+02]
 [-3.86557486e+02 -2.13199714e+02  1.82446716e+02]
 [-2.49211918e-02  7.47974920e-02  1.00000000e+00]]",8
301,-549473.0909889999,"[[ 9.86256696e-04 -7.25604294e-04  5.89784166e-02]
 [-1.04406731e-03 -1.87237625e-03  2.34803858e-01]
 [-1.04503975e-04 -2.94550416e-04  1.03556270e+00]]","[[ 7.17988123e+02 -2.81863929e+02  2.30183411e+01]
 [-4.05748311e+02 -3.94549157e+02  1.12568807e+02]
 [-4.29531896e-02 -1.40667986e-01  1.00000000e+00]]",1,"[[ 1.79899147e-03 -6.10509886e-04 -1.80669145e-01]
 [-3.50768688e-03 -3.50986654e-03  1.14248796e+00]
 [ 1.46881693e-04  2.60246131e-04  9.33115396e-01]]","[[ 4.22488930e+02 -6.18113089e+01  1.57482548e+02]
 [-4.06931209e+02 -2.01663273e+02  1.68122772e+02]
 [ 4.69892404e-02  6.59736581e-02  1.00000000e+00]]",8
302,-549473.042668,"[[ 1.00778077e-03 -7.36358953e-04  5.38146405e-02]
 [-1.07621060e-03 -1.89245238e-03  2.32991446e-01]
 [-1.68936083e-04 -2.76036461e-04  1.03429339e+00]]","[[ 7.01214509e+02 -2.76611845e+02  2.58268956e+01]
 [-3.97738626e+02 -3.89469188e+02  1.08428761e+02]
 [ 8.38260143e-03 -1.49123469e-01  1.00000000e+00]]",1,"[[ 1.82533135e-03 -6.17191626e-04 -1.89485732e-01]
 [-3.57682426e-03 -3.56068186e-03  1.15847159e+00]
 [ 1.01132448e-05  2.67364355e-04  9.54265192e-01]]","[[ 4.25814221e+02 -6.18240638e+01  1.59606724e+02]
 [-3.93356010e+02 -2.00271557e+02  1.65020749e+02]
 [ 1.05697047e-01  5.67669427e-02  1.00000000e+00]]",8
303,-549472.9940129999,"[[ 1.02504225e-03 -7.30582999e-04  4.37014520e-02]
 [-1.07777746e-03 -1.92877274e-03  2.31791025e-01]
 [-1.96211139e-04 -2.99325258e-04  1.03686225e+00]]","[[ 6.98319807e+02 -2.69285052e+02  3.07661586e+01]
 [-3.87786131e+02 -3.87560246e+02  1.02983596e+02]
 [ 2.01993475e-02 -1.62840625e-01  1.00000000e+00]]",1,"[[ 1.84268317e-03 -6.00778136e-04 -2.03895865e-01]
 [-3.57976487e-03 -3.63320942e-03  1.16708840e+00]
 [-6.74320587e-05  2.20786854e-04  9.75531941e-01]]","[[ 4.29821981e+02 -6.11679201e+01  1.63015979e+02]
 [-3.85899774e+02 -2.01667233e+02  1.60609934e+02]
 [ 1.17049348e-01  4.14141183e-02  1.00000000e+00]]",8
304,-549472.94636,"[[ 1.01531462e-03 -7.17550349e-04  3.80462446e-02]
 [-1.03320870e-03 -1.94728191e-03  2.35647493e-01]
 [-1.26111633e-04 -3.54854606e-04  1.04076955e+00]]","[[ 7.14755645e+02 -2.69747373e+02  3.49467606e+01]
 [-3.84631515e+02 -3.90477553e+02  1.02471139e+02]
 [-4.45336470e-02 -1.65820609e-01  1.00000000e+00]]",1,"[[ 1.81262904e-03 -5.85427327e-04 -2.06139513e-01]
 [-3.46152813e-03 -3.63551094e-03  1.15263375e+00]
 [ 7.32210835e-05  1.66707148e-04  9.61279517e-01]]","[[ 4.27897354e+02 -6.13249315e+01  1.65291921e+02]
 [-3.95980972e+02 -2.03978010e+02  1.59666997e+02]
 [ 3.60787366e-02  4.00454493e-02  1.00000000e+00]]",8
305,-549472.894416,"[[ 1.01976354e-03 -7.10103582e-04  2.91734323e-02]
 [-1.02573045e-03 -1.94627386e-03  2.36258350e-01]
 [-1.32386548e-04 -3.40504872e-04  1.03940848e+00]]","[[ 7.15976713e+02 -2.68383117e+02  4.09081270e+01]
 [-3.81434581e+02 -3.92100387e+02  9.98305749e+01]
 [-3.37640571e-02 -1.62633276e-01  1.00000000e+00]]",1,"[[ 1.80562037e-03 -5.73903755e-04 -2.14725658e-01]
 [-3.42045449e-03 -3.63199335e-03  1.14757406e+00]
 [ 6.29145201e-05  1.88132516e-04  9.59846117e-01]]","[[ 4.34461345e+02 -5.99063070e+01  1.68815521e+02]
 [-3.93768803e+02 -2.04978808e+02  1.56979431e+02]
 [ 4.87023782e-02  4.41030648e-02  1.00000000e+00]]",8
306,-549472.846468,"[[ 1.02540024e-03 -7.10595663e-04  2.70485374e-02]
 [-1.02946526e-03 -1.93546916e-03  2.31784248e-01]
 [-1.57450231e-04 -3.11950611e-04  1.03700744e+00]]","[[ 7.12324669e+02 -2.68192628e+02  4.13646850e+01]
 [-3.79604701e+02 -3.93056694e+02  9.77544599e+01]
 [-6.03875605e-03 -1.58958615e-01  1.00000000e+00]]",1,"[[ 1.81505059e-03 -5.72409334e-04 -2.18365637e-01]
 [-3.42946561e-03 -3.62811499e-03  1.14453315e+00]
 [ 1.64245482e-05  2.22564109e-04  9.62629742e-01]]","[[ 4.38365100e+02 -5.87742168e+01  1.69320464e+02]
 [-3.88394832e+02 -2.04814326e+02  1.55412507e+02]
 [ 8.23190868e-02  4.83567628e-02  1.00000000e+00]]",8
307,-549472.798138,"[[ 1.01650121e-03 -7.00245481e-04  2.34174641e-02]
 [-1.01309463e-03 -1.92805411e-03  2.21021126e-01]
 [-1.26971444e-04 -3.25028325e-04  1.03546007e+00]]","[[ 7.21011601e+02 -2.68785497e+02  4.10667790e+01]
 [-3.82482932e+02 -3.95431756e+02  9.30557872e+01]
 [-3.16476739e-02 -1.57084380e-01  1.00000000e+00]]",1,"[[ 1.80139289e-03 -5.61496681e-04 -2.20452483e-01]
 [-3.41275248e-03 -3.63576759e-03  1.13202091e+00]
 [ 7.01933050e-05  2.18048689e-04  9.54938519e-01]]","[[ 4.39275235e+02 -5.76592270e+01  1.69760423e+02]
 [-3.94347901e+02 -2.05026726e+02  1.52009332e+02]
 [ 5.77554065e-02  5.10536538e-02  1.00000000e+00]]",8
308,-549472.752187,"[[ 1.03125797e-03 -7.06515886e-04  2.14652850e-02]
 [-1.04460309e-03 -1.93068514e-03  2.19886151e-01]
 [-1.70163804e-04 -3.23373550e-04  1.03662880e+00]]","[[ 7.07311766e+02 -2.65825075e+02  4.17397278e+01]
 [-3.83079812e+02 -3.93059551e+02  9.13068103e+01]
 [-3.39467544e-03 -1.66249354e-01  1.00000000e+00]]",1,"[[ 1.82707579e-03 -5.64619121e-04 -2.26178680e-01]
 [-3.48926066e-03 -3.66101854e-03  1.14630660e+00]
 [-3.80040158e-05  2.02719958e-04  9.75918594e-01]]","[[ 4.39451230e+02 -5.83401975e+01  1.70373076e+02]
 [-3.88225681e+02 -2.04927694e+02  1.50731422e+02]
 [ 9.77561100e-02  4.02961601e-02  1.00000000e+00]]",8
309,-549472.704235,"[[ 1.01811809e-03 -6.95848815e-04  1.72298783e-02]
 [-1.00596627e-03 -1.92821541e-03  2.24107916e-01]
 [-1.21381770e-04 -3.32140793e-04  1.03621167e+00]]","[[ 7.22303623e+02 -2.68600542e+02  4.60816121e+01]
 [-3.81199266e+02 -3.96927198e+02  9.21843938e+01]
 [-3.75766218e-02 -1.58692407e-01  1.00000000e+00]]",1,"[[ 1.79100064e-03 -5.55341147e-04 -2.25356984e-01]
 [-3.37218063e-03 -3.62555124e-03  1.12828929e+00]
 [ 7.99015049e-05  2.12226283e-04  9.54228507e-01]]","[[ 4.42149620e+02 -5.76250708e+01  1.72557468e+02]
 [-3.95404392e+02 -2.06432548e+02  1.50706555e+02]
 [ 5.09173475e-02  5.07370528e-02  1.00000000e+00]]",8
310,-549472.65475,"[[ 1.03080794e-03 -7.03279908e-04  1.59637982e-02]
 [-1.02709099e-03 -1.93722597e-03  2.25246801e-01]
 [-1.64843543e-04 -3.18283763e-04  1.03682463e+00]]","[[ 7.12283921e+02 -2.66286467e+02  4.68829702e+01]
 [-3.77966864e+02 -3.94006578e+02  9.14161425e+01]
 [-2.78283357e-03 -1.63288464e-01  1.00000000e+00]]",1,"[[ 1.80936856e-03 -5.60851037e-04 -2.29067023e-01]
 [-3.41602487e-03 -3.64761216e-03  1.13922200e+00]
 [-8.40652407e-06  2.16414269e-04  9.68957584e-01]]","[[ 4.43991752e+02 -5.79945578e+01  1.73147460e+02]
 [-3.87564695e+02 -2.05651238e+02  1.50165626e+02]
 [ 9.04136144e-02  4.54285412e-02  1.00000000e+00]]",8
311,-549472.6059859999,"[[ 1.02929703e-03 -6.97267842e-04  1.41437184e-02]
 [-1.00729425e-03 -1.94862685e-03  2.26472375e-01]
 [-1.42461380e-04 -3.42458476e-04  1.03813733e+00]]","[[ 7.18365881e+02 -2.65508725e+02  4.81343127e+01]
 [-3.74231945e+02 -3.95324609e+02  9.13396827e+01]
 [-2.48709933e-02 -1.66844018e-01  1.00000000e+00]]",1,"[[ 1.80397319e-03 -5.52001120e-04 -2.30841943e-01]
 [-3.36913574e-03 -3.65616665e-03  1.13384453e+00]
 [ 3.12770847e-05  1.87278885e-04  9.66484749e-01]]","[[ 4.43027818e+02 -5.79829730e+01  1.73839349e+02]
 [-3.89299651e+02 -2.07055139e+02  1.49926473e+02]
 [ 6.10987252e-02  4.19981733e-02  1.00000000e+00]]",8
312,-549472.5568619999,"[[ 1.02916593e-03 -6.90862645e-04  8.55629550e-03]
 [-9.92896508e-04 -1.93484239e-03  2.25484321e-01]
 [-1.38004687e-04 -3.14153902e-04  1.03540422e+00]]","[[ 7.21831125e+02 -2.66183474e+02  5.20028780e+01]
 [-3.72374330e+02 -3.98465566e+02  8.98527168e+01]
 [-1.67729376e-02 -1.56377650e-01  1.00000000e+00]]",1,"[[ 1.79484108e-03 -5.43891000e-04 -2.35437619e-01]
 [-3.31709124e-03 -3.63041912e-03  1.12245647e+00]
 [ 5.24577603e-05  2.34387436e-04  9.56008326e-01]]","[[ 4.48765402e+02 -5.58619815e+01  1.76106102e+02]
 [-3.88219437e+02 -2.07716347e+02  1.48273915e+02]
 [ 7.05564258e-02  5.39916809e-02  1.00000000e+00]]",8
313,-549472.508234,"[[ 1.14175677e-03 -7.85517157e-04  8.10918026e-03]
 [-1.06434296e-03 -2.02311788e-03  2.36171606e-01]
 [-3.73449116e-04 -3.18522545e-04  1.04825010e+00]]","[[ 6.50199689e+02 -2.60916651e+02  5.37548413e+01]
 [-3.26608369e+02 -3.81400874e+02  8.84565457e+01]
 [ 1.32396238e-01 -2.08846982e-01  1.00000000e+00]]",3,"[[ 1.85156433e-03 -6.05315109e-04 -2.41911758e-01]
 [-2.87943010e-03 -3.61400470e-03  1.08812165e+00]
 [-3.74743787e-05  4.31698661e-05  1.00006411e+00]]","[[ 4.34074303e+02 -7.05327963e+01  1.81744289e+02]
 [-3.36573559e+02 -2.18461335e+02  1.56281388e+02]
 [ 3.07945261e-02  6.78733874e-03  1.00000000e+00]]",8
314,-549472.453473,"[[ 1.03918815e-03 -6.86354870e-04 -4.77054321e-03]
 [-9.81673508e-04 -1.95893528e-03  2.25076558e-01]
 [-1.27341860e-04 -3.50263808e-04  1.03733094e+00]]","[[ 7.20887009e+02 -2.63389444e+02  6.04646111e+01]
 [-3.65257949e+02 -3.97631665e+02  8.45970016e+01]
 [-3.48370479e-02 -1.66597250e-01  1.00000000e+00]]",1,"[[ 1.78561712e-03 -5.34686866e-04 -2.47400108e-01]
 [-3.26676875e-03 -3.66351314e-03  1.11876091e+00]
 [ 6.23882686e-05  1.92772271e-04  9.61009714e-01]]","[[ 4.50795002e+02 -5.62414122e+01  1.81525143e+02]
 [-3.87194285e+02 -2.08899770e+02  1.43512585e+02]
 [ 4.84032588e-02  4.55550936e-02  1.00000000e+00]]",8
315,-549472.404154,"[[ 1.15557406e-03 -7.78202660e-04 -1.00640831e-02]
 [-1.04755009e-03 -2.03400661e-03  2.37604615e-01]
 [-3.87948175e-04 -3.04859832e-04  1.05059499e+00]]","[[ 6.52150439e+02 -2.59233821e+02  6.48760458e+01]
 [-3.18535564e+02 -3.82270743e+02  8.34037144e+01]
 [ 1.48384369e-01 -2.06652692e-01  1.00000000e+00]]",3,"[[ 1.84395196e-03 -5.93228880e-04 -2.57760755e-01]
 [-2.80836299e-03 -3.61823674e-03  1.07670160e+00]
 [-4.99969718e-05  6.65774740e-05  9.99349502e-01]]","[[ 4.42267991e+02 -6.90443530e+01  1.88462091e+02]
 [-3.30145314e+02 -2.19464698e+02  1.51297904e+02]
 [ 4.41210019e-02  1.11666605e-02  1.00000000e+00]]",8
316,-549472.3538939999,"[[ 1.05008564e-03 -6.72099351e-04 -2.36317770e-02]
 [-9.57756671e-04 -1.97174602e-03  2.26427240e-01]
 [-1.27209384e-04 -3.47033847e-04  1.03682299e+00]]","[[ 7.24252662e+02 -2.59762189e+02  7.32358503e+01]
 [-3.55249052e+02 -4.00023144e+02  7.92622956e+01]
 [-3.00453503e-02 -1.65761910e-01  1.00000000e+00]]",1,"[[ 1.77110862e-03 -5.12597476e-04 -2.64727505e-01]
 [-3.16638710e-03 -3.67132983e-03  1.10639836e+00]
 [ 6.33647965e-05  2.04308134e-04  9.59803106e-01]]","[[ 4.61490785e+02 -5.38935126e+01  1.89410721e+02]
 [-3.82653483e+02 -2.11274362e+02  1.38001956e+02]
 [ 5.09864463e-02  4.85308100e-02  1.00000000e+00]]",8
317,-549472.303918,"[[ 1.16426154e-03 -7.58738636e-04 -2.65708073e-02]
 [-1.02838686e-03 -2.05072295e-03  2.36372792e-01]
 [-3.84914439e-04 -3.17304610e-04  1.05324047e+00]]","[[ 6.58143259e+02 -2.54924973e+02  7.38147911e+01]
 [-3.13194716e+02 -3.83862265e+02  7.82468593e+01]
 [ 1.46168630e-01 -2.08808506e-01  1.00000000e+00]]",3,"[[ 1.83794370e-03 -5.65555968e-04 -2.73949188e-01]
 [-2.74856603e-03 -3.63885421e-03  1.06663304e+00]
 [-5.69722938e-05  6.17856950e-05  1.00200895e+00]]","[[ 4.50358198e+02 -6.66991236e+01  1.94128757e+02]
 [-3.26760899e+02 -2.21538804e+02  1.46490433e+02]
 [ 4.57551691e-02  9.86810243e-03  1.00000000e+00]]",8
318,-549472.253608,"[[ 1.03981312e-03 -6.60109262e-04 -2.59874537e-02]
 [-9.34791698e-04 -1.96038484e-03  2.19065000e-01]
 [-1.11110424e-04 -3.32274951e-04  1.03364483e+00]]","[[ 7.35662933e+02 -2.60197284e+02  7.36405023e+01]
 [-3.54698821e+02 -4.03656775e+02  7.66311116e+01]
 [-3.49420922e-02 -1.57728904e-01  1.00000000e+00]]",1,"[[ 1.75544373e-03 -4.99778154e-04 -2.65542937e-01]
 [-3.12267744e-03 -3.66070843e-03  1.09093295e+00]
 [ 1.02696151e-04  2.33313509e-04  9.48769537e-01]]","[[ 4.66731566e+02 -5.16125144e+01  1.89975601e+02]
 [-3.84976535e+02 -2.11947073e+02  1.35957408e+02]
 [ 4.41505441e-02  5.77068718e-02  1.00000000e+00]]",8
319,-549472.2021999999,"[[ 1.05867916e-03 -6.67946231e-04 -2.44078275e-02]
 [-9.68463794e-04 -1.98299373e-03  2.14881082e-01]
 [-1.79242178e-04 -3.33963283e-04  1.03731688e+00]]","[[ 7.22891467e+02 -2.55266937e+02  6.98882345e+01]
 [-3.51786275e+02 -3.98294577e+02  7.42296129e+01]
 [ 1.16540491e-02 -1.72339204e-01  1.00000000e+00]]",1,"[[ 1.79817217e-03 -5.01349977e-04 -2.70938522e-01]
 [-3.22918513e-03 -3.73185655e-03  1.11148376e+00]
 [-5.14976846e-05  1.97673642e-04  9.83028299e-01]]","[[ 4.66804069e+02 -5.27384912e+01  1.88288761e+02]
 [-3.74230365e+02 -2.10541715e+02  1.34909925e+02]
 [ 9.97070052e-02  3.95742802e-02  1.00000000e+00]]",8
320,-549472.1513609999,"[[ 1.05154244e-03 -6.90012786e-04 -1.88756376e-02]
 [-9.80480944e-04 -1.96332831e-03  1.93647082e-01]
 [-2.07512200e-04 -3.20366974e-04  1.03455749e+00]]","[[ 7.18383597e+02 -2.62636745e+02  6.22669968e+01]
 [-3.55401608e+02 -3.95453307e+02  6.75360702e+01]
 [ 3.40381503e-02 -1.75138173e-01  1.00000000e+00]]",2,"[[ 1.66833038e-03 -5.15859959e-04 -2.42550378e-01]
 [-2.77067317e-03 -3.40239813e-03  9.95590370e-01]
 [ 4.29444664e-04  3.28695884e-04  8.73336680e-01]]","[[ 4.64237210e+02 -5.21833385e+01  1.88420049e+02]
 [-4.00709311e+02 -2.19710554e+02  1.39178303e+02]
 [-7.74646167e-02  1.08352040e-01  1.00000000e+00]]",8
321,-549472.1038919999,"[[ 1.02660092e-03 -6.55501378e-04 -6.54318867e-03]
 [-9.58916047e-04 -1.93423173e-03  1.77100506e-01]
 [-1.47409451e-04 -3.30341442e-04  1.02944071e+00]]","[[ 7.39282649e+02 -2.58949998e+02  4.92475582e+01]
 [-3.67615623e+02 -4.03885738e+02  6.71461591e+01]
 [-1.21050445e-02 -1.66684562e-01  1.00000000e+00]]",1,"[[ 1.80817635e-03 -4.91282101e-04 -2.56382558e-01]
 [-3.34724821e-03 -3.75184821e-03  1.09182351e+00]
 [-1.68648584e-05  2.06027319e-04  9.75717385e-01]]","[[ 4.61020791e+02 -5.06060855e+01  1.77767258e+02]
 [-3.85308834e+02 -2.08810162e+02  1.32412706e+02]
 [ 8.93283219e-02  4.32165442e-02  1.00000000e+00]]",8
322,-549472.054182,"[[ 9.98258559e-04 -6.53747801e-04  1.97033640e-02]
 [-9.60284522e-04 -1.88791230e-03  1.62346915e-01]
 [-1.16398034e-04 -3.30009870e-04  1.02696649e+00]]","[[ 7.50374221e+02 -2.64636414e+02  2.74381000e+01]
 [-3.85002342e+02 -4.08958780e+02  7.20364674e+01]
 [-3.86697032e-02 -1.61410907e-01  1.00000000e+00]]",1,"[[ 1.82822336e-03 -4.95277902e-04 -2.33527185e-01]
 [-3.46033943e-03 -3.72346675e-03  1.08734142e+00]
 [ 2.22708737e-05  2.00532975e-04  9.68554555e-01]]","[[ 4.48815553e+02 -5.07998724e+01  1.65243596e+02]
 [-3.96160163e+02 -2.08414725e+02  1.38457657e+02]
 [ 7.17023747e-02  4.43190136e-02  1.00000000e+00]]",8
323,-549472.009645,"[[ 9.98919901e-04 -6.70595581e-04  3.00535716e-02]
 [-9.78654762e-04 -1.86317554e-03  1.63877915e-01]
 [-1.60561289e-04 -2.75176373e-04  1.02454652e+00]]","[[ 7.40359735e+02 -2.69633068e+02  2.14108881e+01]
 [-3.87839655e+02 -4.08455984e+02  7.67099206e+01]
 [ 1.18577376e-02 -1.51959981e-01  1.00000000e+00]]",1,"[[ 1.84167009e-03 -5.19498611e-04 -2.23188372e-01]
 [-3.50343275e-03 -3.67815512e-03  1.08985399e+00]
 [-3.68444551e-05  2.68306735e-04  9.67694875e-01]]","[[ 4.48191465e+02 -5.15283219e+01  1.61403635e+02]
 [-3.89819398e+02 -2.06417996e+02  1.42567997e+02]
 [ 1.25147444e-01  5.52703203e-02  1.00000000e+00]]",8
324,-549471.9645349999,"[[ 9.92574971e-04 -6.64080510e-04  3.27461516e-02]
 [-9.49615711e-04 -1.86661756e-03  1.75532418e-01]
 [-1.19741304e-04 -2.96255051e-04  1.02716762e+00]]","[[ 7.51124429e+02 -2.70768473e+02  2.23256750e+01]
 [-3.84313457e+02 -4.12124719e+02  8.26798213e+01]
 [-2.32816765e-02 -1.50429391e-01  1.00000000e+00]]",1,"[[ 1.83141843e-03 -5.11453034e-04 -2.19935616e-01]
 [-3.41490283e-03 -3.64546546e-03  1.08381391e+00]
 [ 4.99668307e-05  2.45588614e-04  9.55979611e-01]]","[[ 4.45351054e+02 -5.16357999e+01  1.60999413e+02]
 [-3.94011375e+02 -2.09165588e+02  1.46487894e+02]
 [ 7.79430083e-02  5.64329654e-02  1.00000000e+00]]",8
325,-549471.916326,"[[ 9.97067078e-04 -6.60506547e-04  3.43217173e-02]
 [-9.35921472e-04 -1.89941777e-03  1.96821268e-01]
 [-1.16691048e-04 -3.13228968e-04  1.03148601e+00]]","[[ 7.55394384e+02 -2.66936671e+02  2.58000412e+01]
 [-3.75163885e+02 -4.11008673e+02  9.09091504e+01]
 [-2.84680878e-02 -1.55008348e-01  1.00000000e+00]]",1,"[[ 1.83305414e-03 -5.03178053e-04 -2.20085290e-01]
 [-3.34528982e-03 -3.64705201e-03  1.09492454e+00]
 [ 5.99679408e-05  2.07767006e-04  9.58749623e-01]]","[[ 4.45012839e+02 -5.21830977e+01  1.61749565e+02]
 [-3.91103283e+02 -2.11583169e+02  1.51855628e+02]
 [ 5.69198185e-02  4.91153408e-02  1.00000000e+00]]",8
326,-549471.8714869999,"[[ 1.01784583e-03 -6.94357362e-04  3.57259394e-02]
 [-9.74881943e-04 -1.93433011e-03  1.98727307e-01]
 [-2.02580286e-04 -3.04345706e-04  1.03254831e+00]]","[[ 7.32040272e+02 -2.66873338e+02  2.60348047e+01]
 [-3.65245588e+02 -3.99964413e+02  8.96157516e+01]
 [ 3.59653886e-02 -1.70249399e-01  1.00000000e+00]]",2,"[[ 1.70919601e-03 -5.24438671e-04 -2.00296801e-01]
 [-2.84302976e-03 -3.35020943e-03  1.00649069e+00]
 [ 4.80159644e-04  2.97796297e-04  8.72751988e-01]]","[[ 4.46662044e+02 -5.51542829e+01  1.66115062e+02]
 [-4.10762178e+02 -2.20014355e+02  1.59458875e+02]
 [-1.05580547e-01  1.05416341e-01  1.00000000e+00]]",8
327,-549471.825139,"[[ 1.00189369e-03 -6.56310102e-04  3.95709094e-02]
 [-9.35932083e-04 -1.90048902e-03  1.97057789e-01]
 [-1.41780936e-04 -2.88890360e-04  1.02994394e+00]]","[[ 7.54648612e+02 -2.63875576e+02  2.14930199e+01]
 [-3.71679344e+02 -4.11978037e+02  9.31032910e+01]
 [-3.68751066e-04 -1.51881091e-01  1.00000000e+00]]",1,"[[ 1.86162531e-03 -4.92578677e-04 -2.20581676e-01]
 [-3.36826961e-03 -3.66108752e-03  1.09958404e+00]
 [-2.30944620e-07  2.20165673e-04  9.66159066e-01]]","[[ 4.45948372e+02 -5.04258898e+01  1.59203125e+02]
 [-3.83969470e+02 -2.12228503e+02  1.53873674e+02]
 [ 8.76045045e-02  4.83499947e-02  1.00000000e+00]]",8
328,-549471.777073,"[[ 1.00073003e-03 -6.49211201e-04  3.77419845e-02]
 [-9.13773667e-04 -1.90134045e-03  1.99236634e-01]
 [-1.19772140e-04 -2.94645667e-04  1.03037145e+00]]","[[ 7.61383296e+02 -2.63549102e+02  2.30717958e+01]
 [-3.67659370e+02 -4.14928061e+02  9.36992819e+01]
 [-1.66316072e-02 -1.49288488e-01  1.00000000e+00]]",1,"[[ 1.85760696e-03 -4.81922440e-04 -2.22850142e-01]
 [-3.30818394e-03 -3.65146222e-03  1.09136034e+00]
 [ 4.58155777e-05  2.17793458e-04  9.59133318e-01]]","[[ 4.46437842e+02 -4.93827441e+01  1.59918441e+02]
 [-3.84730450e+02 -2.13900566e+02  1.53998779e+02]
 [ 6.60366670e-02  5.09299825e-02  1.00000000e+00]]",8
329,-549471.730029,"[[ 1.00568725e-03 -6.47113592e-04  3.46948136e-02]
 [-9.14250097e-04 -1.89647501e-03  2.02380944e-01]
 [-1.31549054e-04 -2.85737244e-04  1.03033059e+00]]","[[ 7.58805986e+02 -2.62848225e+02  2.60778820e+01]
 [-3.66306188e+02 -4.16487616e+02  9.41426788e+01]
 [-4.70442316e-03 -1.49062311e-01  1.00000000e+00]]",1,"[[ 1.86079718e-03 -4.76971722e-04 -2.26944541e-01]
 [-3.29205890e-03 -3.63860957e-03  1.09119889e+00]
 [ 1.90031888e-05  2.25062286e-04  9.62303464e-01]]","[[ 4.49234410e+02 -4.89051839e+01  1.61400832e+02]
 [-3.82294856e+02 -2.15199445e+02  1.53865875e+02]
 [ 8.05393213e-02  5.12963273e-02  1.00000000e+00]]",8
330,-549471.6837109999,"[[ 1.11952703e-03 -7.33908839e-04  3.50039425e-02]
 [-9.77868530e-04 -2.01066068e-03  2.23235452e-01]
 [-3.81179938e-04 -2.83992512e-04  1.03918215e+00]]","[[ 6.82479189e+02 -2.53557258e+02  3.14800507e+01]
 [-3.13640534e+02 -3.96386638e+02  9.57158526e+01]
 [ 1.64625433e-01 -2.01333113e-01  1.00000000e+00]]",3,"[[ 1.89009347e-03 -5.32953587e-04 -2.31719328e-01]
 [-2.77113203e-03 -3.58141394e-03  1.05603292e+00]
 [-1.44798119e-05  6.03658135e-05  9.92534426e-01]]","[[ 4.38804827e+02 -6.24522337e+01  1.68892051e+02]
 [-3.31690797e+02 -2.27092739e+02  1.64183967e+02]
 [ 2.65749937e-02  1.29006521e-02  1.00000000e+00]]",8
331,-549471.639279,"[[ 1.01612237e-03 -6.40954254e-04  2.59687702e-02]
 [-9.03882275e-04 -1.91339755e-03  2.16012670e-01]
 [-1.46255119e-04 -2.75574914e-04  1.03167639e+00]]","[[ 7.58632320e+02 -2.59194317e+02  3.51743128e+01]
 [-3.56999308e+02 -4.16908521e+02  9.62785972e+01]
 [ 1.21877427e-02 -1.48106545e-01  1.00000000e+00]]",1,"[[ 1.85546825e-03 -4.64747090e-04 -2.36245503e-01]
 [-3.21403106e-03 -3.63097960e-03  1.09339487e+00]
 [-9.48245403e-07  2.32012150e-04  9.64373833e-01]]","[[ 4.56245636e+02 -4.77929645e+01  1.65954899e+02]
 [-3.76447117e+02 -2.17369375e+02  1.54231291e+02]
 [ 9.10154701e-02  5.22484278e-02  1.00000000e+00]]",8
332,-549471.5934339999,"[[ 1.01995563e-03 -6.40775688e-04  2.31413049e-02]
 [-9.06101468e-04 -1.93046990e-03  2.17253835e-01]
 [-1.52179752e-04 -2.97537177e-04  1.03394907e+00]]","[[ 7.57517013e+02 -2.57155499e+02  3.70792791e+01]
 [-3.54487224e+02 -4.15007536e+02  9.51355138e+01]
 [ 9.48366149e-03 -1.57274701e-01  1.00000000e+00]]",1,"[[ 1.85527466e-03 -4.62855252e-04 -2.39208220e-01]
 [-3.21595020e-03 -3.65624494e-03  1.09796232e+00]
 [-2.05690740e-05  1.97237620e-04  9.73210001e-01]]","[[ 4.56348938e+02 -4.87525898e+01  1.67169391e+02]
 [-3.75636384e+02 -2.17684051e+02  1.53259394e+02]
 [ 8.57741918e-02  4.30869888e-02  1.00000000e+00]]",8
333,-549471.548351,"[[ 1.03220581e-03 -6.70481633e-04  1.72422637e-02]
 [-9.31773008e-04 -1.95728188e-03  2.16879054e-01]
 [-2.13552469e-04 -3.02518758e-04  1.03645659e+00]]","[[ 7.42150223e+02 -2.60754183e+02  4.22166938e+01]
 [-3.47602384e+02 -4.05858812e+02  9.07087937e+01]
 [ 5.14558658e-02 -1.72187243e-01  1.00000000e+00]]",2,"[[ 1.69847161e-03 -4.88938201e-04 -2.19228840e-01]
 [-2.68583379e-03 -3.32732412e-03  9.95163430e-01]
 [ 4.43841396e-04  3.11726721e-04  8.73205537e-01]]","[[ 4.61716347e+02 -5.14897458e+01  1.74600646e+02]
 [-4.00165228e+02 -2.26922427e+02  1.58149641e+02]
 [-9.18301939e-02  1.07181025e-01  1.00000000e+00]]",8
334,-549471.4978929999,"[[ 1.08387720e-03 -6.57424158e-04  2.59287225e-02]
 [-9.44013081e-04 -1.99459745e-03  2.20416264e-01]
 [-2.77593494e-04 -3.35099504e-04  1.04101603e+00]]","[[ 7.19689213e+02 -2.42837941e+02  3.34911364e+01]
 [-3.31191888e+02 -4.08095157e+02  9.46557878e+01]
 [ 8.53001329e-02 -1.96118707e-01  1.00000000e+00]]",2,"[[ 1.81855734e-03 -4.48643420e-04 -2.36390396e-01]
 [-2.65060552e-03 -3.40341505e-03  1.00703937e+00]
 [ 2.40532701e-04  2.63571883e-04  9.16007606e-01]]","[[ 4.58492853e+02 -4.72529331e+01  1.70270279e+02]
 [-3.61890246e+02 -2.33472406e+02  1.63283060e+02]
 [-1.62645275e-02  7.95873711e-02  1.00000000e+00]]",8
335,-549471.453059,"[[ 1.07916709e-03 -6.53446709e-04  2.89586843e-02]
 [-9.45284845e-04 -1.98695625e-03  2.15451988e-01]
 [-2.75495333e-04 -3.39339996e-04  1.04023343e+00]]","[[ 7.21876231e+02 -2.42549651e+02  3.01405605e+01]
 [-3.34531949e+02 -4.09335153e+02  9.40939551e+01]
 [ 8.20522205e-02 -1.97768194e-01  1.00000000e+00]]",2,"[[ 1.82079157e-03 -4.43860775e-04 -2.34493771e-01]
 [-2.66752034e-03 -3.40478664e-03  1.00565139e+00]
 [ 2.41862563e-04  2.53916214e-04  9.17764905e-01]]","[[ 4.57802403e+02 -4.71080248e+01  1.68590084e+02]
 [-3.64517797e+02 -2.34007434e+02  1.63280103e+02]
 [-1.97962282e-02  7.71569591e-02  1.00000000e+00]]",8
336,-549471.40548,"[[ 9.92874617e-04 -6.28040570e-04  2.61500186e-02]
 [-8.71943374e-04 -1.89857024e-03  2.11994809e-01]
 [-9.54289578e-05 -3.02279603e-04  1.03226314e+00]]","[[ 7.79288485e+02 -2.63250532e+02  3.43220023e+01]
 [-3.61680334e+02 -4.22337762e+02  9.58974089e+01]
 [-3.38691739e-02 -1.48010530e-01  1.00000000e+00]]",1,"[[ 1.81768199e-03 -4.55653797e-04 -2.30628576e-01]
 [-3.14694594e-03 -3.60000135e-03  1.07461832e+00]
 [ 1.06459265e-04  2.13773682e-04  9.49491813e-01]]","[[ 4.57268870e+02 -4.80518462e+01  1.65453414e+02]
 [-3.88890395e+02 -2.19418383e+02  1.53873656e+02]
 [ 3.62868046e-02  5.47887189e-02  1.00000000e+00]]",8
337,-549471.3601609999,"[[ 1.01999512e-03 -6.71244450e-04  2.99337889e-02]
 [-9.44906738e-04 -1.93542048e-03  2.10979857e-01]
 [-2.07297508e-04 -3.05284095e-04  1.03514787e+00]]","[[ 7.43386886e+02 -2.62882789e+02  3.20829398e+01]
 [-3.58222952e+02 -4.07168365e+02  9.33463672e+01]
 [ 4.32232732e-02 -1.72726021e-01  1.00000000e+00]]",2,"[[ 1.70026312e-03 -4.91639901e-04 -2.07889137e-01]
 [-2.73351372e-03 -3.30628972e-03  9.94937223e-01]
 [ 4.82914284e-04  3.04937812e-04  8.69253802e-01]]","[[ 4.56164524e+02 -5.22530076e+01  1.68903617e+02]
 [-4.10106980e+02 -2.26596844e+02  1.61279535e+02]
 [-1.09555160e-01  1.08520284e-01  1.00000000e+00]]",8
338,-549471.310814,"[[ 1.02726457e-03 -6.81899509e-04  3.34718660e-02]
 [-9.51720937e-04 -1.94086947e-03  2.19655764e-01]
 [-2.27849481e-04 -2.87019799e-04  1.03527882e+00]]","[[ 7.36461956e+02 -2.63492655e+02  3.20946627e+01]
 [-3.53890058e+02 -4.05307324e+02  9.74360224e+01]
 [ 6.39721586e-02 -1.70357867e-01  1.00000000e+00]]",2,"[[ 1.71333910e-03 -5.04614832e-04 -2.05660641e-01]
 [-2.74181663e-03 -3.29915596e-03  1.00331802e+00]
 [ 4.38179015e-04  3.24528726e-04  8.72937502e-01]]","[[ 4.55585749e+02 -5.31192858e+01  1.68387305e+02]
 [-4.02645454e+02 -2.25372921e+02  1.64172568e+02]
 [-7.89954589e-02  1.10449767e-01  1.00000000e+00]]",8
339,-549471.2627849999,"[[ 1.07538023e-03 -6.67011161e-04  4.11281091e-02]
 [-9.55516246e-04 -1.99813739e-03  2.28640006e-01]
 [-2.57866516e-04 -3.53807948e-04  1.04272332e+00]]","[[ 7.18786703e+02 -2.44412356e+02  2.52416955e+01]
 [-3.36449277e+02 -4.06277824e+02  1.02355903e+02]
 [ 6.35955801e-02 -1.98298131e-01  1.00000000e+00]]",2,"[[ 1.82732028e-03 -4.66024211e-04 -2.22585585e-01]
 [-2.69312330e-03 -3.40321885e-03  1.02215952e+00]
 [ 2.67705404e-04  2.28939655e-04  9.16951693e-01]]","[[ 4.48846103e+02 -5.03574402e+01  1.65090496e+02]
 [-3.67027488e+02 -2.32163622e+02  1.69707117e+02]
 [-3.94037997e-02  7.26673160e-02  1.00000000e+00]]",8
340,-549471.2142439999,"[[ 1.02752767e-03 -6.82879600e-04  2.93479478e-02]
 [-9.54053820e-04 -1.94402077e-03  2.23177130e-01]
 [-2.23678875e-04 -2.86101177e-04  1.03584221e+00]]","[[ 7.36058443e+02 -2.63853808e+02  3.59942184e+01]
 [-3.54214944e+02 -4.04267750e+02  9.71371864e+01]
 [ 6.11091259e-02 -1.68635725e-01  1.00000000e+00]]",2,"[[ 1.70331388e-03 -5.07339393e-04 -2.07458602e-01]
 [-2.73401322e-03 -3.29524991e-03  1.00474214e+00]
 [ 4.42267422e-04  3.33518058e-04  8.70084134e-01]]","[[ 4.57468863e+02 -5.31773075e+01  1.70483896e+02]
 [-4.03317073e+02 -2.24828158e+02  1.63458594e+02]
 [-7.79350471e-02  1.13210709e-01  1.00000000e+00]]",8
341,-549471.1620149999,"[[ 1.07712440e-03 -6.69055549e-04  3.90040339e-02]
 [-9.61407668e-04 -1.99219865e-03  2.28705968e-01]
 [-2.70947542e-04 -3.35216812e-04  1.04143123e+00]]","[[ 7.16390766e+02 -2.45134709e+02  2.70028785e+01]
 [-3.36767804e+02 -4.05982858e+02  1.01769567e+02]
 [ 7.79831497e-02 -1.94454439e-01  1.00000000e+00]]",2,"[[ 1.82315730e-03 -4.67900806e-04 -2.23549313e-01]
 [-2.69456454e-03 -3.38414676e-03  1.01972095e+00]
 [ 2.55814037e-04  2.68285924e-04  9.12153758e-01]]","[[ 4.52242021e+02 -4.93663121e+01  1.66022729e+02]
 [-3.65880077e+02 -2.31499747e+02  1.69130370e+02]
 [-1.92175739e-02  8.19343434e-02  1.00000000e+00]]",8
342,-549471.110469,"[[ 1.02110884e-03 -6.79253543e-04  3.60953908e-02]
 [-9.57123067e-04 -1.94594978e-03  2.23366016e-01]
 [-2.10694595e-04 -3.09649320e-04  1.03734732e+00]]","[[ 7.39228488e+02 -2.62951829e+02  3.08978109e+01]
 [-3.58646635e+02 -4.04545548e+02  9.95878773e+01]
 [ 4.30875551e-02 -1.74165180e-01  1.00000000e+00]]",2,"[[ 1.70703406e-03 -5.02898442e-04 -2.02498836e-01]
 [-2.75226831e-03 -3.30527144e-03  1.00926837e+00]
 [ 4.70498427e-04  2.86942709e-04  8.73595941e-01]]","[[ 4.52167401e+02 -5.42566159e+01  1.67494893e+02]
 [-4.09777613e+02 -2.25798551e+02  1.65879715e+02]
 [-1.08930626e-01  1.03387500e-01  1.00000000e+00]]",8
343,-549471.0618769999,"[[ 1.01181409e-03 -6.50504130e-04  4.49542529e-02]
 [-9.41708933e-04 -1.93250742e-03  2.23005621e-01]
 [-1.72403597e-04 -3.07965741e-04  1.03604440e+00]]","[[ 7.52937224e+02 -2.57058562e+02  2.26609727e+01]
 [-3.64966167e+02 -4.11240631e+02  1.04354363e+02]
 [ 1.68062385e-02 -1.65017876e-01  1.00000000e+00]]",1,"[[ 1.88792060e-03 -4.78058359e-04 -2.21650265e-01]
 [-3.35557755e-03 -3.67113947e-03  1.12476254e+00]
 [-8.53678134e-05  1.52356585e-04  9.88888200e-01]]","[[ 4.45427021e+02 -5.14326107e+01  1.58337910e+02]
 [-3.77537133e+02 -2.16523088e+02  1.61652098e+02]
 [ 9.66190102e-02  2.89193751e-02  1.00000000e+00]]",8
344,-549471.010503,"[[ 9.93688117e-04 -6.46480272e-04  5.30839749e-02]
 [-9.18917435e-04 -1.90873668e-03  2.21565188e-01]
 [-1.30000383e-04 -2.98925708e-04  1.03446506e+00]]","[[ 7.66150413e+02 -2.62127006e+02  1.68279342e+01]
 [-3.70082935e+02 -4.15471718e+02  1.07978072e+02]
 [-1.06600568e-02 -1.52998680e-01  1.00000000e+00]]",1,"[[ 1.87395642e-03 -4.79344390e-04 -2.10990601e-01]
 [-3.31870367e-03 -3.62620467e-03  1.11107540e+00]
 [ 1.65085959e-05  1.79616921e-04  9.67847703e-01]]","[[ 4.42298449e+02 -5.08021928e+01  1.54741166e+02]
 [-3.85199579e+02 -2.16689094e+02  1.64782569e+02]
 [ 6.39425354e-02  4.10805344e-02  1.00000000e+00]]",8
345,-549470.9611539999,"[[ 1.01609938e-03 -6.87557236e-04  5.40438529e-02]
 [-9.63323494e-04 -1.93802707e-03  2.20609616e-01]
 [-2.28112437e-04 -2.78632323e-04  1.03331588e+00]]","[[ 7.37630595e+02 -2.64255155e+02  1.78385227e+01]
 [-3.59137068e+02 -4.03667943e+02  1.04965174e+02]
 [ 6.59967767e-02 -1.67184912e-01  1.00000000e+00]]",2,"[[ 1.73217017e-03 -5.13607787e-04 -1.89201156e-01]
 [-2.80194806e-03 -3.30429262e-03  1.01449635e+00]
 [ 4.58818504e-04  3.08478079e-04  8.73726436e-01]]","[[ 4.46758617e+02 -5.45029560e+01  1.60027545e+02]
 [-4.06774822e+02 -2.23414632e+02  1.71324864e+02]
 [-9.09895838e-02  1.07499873e-01  1.00000000e+00]]",8
346,-549470.911841,"[[ 1.01608950e-03 -6.88107721e-04  5.07172587e-02]
 [-9.60500951e-04 -1.93950764e-03  2.21121292e-01]
 [-2.13610085e-04 -2.91290374e-04  1.03462727e+00]]","[[ 7.38040123e+02 -2.64915100e+02  2.04392423e+01]
 [-3.59671616e+02 -4.03591310e+02  1.03886871e+02]
 [ 5.11139959e-02 -1.68322260e-01  1.00000000e+00]]",2,"[[ 1.72386887e-03 -5.14910938e-04 -1.90756485e-01]
 [-2.78824414e-03 -3.30140306e-03  1.01228844e+00]
 [ 4.83203992e-04  3.03578351e-04  8.70285066e-01]]","[[ 4.46263881e+02 -5.47518095e+01  1.61501511e+02]
 [-4.09114181e+02 -2.23440114e+02  1.70225441e+02]
 [-1.05067045e-01  1.08341367e-01  1.00000000e+00]]",8
347,-549470.8588259999,"[[ 1.01486327e-03 -6.86590758e-04  4.94070405e-02]
 [-9.64943488e-04 -1.93782784e-03  2.22458068e-01]
 [-2.09533942e-04 -2.90021900e-04  1.03470546e+00]]","[[ 7.38094881e+02 -2.64758443e+02  2.16782157e+01]
 [-3.62025446e+02 -4.03338105e+02  1.04002952e+02]
 [ 4.79949363e-02 -1.66668459e-01  1.00000000e+00]]",2,"[[ 1.71835144e-03 -5.13426051e-04 -1.91231925e-01]
 [-2.78879193e-03 -3.29843693e-03  1.01347889e+00]
 [ 4.97423571e-04  3.01814448e-04  8.67988315e-01]]","[[ 4.46340241e+02 -5.46404193e+01  1.62135150e+02]
 [-4.11955723e+02 -2.23478386e+02  1.70176877e+02]
 [-1.12542952e-01  1.09020406e-01  1.00000000e+00]]",8
348,-549470.808416,"[[ 1.01150698e-03 -6.58847233e-04  5.30506670e-02]
 [-9.45208248e-04 -1.91690041e-03  2.27733239e-01]
 [-1.77531659e-04 -2.72494819e-04  1.03318787e+00]]","[[ 7.48900200e+02 -2.60083296e+02  1.88735822e+01]
 [-3.65439219e+02 -4.11637761e+02  1.09496441e+02]
 [ 3.23011928e-02 -1.53255938e-01  1.00000000e+00]]",1,"[[ 1.89836057e-03 -4.90396904e-04 -2.14220822e-01]
 [-3.35947672e-03 -3.63391866e-03  1.12536908e+00]
 [-7.73103959e-05  2.01137988e-04  9.78691645e-01]]","[[ 4.42646367e+02 -5.11187928e+01  1.55668620e+02]
 [-3.74549758e+02 -2.15464041e+02  1.65772554e+02]
 [ 1.11942665e-01  4.02435128e-02  1.00000000e+00]]",8
349,-549470.761704,"[[ 1.10655970e-03 -7.45138007e-04  6.05916692e-02]
 [-1.00145040e-03 -2.01179169e-03  2.40309504e-01]
 [-3.81795895e-04 -2.78560086e-04  1.03795012e+00]]","[[ 6.79991949e+02 -2.54521981e+02  1.92323342e+01]
 [-3.18836875e+02 -3.94190823e+02  1.09876821e+02]
 [ 1.64557914e-01 -1.99413510e-01  1.00000000e+00]]",3,"[[ 1.90482884e-03 -5.52219527e-04 -2.09168645e-01]
 [-2.83604557e-03 -3.55927637e-03  1.08141568e+00]
 [-7.76461759e-07  4.15696239e-05  9.92819446e-01]]","[[ 4.28792474e+02 -6.46493672e+01  1.60757105e+02]
 [-3.37271081e+02 -2.26576097e+02  1.75738308e+02]
 [ 1.44569821e-02  9.43624282e-03  1.00000000e+00]]",8
350,-549470.712803,"[[ 1.02225000e-03 -6.89571462e-04  5.42000684e-02]
 [-9.77370190e-04 -1.94862819e-03  2.33006002e-01]
 [-2.33868781e-04 -2.76122819e-04  1.03498693e+00]]","[[ 7.32371257e+02 -2.62094606e+02  2.06524773e+01]
 [-3.58998448e+02 -4.01616829e+02  1.09215748e+02]
 [ 6.97120971e-02 -1.66370523e-01  1.00000000e+00]]",2,"[[ 1.74059475e-03 -5.16450326e-04 -1.90296514e-01]
 [-2.81798734e-03 -3.30052965e-03  1.02784051e+00]
 [ 4.27796526e-04  3.13637677e-04  8.76573164e-01]]","[[ 4.46586146e+02 -5.45846540e+01  1.60954169e+02]
 [-4.04136622e+02 -2.23210328e+02  1.73994407e+02]
 [-7.33487327e-02  1.06503710e-01  1.00000000e+00]]",8
351,-549470.666108,"[[ 1.07104876e-03 -6.77266296e-04  6.63159905e-02]
 [-9.82468460e-04 -1.99007928e-03  2.39836618e-01]
 [-2.88903737e-04 -3.00925936e-04  1.03779481e+00]]","[[ 7.12626849e+02 -2.44168851e+02  1.08904729e+01]
 [-3.39777240e+02 -4.04269743e+02  1.15139670e+02]
 [ 9.98586376e-02 -1.85197057e-01  1.00000000e+00]]",2,"[[ 1.86022290e-03 -4.78761944e-04 -2.03753926e-01]
 [-2.76840185e-03 -3.37480841e-03  1.04098490e+00]
 [ 2.52454622e-04  2.80678630e-04  9.09958099e-01]]","[[ 4.42323184e+02 -4.97762641e+01  1.55986770e+02]
 [-3.65884634e+02 -2.29395553e+02  1.80499383e+02]
 [-9.85818364e-03  8.45672758e-02  1.00000000e+00]]",8
352,-549470.616126,"[[ 1.02089440e-03 -6.92663210e-04  5.93227144e-02]
 [-9.81027678e-04 -1.94237104e-03  2.32523788e-01]
 [-2.42040445e-04 -2.55068280e-04  1.03248351e+00]]","[[ 7.30957024e+02 -2.62925039e+02  1.72147751e+01]
 [-3.59294958e+02 -4.01286069e+02  1.11016697e+02]
 [ 8.25934897e-02 -1.60771421e-01  1.00000000e+00]]",2,"[[ 1.74631272e-03 -5.20327611e-04 -1.86180674e-01]
 [-2.82936613e-03 -3.29567019e-03  1.02892166e+00]
 [ 4.29023099e-04  3.28488441e-04  8.74073678e-01]]","[[ 4.45335406e+02 -5.44653348e+01  1.58972192e+02]
 [-4.03254028e+02 -2.22246819e+02  1.75724842e+02]
 [-6.70365562e-02  1.10256607e-01  1.00000000e+00]]",8
353,-549470.571348,"[[ 1.06731455e-03 -6.76619086e-04  7.21783063e-02]
 [-9.86523524e-04 -1.99032183e-03  2.40554688e-01]
 [-2.81182860e-04 -3.15725901e-04  1.03901265e+00]]","[[ 7.13525376e+02 -2.43651840e+02  6.84355408e+00]
 [-3.42922321e+02 -4.04487638e+02  1.17470129e+02]
 [ 8.88936696e-02 -1.88850391e-01  1.00000000e+00]]",2,"[[ 1.86703061e-03 -4.79143114e-04 -1.99440271e-01]
 [-2.78979938e-03 -3.38111580e-03  1.04614255e+00]
 [ 2.59809873e-04  2.51830070e-04  9.14086975e-01]]","[[ 4.38479054e+02 -5.06909637e+01  1.53683795e+02]
 [-3.68908967e+02 -2.29881316e+02  1.82601138e+02]
 [-2.29943288e-02  7.77399117e-02  1.00000000e+00]]",8
354,-549470.52443,"[[ 9.97090771e-04 -6.51268245e-04  6.66631930e-02]
 [-9.25349035e-04 -1.94204180e-03  2.38004013e-01]
 [-1.29764170e-04 -3.15883408e-04  1.03850389e+00]]","[[ 7.64712102e+02 -2.58084233e+02  1.00595992e+01]
 [-3.66316916e+02 -4.11231077e+02  1.17760273e+02]
 [-1.58701422e-02 -1.57333219e-01  1.00000000e+00]]",1,"[[ 1.90371324e-03 -4.83333514e-04 -2.02275093e-01]
 [-3.34823062e-03 -3.65560733e-03  1.13389933e+00]
 [ 9.67828617e-06  1.34523268e-04  9.75314895e-01]]","[[ 4.33446427e+02 -5.17854376e+01  1.50100126e+02]
 [-3.81992197e+02 -2.16691210e+02  1.72701670e+02]
 [ 4.83862394e-02  3.04016724e-02  1.00000000e+00]]",8
355,-549470.4777869999,"[[ 9.84417215e-04 -6.48645769e-04  7.81089856e-02]
 [-9.17501578e-04 -1.92455605e-03  2.30752988e-01]
 [-1.36326230e-04 -2.78504512e-04  1.03339158e+00]]","[[ 7.73006612e+02 -2.60493822e+02 -2.60341501e-01]
 [-3.68189283e+02 -4.12875816e+02  1.20023447e+02]
 [ 2.74697441e-03 -1.45636873e-01  1.00000000e+00]]",1,"[[ 1.91409628e-03 -4.83321980e-04 -1.91890734e-01]
 [-3.37546494e-03 -3.64686277e-03  1.12777993e+00]
 [ 8.56607288e-06  1.77951247e-04  9.67540111e-01]]","[[ 4.33026774e+02 -5.03358224e+01  1.44553755e+02]
 [-3.80353335e+02 -2.15238492e+02  1.75450474e+02]
 [ 6.61213013e-02  4.00325917e-02  1.00000000e+00]]",8
356,-549470.4274739999,"[[ 9.96652406e-04 -6.83336782e-04  8.80512148e-02]
 [-9.75847375e-04 -1.92687144e-03  2.10603194e-01]
 [-2.39199016e-04 -2.42643489e-04  1.02536279e+00]]","[[ 7.43893405e+02 -2.62557599e+02 -9.95281786e+00]
 [-3.67270361e+02 -4.03127128e+02  1.14338518e+02]
 [ 8.66257377e-02 -1.56646695e-01  1.00000000e+00]]",2,"[[ 1.78305406e-03 -5.11636629e-04 -1.65468865e-01]
 [-2.92802526e-03 -3.33042061e-03  1.02818442e+00]
 [ 4.46828055e-04  3.07113604e-04  8.79574379e-01]]","[[ 4.36383182e+02 -5.36824895e+01  1.44846567e+02]
 [-4.08105484e+02 -2.20841227e+02  1.81379496e+02]
 [-7.91900084e-02  1.04380243e-01  1.00000000e+00]]",8
357,-549470.3794699999,"[[ 9.19720426e-04 -6.16771601e-04  1.25706507e-01]
 [-8.90475529e-04 -1.81217024e-03  1.60463670e-01]
 [-6.29657997e-05 -2.42620111e-04  1.02475408e+00]]","[[ 8.20474269e+02 -2.71464224e+02 -5.81396159e+01]
 [-4.07243394e+02 -4.28899400e+02  1.17116798e+02]
 [-4.60048121e-02 -1.18226006e-01  1.00000000e+00]]",1,"[[ 2.00062241e-03 -4.54664212e-04 -1.51895902e-01]
 [-3.68765834e-03 -3.67893205e-03  1.08934964e+00]
 [ 6.99355384e-05  2.06984584e-04  9.54754296e-01]]","[[ 4.13636983e+02 -4.45569772e+01  1.16645602e+02]
 [-3.98038225e+02 -2.12544897e+02  1.79182574e+02]
 [ 5.59933080e-02  4.93421538e-02  1.00000000e+00]]",8
457,-549465.9051559999,"[[ 8.57038735e-04 -8.22326352e-04  1.51154603e-01]
 [-1.25240554e-03 -1.61143469e-03  1.07519363e-01]
 [-9.93847692e-05 -2.90787602e-04  1.02755063e+00]]","[[ 6.73828476e+02 -3.32246099e+02 -6.43563296e+01]
 [-5.29345430e+02 -3.71502475e+02  1.16740435e+02]
 [-8.46272660e-02 -1.37266731e-01  1.00000000e+00]]",1,"[[ 1.74272736e-03 -8.30054055e-04 -4.77142991e-02]
 [-4.45868759e-03 -3.27928020e-03  1.10543474e+00]
 [ 2.05926507e-04  3.29941191e-04  9.16459668e-01]]","[[ 3.57913411e+02 -7.91185822e+01  1.14067231e+02]
 [-4.58147577e+02 -1.70666075e+02  1.82004756e+02]
 [ 8.45186118e-02  7.92204872e-02  1.00000000e+00]]",8
458,-549465.8555109999,"[[ 8.81656807e-04 -8.18746953e-04  1.45098642e-01]
 [-1.27955351e-03 -1.69391246e-03  1.18620354e-01]
 [-1.52983423e-04 -3.47872872e-04  1.03078408e+00]]","[[ 6.70893162e+02 -3.12259136e+02 -5.85043938e+01]
 [-5.11906923e+02 -3.66377875e+02  1.14220694e+02]
 [-7.31899152e-02 -1.69990398e-01  1.00000000e+00]]",1,"[[ 1.78038521e-03 -8.09269329e-04 -6.33514607e-02]
 [-4.52589692e-03 -3.42536337e-03  1.14663283e+00]
 [ 2.84660334e-05  2.05592403e-04  9.59702423e-01]]","[[ 3.60928132e+02 -7.82319976e+01  1.17295423e+02]
 [-4.48324293e+02 -1.75229952e+02  1.79766574e+02]
 [ 8.53367405e-02  3.98591279e-02  1.00000000e+00]]",8
459,-549465.805429,"[[ 8.76083931e-04 -8.11441816e-04  1.42220672e-01]
 [-1.25805548e-03 -1.66147695e-03  1.20624073e-01]
 [-1.30249904e-04 -3.05689397e-04  1.02785051e+00]]","[[ 6.74711186e+02 -3.19235702e+02 -5.58936999e+01]
 [-5.15815353e+02 -3.71101453e+02  1.14922719e+02]
 [-6.79069732e-02 -1.50821737e-01  1.00000000e+00]]",1,"[[ 1.76694207e-03 -8.01996130e-04 -6.48249146e-02]
 [-4.44660994e-03 -3.36272646e-03  1.13043473e+00]
 [ 1.01102590e-04  2.81464768e-04  9.37444906e-01]]","[[ 3.65017075e+02 -7.71548638e+01  1.18279739e+02]
 [-4.50440017e+02 -1.74903356e+02  1.79762130e+02]
 [ 9.58763790e-02  6.08352435e-02  1.00000000e+00]]",8
460,-549465.753773,"[[ 9.64789625e-04 -9.23304992e-04  1.58637005e-01]
 [-1.29241916e-03 -1.72343676e-03  1.34269186e-01]
 [-3.36520863e-04 -2.37844735e-04  1.01025503e+00]]","[[ 5.98440102e+02 -3.13384650e+02 -5.23202976e+01]
 [-4.41339663e+02 -3.59961444e+02  1.17143225e+02]
 [ 9.54385394e-02 -1.89135814e-01  1.00000000e+00]]",3,"[[ 1.79683821e-03 -8.63460298e-04 -6.13210848e-02]
 [-3.81741897e-03 -3.40165161e-03  1.12069243e+00]
 [-9.54011576e-06  5.88948708e-05  9.90052678e-01]]","[[ 3.64973284e+02 -9.04786171e+01  1.25022902e+02]
 [-4.00573042e+02 -1.89020247e+02  1.89151538e+02]
 [ 2.73456004e-02  1.03723234e-02  1.00000000e+00]]",8
461,-549465.7057409999,"[[ 8.74198137e-04 -8.03162049e-04  1.39716356e-01]
 [-1.24191486e-03 -1.69430564e-03  1.26327189e-01]
 [-1.00542426e-04 -3.68134110e-04  1.03668678e+00]]","[[ 6.89884083e+02 -3.15172896e+02 -5.45711445e+01]
 [-5.14309033e+02 -3.71302549e+02  1.14560148e+02]
 [-1.15726448e-01 -1.62418759e-01  1.00000000e+00]]",1,"[[ 1.76009360e-03 -7.88651482e-04 -6.79631135e-02]
 [-4.40865613e-03 -3.40743307e-03  1.13575498e+00]
 [ 1.49070066e-04  1.92811039e-04  9.47678350e-01]]","[[ 3.63946541e+02 -7.75027533e+01  1.18984546e+02]
 [-4.58851591e+02 -1.77124945e+02  1.79370518e+02]
 [ 3.61073114e-02  4.82283733e-02  1.00000000e+00]]",8
462,-549465.653404,"[[ 8.78181851e-04 -8.01444503e-04  1.38234647e-01]
 [-1.22729585e-03 -1.71442772e-03  1.39760916e-01]
 [-9.83396933e-05 -3.66997108e-04  1.03817133e+00]]","[[ 6.94434199e+02 -3.13879357e+02 -5.02102093e+01]
 [-5.06349421e+02 -3.71726387e+02  1.17464093e+02]
 [-1.13216696e-01 -1.61138441e-01  1.00000000e+00]]",1,"[[ 1.75785779e-03 -7.82203664e-04 -7.06503483e-02]
 [-4.33413879e-03 -3.41243235e-03  1.14029638e+00]
 [ 1.65567983e-04  1.89939733e-04  9.45662296e-01]]","[[ 3.66778985e+02 -7.73565388e+01  1.20679914e+02]
 [-4.56655914e+02 -1.78302465e+02  1.80883553e+02]
 [ 2.75047931e-02  4.93564021e-02  1.00000000e+00]]",8
463,-549465.6034299999,"[[ 9.45890634e-04 -8.39163466e-04  1.56083479e-01]
 [-1.25639637e-03 -1.73569008e-03  1.46519768e-01]
 [-2.30162462e-04 -3.17601999e-04  1.02679621e+00]]","[[ 6.43769995e+02 -3.01205061e+02 -5.48788207e+01]
 [-4.65984956e+02 -3.73563060e+02  1.24140434e+02]
 [ 1.69394515e-04 -1.83065025e-01  1.00000000e+00]]",2,"[[ 1.76986108e-03 -7.73055268e-04 -6.88817871e-02]
 [-3.64295518e-03 -3.21648307e-03  1.07479267e+00]
 [ 3.38314635e-04  2.38682019e-04  9.11835181e-01]]","[[ 3.74833809e+02 -8.09100358e+01  1.23685440e+02]
 [-4.33120392e+02 -1.92400756e+02  1.94066668e+02]
 [-2.56995060e-02  8.03825644e-02  1.00000000e+00]]",8
464,-549465.553704,"[[ 8.86254148e-04 -8.02127594e-04  1.42330275e-01]
 [-1.23823227e-03 -1.71164845e-03  1.41182432e-01]
 [-1.26623475e-04 -3.35995294e-04  1.03376168e+00]]","[[ 6.86007700e+02 -3.11287543e+02 -5.19378240e+01]
 [-5.02817393e+02 -3.72164341e+02  1.20055916e+02]
 [-7.93989575e-02 -1.59090612e-01  1.00000000e+00]]",1,"[[ 1.78730966e-03 -7.79645812e-04 -7.11070777e-02]
 [-4.37458739e-03 -3.41496636e-03  1.14733480e+00]
 [ 8.88615072e-05  2.17170516e-04  9.49670009e-01]]","[[ 3.67056296e+02 -7.61978428e+01  1.19541248e+02]
 [-4.47368611e+02 -1.79065764e+02  1.82839626e+02]
 [ 6.79584442e-02  4.80786579e-02  1.00000000e+00]]",8
465,-549465.505351,"[[ 9.50264471e-04 -8.35343906e-04  1.58110632e-01]
 [-1.24697185e-03 -1.74449047e-03  1.54978472e-01]
 [-2.29786155e-04 -3.17592575e-04  1.02806440e+00]]","[[ 6.46159512e+02 -2.99540367e+02 -5.42207085e+01]
 [-4.61719560e+02 -3.75369749e+02  1.27596093e+02]
 [ 1.78958212e-03 -1.82911571e-01  1.00000000e+00]]",2,"[[ 1.77988198e-03 -7.64060340e-04 -6.97895701e-02]
 [-3.60520959e-03 -3.20711172e-03  1.07537044e+00]
 [ 3.49546634e-04  2.41502088e-04  9.09378314e-01]]","[[ 3.75307555e+02 -8.01105220e+01  1.23536089e+02]
 [-4.31814274e+02 -1.94139722e+02  1.96437481e+02]
 [-2.95844350e-02  8.23502281e-02  1.00000000e+00]]",8
466,-549465.4532539999,"[[ 9.61343765e-04 -8.33608064e-04  1.52547324e-01]
 [-1.24263086e-03 -1.75331378e-03  1.71823398e-01]
 [-2.41163380e-04 -2.97174382e-04  1.02772845e+00]]","[[ 6.43369636e+02 -2.98151048e+02 -4.56492082e+01]
 [-4.54048502e+02 -3.76566296e+02  1.30352316e+02]
 [ 1.96799196e-02 -1.78849744e-01  1.00000000e+00]]",2,"[[ 1.78085250e-03 -7.57037221e-04 -7.70510747e-02]
 [-3.53949015e-03 -3.18301540e-03  1.07872881e+00]
 [ 3.32481647e-04  2.77787651e-04  9.02857407e-01]]","[[ 3.80146624e+02 -7.93114869e+01  1.27203134e+02]
 [-4.25767797e+02 -1.95672331e+02  1.97452568e+02]
 [-8.99227183e-03  8.94105431e-02  1.00000000e+00]]",8
467,-549465.4023119999,"[[ 9.67494686e-04 -8.31335934e-04  1.49988735e-01]
 [-1.23985969e-03 -1.77683200e-03  1.81687460e-01]
 [-2.41128923e-04 -3.18417276e-04  1.03176405e+00]]","[[ 6.45650227e+02 -2.94559233e+02 -4.19888072e+01]
 [-4.49278356e+02 -3.76168104e+02  1.31553061e+02]
 [ 1.22382183e-02 -1.84931015e-01  1.00000000e+00]]",2,"[[ 1.78408761e-03 -7.48546754e-04 -8.14168784e-02]
 [-3.51310740e-03 -3.20619386e-03  1.08670839e+00]
 [ 3.38175070e-04  2.40201101e-04  9.08937370e-01]]","[[ 3.80276979e+02 -7.91421676e+01  1.28683698e+02]
 [-4.26437574e+02 -1.97507249e+02  1.97938356e+02]
 [-2.87912237e-02  8.16396916e-02  1.00000000e+00]]",8
468,-549465.354587,"[[ 9.13466934e-04 -7.93471447e-04  1.24605369e-01]
 [-1.17814621e-03 -1.75069800e-03  1.97119516e-01]
 [-1.17594199e-04 -2.99845774e-04  1.03581222e+00]]","[[ 6.92292062e+02 -3.09595779e+02 -2.43634291e+01]
 [-4.72432481e+02 -3.79171927e+02  1.28990378e+02]
 [-5.81643572e-02 -1.44910211e-01  1.00000000e+00]]",1,"[[ 1.77390673e-03 -7.47959500e-04 -9.42771180e-02]
 [-4.01410520e-03 -3.36305535e-03  1.15262909e+00]
 [ 1.53584781e-04  2.63408689e-04  9.30866302e-01]]","[[ 3.82929958e+02 -7.48669495e+01  1.31485431e+02]
 [-4.36391927e+02 -1.85740915e+02  1.85793177e+02]
 [ 6.03064170e-02  6.49117867e-02  1.00000000e+00]]",8
469,-549465.306641,"[[ 9.37478302e-04 -7.99266012e-04  1.18954640e-01]
 [-1.20783193e-03 -1.75770346e-03  2.03970310e-01]
 [-1.74632023e-04 -2.66602238e-04  1.03108851e+00]]","[[ 6.72729627e+02 -3.03231328e+02 -1.76261519e+01]
 [-4.62944855e+02 -3.77851286e+02  1.28155713e+02]
 [-5.76284056e-03 -1.49055971e-01  1.00000000e+00]]",1,"[[ 1.80536732e-03 -7.45622258e-04 -1.06011217e-01]
 [-4.05167164e-03 -3.37933335e-03  1.16992301e+00]
 [ 1.42099274e-05  2.89332863e-04  9.44713274e-01]]","[[ 3.87087902e+02 -7.38577145e+01  1.34901777e+02]
 [-4.21432981e+02 -1.87137622e+02  1.84458069e+02]
 [ 1.23247892e-01  5.84246863e-02  1.00000000e+00]]",8
470,-549465.259045,"[[ 9.50930629e-04 -7.94361074e-04  1.10446121e-01]
 [-1.19694558e-03 -1.79927229e-03  2.19025650e-01]
 [-1.81348528e-04 -2.91609603e-04  1.03561516e+00]]","[[ 6.76042663e+02 -2.96960011e+02 -9.29344295e+00]
 [-4.50769955e+02 -3.77500619e+02  1.27912488e+02]
 [-8.54516852e-03 -1.58298249e-01  1.00000000e+00]]",1,"[[ 1.80787233e-03 -7.30298013e-04 -1.17588162e-01]
 [-3.98004204e-03 -3.42264429e-03  1.18137880e+00]
 [-4.78810189e-06  2.44916470e-04  9.55751741e-01]]","[[ 3.91512184e+02 -7.35826612e+01  1.39122106e+02]
 [-4.17653574e+02 -1.89933274e+02  1.83386564e+02]
 [ 1.08987339e-01  4.83027795e-02  1.00000000e+00]]",8
471,-549465.2118619999,"[[ 9.56113223e-04 -7.78326817e-04  1.00030870e-01]
 [-1.17990650e-03 -1.81774874e-03  2.27304314e-01]
 [-1.79019390e-04 -2.87544828e-04  1.03597077e+00]]","[[ 6.84318889e+02 -2.92720221e+02 -1.84990221e+00]
 [-4.44846213e+02 -3.79626837e+02  1.26247936e+02]
 [-5.21914105e-03 -1.55952594e-01  1.00000000e+00]]",1,"[[ 1.80253922e-03 -7.04254992e-04 -1.30210896e-01]
 [-3.90889086e-03 -3.44341846e-03  1.18326697e+00]
 [-3.60088883e-06  2.46065223e-04  9.55917165e-01]]","[[ 3.99875283e+02 -7.15610220e+01  1.43049961e+02]
 [-4.16564516e+02 -1.92260809e+02  1.81244394e+02]
 [ 1.08735307e-01  4.92208083e-02  1.00000000e+00]]",8
472,-549465.161554,"[[ 9.58948038e-04 -7.74831533e-04  9.95032505e-02]
 [-1.16953036e-03 -1.81436715e-03  2.25943120e-01]
 [-1.83935456e-04 -2.70652541e-04  1.03368478e+00]]","[[ 6.85669577e+02 -2.92509243e+02 -2.06629781e+00]
 [-4.41169560e+02 -3.81528491e+02  1.25861912e+02]
 [ 6.49645198e-03 -1.51946202e-01  1.00000000e+00]]",1,"[[ 1.81117656e-03 -6.97478821e-04 -1.32740545e-01]
 [-3.88795286e-03 -3.44221390e-03  1.17865630e+00]
 [-1.29745052e-05  2.66529360e-04  9.53630994e-01]]","[[ 4.02041041e+02 -7.03937567e+01  1.42966401e+02]
 [-4.12730637e+02 -1.92871569e+02  1.80932878e+02]
 [ 1.20823586e-01  5.29477463e-02  1.00000000e+00]]",8
473,-549465.1119629999,"[[ 9.58088716e-04 -7.62719644e-04  9.06382137e-02]
 [-1.12094594e-03 -1.81280923e-03  2.22327366e-01]
 [-1.63122733e-04 -2.58853592e-04  1.03175266e+00]]","[[ 6.99444713e+02 -2.94573702e+02  2.03088965e+00]
 [-4.32237248e+02 -3.87103905e+02  1.21386655e+02]
 [ 2.14118106e-03 -1.43692292e-01  1.00000000e+00]]",1,"[[ 1.79624819e-03 -6.78729485e-04 -1.41194384e-01]
 [-3.75594022e-03 -3.43561023e-03  1.15522940e+00]
 [ 5.20367551e-05  2.96094040e-04  9.39975937e-01]]","[[ 4.09547308e+02 -6.83658284e+01  1.45539890e+02]
 [-4.11744474e+02 -1.94459267e+02  1.77141827e+02]
 [ 1.07027816e-01  6.50397137e-02  1.00000000e+00]]",8
474,-549465.0643379999,"[[ 1.02730851e-03 -7.84573003e-04  9.61344414e-02]
 [-1.15425100e-03 -1.88209029e-03  2.26734680e-01]
 [-2.77200433e-04 -3.00265630e-04  1.03607312e+00]]","[[ 6.62856103e+02 -2.76148860e+02 -1.07210377e+00]
 [-3.99085924e+02 -3.84284574e+02  1.21127110e+02]
 [ 6.16869705e-02 -1.85253366e-01  1.00000000e+00]]",2,"[[ 1.79133885e-03 -6.54518125e-04 -1.46036098e-01]
 [-3.15655991e-03 -3.27034799e-03  1.08085104e+00]
 [ 2.70421954e-04  2.92080438e-04  9.05186447e-01]]","[[ 4.13406727e+02 -6.93821245e+01  1.49542724e+02]
 [-3.97454707e+02 -2.09606065e+02  1.86160763e+02]
 [ 4.74431515e-03  8.83622166e-02  1.00000000e+00]]",8
475,-549465.0155999999,"[[ 9.69599946e-04 -7.78874136e-04  8.19251559e-02]
 [-1.14347768e-03 -1.83332719e-03  2.12746101e-01]
 [-2.24719988e-04 -2.70322224e-04  1.03169532e+00]]","[[ 6.87321764e+02 -2.92859983e+02  5.81167386e+00]
 [-4.24220131e+02 -3.81805952e+02  1.12418876e+02]
 [ 3.85567412e-02 -1.63829497e-01  1.00000000e+00]]",2,"[[ 1.66077608e-03 -6.63352869e-04 -1.35594369e-01]
 [-3.20408855e-03 -3.19465795e-03  1.05858104e+00]
 [ 4.90098810e-04  3.10728602e-04  8.69771230e-01]]","[[ 4.18184751e+02 -7.19725997e+01  1.52789977e+02]
 [-4.44840510e+02 -2.03329182e+02  1.78118730e+02]
 [-7.67180799e-02  1.13195142e-01  1.00000000e+00]]",8
476,-549464.968748,"[[ 9.45414036e-04 -7.36933630e-04  8.91430377e-02]
 [-1.10823382e-03 -1.81400814e-03  2.05355354e-01]
 [-1.46118305e-04 -2.89978934e-04  1.03295433e+00]]","[[ 7.16613595e+02 -2.90466471e+02 -4.09724564e+00]
 [-4.40319152e+02 -3.90884145e+02  1.15708445e+02]
 [-2.22400098e-02 -1.50820450e-01  1.00000000e+00]]",1,"[[ 1.80099367e-03 -6.46546627e-04 -1.45524898e-01]
 [-3.80537968e-03 -3.48858051e-03  1.15030104e+00]
 [ 4.31140490e-05  2.45261326e-04  9.51249705e-01]]","[[ 4.11818102e+02 -6.62607778e+01  1.43127118e+02]
 [-4.19689861e+02 -1.96662060e+02  1.73608723e+02]
 [ 8.95438343e-02  5.37086820e-02  1.00000000e+00]]",8
477,-549464.924031,"[[ 9.33338212e-04 -7.32066085e-04  1.06533581e-01]
 [-1.11878078e-03 -1.79728287e-03  1.92104508e-01]
 [-1.44161514e-04 -2.88737311e-04  1.03158639e+00]]","[[ 7.20444207e+02 -2.90178596e+02 -2.03636703e+01]
 [-4.51202703e+02 -3.91820269e+02  1.19562143e+02]
 [-2.56098065e-02 -1.50220784e-01  1.00000000e+00]]",1,"[[ 1.83657871e-03 -6.44641346e-04 -1.32277850e-01]
 [-3.93634136e-03 -3.50314672e-03  1.15359178e+00]
 [ 1.03450196e-05  2.29397385e-04  9.57747939e-01]]","[[ 4.03481005e+02 -6.54372902e+01  1.34544293e+02]
 [-4.21560176e+02 -1.96219210e+02  1.78119719e+02]
 [ 9.66128761e-02  4.77047476e-02  1.00000000e+00]]",8
490,-549464.3548369999,"[[ 7.65866461e-04 -6.85313565e-04  1.96974843e-01]
 [-8.95422889e-04 -1.67802189e-03  1.14648590e-01]
 [-1.42231011e-03  3.72133139e-04  7.59492223e-01]]","[[ 6.93658485e+02 -3.12721468e+02 -1.32694178e+02]
 [-2.72279675e+02 -4.53884149e+02  1.39131673e+02]
 [ 1.43243305e+00 -3.63244762e-01  1.00000000e+00]]",1,"[[ 1.55375876e-03 -5.85095525e-04 -8.34216544e-03]
 [-2.66880683e-03 -2.90982639e-03  8.39561607e-01]
 [-2.24638152e-03  7.16053113e-04  1.03943542e+00]]","[[ 5.96077749e+02 -9.90017654e+01  8.47485651e+01]
 [-1.46001003e+02 -2.62432591e+02  2.10797476e+02]
 [ 1.38879480e+00 -3.31719142e-02  1.00000000e+00]]",8
563,-549460.925635,"[[ 1.03754306e-03 -9.67162053e-04  2.09391883e-01]
 [-1.22573652e-03 -1.97480559e-03  1.88567998e-01]
 [-1.39767365e-03  3.02009807e-05  8.95898918e-01]]","[[ 5.48758266e+02 -2.69847491e+02 -7.14599878e+01]
 [-2.58029719e+02 -3.77870161e+02  1.39841165e+02]
 [ 8.64804838e-01 -4.08245473e-01  1.00000000e+00]]",1,"[[ 1.99462150e-03 -8.96745448e-04 -3.93906330e-02]
 [-3.51793161e-03 -3.24824820e-03  1.06363943e+00]
 [-2.32880531e-03  3.20504729e-04  1.19552818e+00]]","[[ 4.38488556e+02 -1.09974146e+02  1.12289432e+02]
 [-1.79450734e+02 -2.38007157e+02  2.05837992e+02]
 [ 9.02253339e-01 -1.50415490e-01  1.00000000e+00]]",8
570,-549460.5455329999,"[[ 1.00087073e-03 -9.05683290e-04  2.08043520e-01]
 [-1.18509337e-03 -1.88815948e-03  1.72874500e-01]
 [-6.28503610e-04 -4.93118195e-04  1.01971458e+00]]","[[ 6.21012459e+02 -2.77055141e+02 -7.97300051e+01]
 [-3.71164074e+02 -3.88562558e+02  1.41599268e+02]
 [ 2.03273365e-01 -3.58666465e-01  1.00000000e+00]]",2,"[[ 1.92272854e-03 -8.20961329e-04 -3.80005780e-02]
 [-3.31637802e-03 -3.15701877e-03  1.01755586e+00]
 [-5.71474505e-04 -3.80940327e-04  1.14139554e+00]]","[[ 3.65732492e+02 -1.08216664e+02  1.08651684e+02]
 [-3.64369176e+02 -2.47122658e+02  2.08179252e+02]
 [ 6.15070581e-02 -1.36659068e-01  1.00000000e+00]]",8
572,-549460.4331289999,"[[ 8.55662394e-04 -7.25741612e-04  1.84867202e-01]
 [-1.00535425e-03 -1.77909081e-03  1.64257831e-01]
 [-1.20572102e-03  5.28860779e-04  8.11074263e-01]]","[[ 6.79348515e+02 -3.04805127e+02 -9.31143220e+01]
 [-2.74150726e+02 -4.07163909e+02  1.44945221e+02]
 [ 1.18866100e+00 -1.87623910e-01  1.00000000e+00]]",1,"[[ 1.65840549e-03 -6.07676615e-04 -3.95391559e-02]
 [-2.78963332e-03 -3.01458085e-03  9.17233913e-01]
 [-1.57329512e-03  1.06647712e-03  9.34248135e-01]]","[[ 5.66812035e+02 -7.85041285e+01  1.01062999e+02]
 [-1.73741734e+02 -2.22142798e+02  2.10744125e+02]
 [ 1.15285667e+00  1.21381081e-01  1.00000000e+00]]",8
573,-549460.376587,"[[ 8.77671470e-04 -7.29193173e-04  1.87427746e-01]
 [-1.03485865e-03 -1.82077451e-03  1.69895429e-01]
 [-1.12440448e-03  7.05565289e-04  7.93220490e-01]]","[[ 6.64844114e+02 -3.02064633e+02 -9.23965457e+01]
 [-2.67714667e+02 -3.85493025e+02  1.45824094e+02]
 [ 1.18055937e+00 -8.52881783e-02  1.00000000e+00]]",1,"[[ 1.70789077e-03 -6.03963478e-04 -4.54852782e-02]
 [-2.87096130e-03 -3.08697905e-03  9.43309489e-01]
 [-1.33035746e-03  1.36567399e-03  8.46261165e-01]]","[[ 5.56743387e+02 -6.40852577e+01  1.01358615e+02]
 [-1.67658330e+02 -1.97655526e+02  2.11311064e+02]
 [ 1.14578617e+00  2.18226616e-01  1.00000000e+00]]",8
