world_timestamp,world_index,gaze_timestamp,x_norm,y_norm,x_scaled,y_scaled,on_surf,confidence
-549581.498059,303,-549581.515982,1.6240196228027344,-1.2664698362350464,1.6240196228027344,-1.2664698362350464,False,0.7090674042701721
-549581.498059,303,-549581.507892,1.93428373336792,-1.9646285772323608,1.93428373336792,-1.9646285772323608,False,0.11850090070876157
-549581.498059,303,-549581.500015,1.6157010793685913,-1.198198676109314,1.6157010793685913,-1.198198676109314,False,1.0
-549581.498059,303,-549581.491864,1.6904842853546143,-1.159733533859253,1.6904842853546143,-1.159733533859253,False,0.19730775364323772
-549581.498059,303,-549581.482188,1.3771655559539795,-0.8349818587303162,1.3771655559539795,-0.8349818587303162,False,0.9365777969360352
-549581.498059,303,-549581.4758980001,1.2728642225265503,-0.6298572421073914,1.2728642225265503,-0.6298572421073914,False,0.8712434768676758
-549581.448412,304,-549581.467997,0.7433377504348755,-0.38969215750694275,0.7433377504348755,-0.38969215750694275,False,0.9148862957954407
-549581.448412,304,-549581.459985,-0.07668779045343399,-0.0367017425596714,-0.07668779045343399,-0.0367017425596714,False,0.9523127675056458
-549581.448412,304,-549581.4520030001,-0.247545063495636,-0.012790679931640625,-0.247545063495636,-0.012790679931640625,False,1.0
-549581.448412,304,-549581.444026,0.671993613243103,-0.32153525948524475,0.671993613243103,-0.32153525948524475,False,0.393477552251378
-549581.448412,304,-549581.431964,0.5659773349761963,-0.27314096689224243,0.5659773349761963,-0.27314096689224243,False,0.42589356594749805
-549581.4003969999,305,-549581.42096,0.6306567788124084,-0.3360673785209656,0.6306567788124084,-0.3360673785209656,False,0.4251716215956557
-549581.4003969999,305,-549581.411693,0.5499848127365112,-0.31261759996414185,0.5499848127365112,-0.31261759996414185,False,0.3735705949774755
-549581.4003969999,305,-549581.401151,0.5508466362953186,-0.29784196615219116,0.5508466362953186,-0.29784196615219116,False,0.3869545567318825
-549581.4003969999,305,-549581.391452,0.9048303961753845,-0.47045934200286865,0.9048303961753845,-0.47045934200286865,False,0.40393036075886546
-549581.4003969999,305,-549581.379944,0.7336184978485107,-0.3981190025806427,0.7336184978485107,-0.3981190025806427,False,0.3359313648684677
-549581.349497,306,-549581.370974,1.0520893335342407,1.5949405431747437,1.0520893335342407,1.5949405431747437,False,0.7508447913049966
-549581.349497,306,-549581.365583,0.5039357542991638,-0.2554900348186493,0.5039357542991638,-0.2554900348186493,False,0.379704130389416
-549581.349497,306,-549581.353582,0.4960128962993622,-0.24519458413124084,0.4960128962993622,-0.24519458413124084,False,0.3704327925912941
-549581.349497,306,-549581.34305,0.47213006019592285,-0.23819899559020996,0.47213006019592285,-0.23819899559020996,False,0.33837814278344136
-549581.349497,306,-549581.332239,0.5325940251350403,-0.25890523195266724,0.5325940251350403,-0.25890523195266724,False,0.35303734396181813
-549581.2985919999,307,-549581.322165,11.056742668151855,3.4169085025787354,11.056742668151855,3.4169085025787354,False,0.8325104247096546
-549581.2985919999,307,-549581.315137,0.6485978364944458,-0.3383435010910034,0.6485978364944458,-0.3383435010910034,False,0.3137111473410247
-549581.2985919999,307,-549581.302884,0.5297498106956482,-0.30122512578964233,0.5297498106956482,-0.30122512578964233,False,0.40939833680236126
-549581.2985919999,307,-549581.291599,-0.4788006544113159,3.4237468242645264,-0.4788006544113159,3.4237468242645264,False,0.8145429156942611
-549581.2985919999,307,-549581.283973,-0.41852298378944397,-0.603064775466919,-0.41852298378944397,-0.603064775466919,False,0.32124647205348167
-549581.2985919999,307,-549581.273776,1.0597275495529175,-0.5991149544715881,1.0597275495529175,-0.5991149544715881,False,0.99
-549581.248528,308,-549581.264027,1.4430772066116333,-0.6349413394927979,1.4430772066116333,-0.6349413394927979,False,0.4111893208709274
-549581.248528,308,-549581.252014,1.7297121286392212,-0.8296841979026794,1.7297121286392212,-0.8296841979026794,False,0.8231992721557617
-549581.248528,308,-549581.247151,1.5629724264144897,-0.9837494492530823,1.5629724264144897,-0.9837494492530823,False,0.40448960578876614
-549581.248528,308,-549581.2374570001,1.9467397928237915,-1.3192075490951538,1.9467397928237915,-1.3192075490951538,False,0.372335955748116
-549581.248528,308,-549581.225718,1.5229442119598389,-0.9466878175735474,1.5229442119598389,-0.9466878175735474,False,0.41541107195587434
-549581.199496,309,-549581.2158990001,1.137182593345642,-0.9515043497085571,1.137182593345642,-0.9515043497085571,False,0.3793327327671427
-549581.199496,309,-549581.20439,1.1758408546447754,-0.9817386269569397,1.1758408546447754,-0.9817386269569397,False,0.3982009713860913
-549581.199496,309,-549581.194396,0.9078812599182129,-0.7149467468261719,0.9078812599182129,-0.7149467468261719,False,0.4411208577799679
-549581.199496,309,-549581.182206,0.944295346736908,-0.7365849614143372,0.944295346736908,-0.7365849614143372,False,0.4123069408828099
-549581.1516089999,310,-549581.1718070001,0.9996535778045654,-0.5706369876861572,0.9996535778045654,-0.5706369876861572,False,0.7512514843371255
-549581.1516089999,310,-549581.164016,1.0811887979507446,-0.8318282961845398,1.0811887979507446,-0.8318282961845398,False,0.4044339648204166
-549581.1516089999,310,-549581.153796,0.8044775724411011,-0.5963362455368042,0.8044775724411011,-0.5963362455368042,False,0.37534038401373715
-549581.1516089999,310,-549581.1411380001,0.9532175660133362,-0.5597483515739441,0.9532175660133362,-0.5597483515739441,False,0.7830774945110269
-549581.1516089999,310,-549581.134308,0.8354194760322571,-0.6132981181144714,0.8354194760322571,-0.6132981181144714,False,0.41296860559475373
-549581.1011059999,311,-549581.122704,0.8338289856910706,-0.6135241985321045,0.8338289856910706,-0.6135241985321045,False,0.4245719663561795
-549581.1011059999,311,-549581.1118140001,0.9411877989768982,-0.5573887825012207,0.9411877989768982,-0.5573887825012207,False,0.7647179101415948
-549581.1011059999,311,-549581.103737,0.8175106048583984,-0.5955819487571716,0.8175106048583984,-0.5955819487571716,False,0.4420417909049943
-549581.1011059999,311,-549581.09409,0.800049901008606,-0.5774633884429932,0.800049901008606,-0.5774633884429932,False,0.37577271602436996
-549581.1011059999,311,-549581.081118,0.701079249382019,-0.5360796451568604,0.701079249382019,-0.5360796451568604,False,0.3181753103080247
-549581.0504269999,312,-549581.0711160001,1.1354912519454956,-0.8397010564804077,1.1354912519454956,-0.8397010564804077,False,0.36690864931814193
-549581.0504269999,312,-549581.059522,1.6661858558654785,-1.0213650465011597,1.6661858558654785,-1.0213650465011597,False,0.3656827502001906
-549581.0504269999,312,-549581.046676,1.1383084058761597,-0.8403370976448059,1.1383084058761597,-0.8403370976448059,False,0.3269705671963288
-549581.0504269999,312,-549581.034013,1.1937230825424194,-0.874107837677002,1.1937230825424194,-0.874107837677002,False,0.33309505435125436
-549580.9988409999,313,-549581.02222,0.7172526121139526,-0.5478848218917847,0.7172526121139526,-0.5478848218917847,False,0.32177153321520574
-549580.9988409999,313,-549581.011642,0.8966459035873413,-0.5481516718864441,0.8966459035873413,-0.5481516718864441,False,0.7578007215079453
-549580.9988409999,313,-549581.003942,0.8094355463981628,-0.5960738062858582,0.8094355463981628,-0.5960738062858582,False,0.32343382340685006
-549580.9988409999,313,-549580.992666,0.8411727547645569,-0.6138427257537842,0.8411727547645569,-0.6138427257537842,False,0.30671117723140834
-549580.9988409999,313,-549580.983254,0.6139247417449951,-0.47168368101119995,0.6139247417449951,-0.47168368101119995,False,0.3449193262727274
-549580.9487599999,314,-549580.972236,0.7982307076454163,-0.6269455552101135,0.7982307076454163,-0.6269455552101135,False,0.3572334197860821
-549580.9487599999,314,-549580.959817,1.0165205001831055,-0.762278139591217,1.0165205001831055,-0.762278139591217,False,0.327646660983753
-549580.9487599999,314,-549580.946907,0.8549634218215942,-0.6448577046394348,0.8549634218215942,-0.6448577046394348,False,0.3030883648835144
-549580.9487599999,314,-549580.938082,1.0630306005477905,-0.7898021340370178,1.0630306005477905,-0.7898021340370178,False,0.2775309149740688
-549580.9487599999,314,-549580.927317,0.829526424407959,-0.6242837905883789,0.829526424407959,-0.6242837905883789,False,0.31323053220918134
-549580.899125,315,-549580.917758,1.3668136596679688,-0.9701238870620728,1.3668136596679688,-0.9701238870620728,False,0.24786226960249738
-549580.899125,315,-549580.906355,1.8564786911010742,-1.4178943634033203,1.8564786911010742,-1.4178943634033203,False,0.26769550840304784
-549580.899125,315,-549580.895545,1.894946575164795,-1.4605987071990967,1.894946575164795,-1.4605987071990967,False,0.2629797978326756
-549580.899125,315,-549580.884963,0.9851784110069275,-0.78521329164505,0.9851784110069275,-0.78521329164505,False,0.2654408099853953
-549580.8509689999,316,-549580.874099,2.760075330734253,-2.0178253650665283,2.760075330734253,-2.0178253650665283,False,0.2519028933437157
-549580.8509689999,316,-549580.864219,1.3966165781021118,-0.9140563011169434,1.3966165781021118,-0.9140563011169434,False,0.26282652528285766
-549580.8509689999,316,-549580.855876,1.1966475248336792,-0.9051905274391174,1.1966475248336792,-0.9051905274391174,False,0.26984669255662486
-549580.8509689999,316,-549580.84405,1.3229409456253052,-0.8666918873786926,1.3229409456253052,-0.8666918873786926,False,0.7958319994424682
-549580.8509689999,316,-549580.835964,2.5170929431915283,-1.7978287935256958,2.5170929431915283,-1.7978287935256958,False,0.2663533563541972
-549580.801195,317,-549580.825019,1.2077114582061768,-0.9361532926559448,1.2077114582061768,-0.9361532926559448,False,0.27847094924840127
-549580.801195,317,-549580.816687,1.2479599714279175,-0.9924345016479492,1.2479599714279175,-0.9924345016479492,False,0.22473802760514255
-549580.801195,317,-549580.806205,1.0862725973129272,-0.8398648500442505,1.0862725973129272,-0.8398648500442505,False,0.2507736126662544
-549580.801195,317,-549580.796633,1.4671627283096313,-1.1443486213684082,1.4671627283096313,-1.1443486213684082,False,0.99
-549580.801195,317,-549580.789069,1.1138725280761719,-1.1336368322372437,1.1138725280761719,-1.1336368322372437,False,0.2381131339809226
-549580.801195,317,-549580.780258,1.108863115310669,-1.0278685092926025,1.108863115310669,-1.0278685092926025,False,0.36863617836047885
-549580.751509,318,-549580.770237,1.5626986026763916,-1.2899633646011353,1.5626986026763916,-1.2899633646011353,False,0.2749988745912518
-549580.751509,318,-549580.760034,0.802038311958313,-0.8066413402557373,0.802038311958313,-0.8066413402557373,False,0.39630163056493134
-549580.751509,318,-549580.749747,0.9401081800460815,-0.7673766613006592,0.9401081800460815,-0.7673766613006592,False,0.8673088550567627
-549580.751509,318,-549580.744035,0.9391293525695801,-0.7648078799247742,0.9391293525695801,-0.7648078799247742,False,0.7398150563240051
-549580.751509,318,-549580.73606,1.5615484714508057,-1.2653837203979492,1.5615484714508057,-1.2653837203979492,False,0.26730203798140434
-549580.702078,319,-549580.725475,1.4359452724456787,-1.2374985218048096,1.4359452724456787,-1.2374985218048096,False,0.23326290796861418
-549580.702078,319,-549580.7172750001,0.8793030977249146,-0.7495861053466797,0.8793030977249146,-0.7495861053466797,False,0.7292720079421997
-549580.702078,319,-549580.712034,0.8922793865203857,-0.7663609981536865,0.8922793865203857,-0.7663609981536865,False,0.8894268274307251
-549580.702078,319,-549580.7040670001,1.465739369392395,-1.2900298833847046,1.465739369392395,-1.2900298833847046,False,0.23081133809217624
-549580.702078,319,-549580.695607,0.8868020176887512,-0.7615572810173035,0.8868020176887512,-0.7615572810173035,False,0.7260655760765076
-549580.702078,319,-549580.688046,0.8866975903511047,-0.7606963515281677,0.8866975903511047,-0.7606963515281677,False,0.751702070236206
-549580.6522059999,320,-549580.676045,1.338989019393921,-1.1190180778503418,1.338989019393921,-1.1190180778503418,False,0.19697706055171924
-549580.6522059999,320,-549580.667995,1.5665228366851807,-1.4195431470870972,1.5665228366851807,-1.4195431470870972,False,0.26628323659563363
-549580.6522059999,320,-549580.656864,0.795383870601654,-0.6953780055046082,0.795383870601654,-0.6953780055046082,False,0.9652276288327745
-549580.6522059999,320,-549580.650607,1.4855268001556396,-1.422645926475525,1.4855268001556396,-1.422645926475525,False,0.24083841802022146
-549580.6522059999,320,-549580.642726,1.5889630317687988,-1.4565125703811646,1.5889630317687988,-1.4565125703811646,False,0.2560375693649371
-549580.6522059999,320,-549580.633131,1.4943240880966187,-1.4089946746826172,1.4943240880966187,-1.4089946746826172,False,0.2668077639116869
-549580.5999469999,321,-549580.623841,1.1188921928405762,-0.9678128957748413,1.1188921928405762,-0.9678128957748413,False,0.7825196244535098
-549580.5999469999,321,-549580.616357,1.3696441650390625,-1.3385571241378784,1.3696441650390625,-1.3385571241378784,False,0.22829143588299988
-549580.5999469999,321,-549580.607482,1.486209511756897,-1.4193389415740967,1.486209511756897,-1.4193389415740967,False,0.29779059679340997
-549580.5999469999,321,-549580.596038,1.1960880756378174,-1.3180376291275024,1.1960880756378174,-1.3180376291275024,False,0.9360976429783425
-549580.5999469999,321,-549580.590938,1.454479455947876,-1.418989658355713,1.454479455947876,-1.418989658355713,False,0.2901501595190169
-549580.5999469999,321,-549580.582088,1.0053893327713013,-1.0430383682250977,1.0053893327713013,-1.0430383682250977,False,0.1830239719641914
-549580.548848,322,-549580.573044,0.8788750767707825,-0.8650590777397156,0.8788750767707825,-0.8650590777397156,False,0.1692050907760239
-549580.548848,322,-549580.565274,1.347294807434082,-1.3024773597717285,1.347294807434082,-1.3024773597717285,False,0.22797267118992542
-549580.548848,322,-549580.555165,1.2898352146148682,-1.1968164443969727,1.2898352146148682,-1.1968164443969727,False,0.21577240138148837
-549580.548848,322,-549580.544775,0.8357144594192505,-0.8063915967941284,0.8357144594192505,-0.8063915967941284,False,0.17715922577471613
-549580.548848,322,-549580.534511,1.4771815538406372,-1.4841845035552979,1.4771815538406372,-1.4841845035552979,False,0.32351797497723095
-549580.548848,322,-549580.5265340001,1.5197254419326782,-1.5046947002410889,1.5197254419326782,-1.5046947002410889,False,0.26735216586650895
-549580.4988699999,323,-549580.515106,1.6361092329025269,-1.7338471412658691,1.6361092329025269,-1.7338471412658691,False,0.27007227723449184
-549580.4988699999,323,-549580.5071490001,0.6069128513336182,-0.6115430593490601,0.6069128513336182,-0.6115430593490601,False,0.2072743499072489
-549580.4988699999,323,-549580.496531,1.4531817436218262,-2.7407360076904297,1.4531817436218262,-2.7407360076904297,False,0.99
-549580.4988699999,323,-549580.490951,1.5728363990783691,-2.8868799209594727,1.5728363990783691,-2.8868799209594727,False,0.4027079062491707
-549580.4988699999,323,-549580.482233,1.4733166694641113,-2.596101999282837,1.4733166694641113,-2.596101999282837,False,0.3563721628887566
-549580.4480849999,324,-549580.4720000001,1.6721612215042114,-3.1557507514953613,1.6721612215042114,-3.1557507514953613,False,0.4622191810588836
-549580.4480849999,324,-549580.462804,1.6960569620132446,-3.133218765258789,1.6960569620132446,-3.133218765258789,False,0.4051664145675384
-549580.4480849999,324,-549580.451969,1.5975148677825928,-2.885349750518799,1.5975148677825928,-2.885349750518799,False,0.33132559321439164
-549580.4480849999,324,-549580.4415300001,1.5870370864868164,-2.8486711978912354,1.5870370864868164,-2.8486711978912354,False,0.3620170222965032
-549580.4480849999,324,-549580.430432,1.6524523496627808,-3.1783242225646973,1.6524523496627808,-3.1783242225646973,False,0.2689704674057111
-549579.314052,351,-549579.331967,0.5853844881057739,1.7058260440826416,0.5853844881057739,1.7058260440826416,False,0.7578905913021913
-549579.314052,351,-549579.3240050001,0.6375948190689087,-1.5106950998306274,0.6375948190689087,-1.5106950998306274,False,0.0
-549579.314052,351,-549579.31545,0.6375948190689087,-1.5106950998306274,0.6375948190689087,-1.5106950998306274,False,0.0
-549579.314052,351,-549579.307955,0.6375948190689087,-1.5106950998306274,0.6375948190689087,-1.5106950998306274,False,0.0
-549579.314052,351,-549579.299721,-4.493020057678223,13.12081241607666,-4.493020057678223,13.12081241607666,False,0.8076691284861462
-549579.2713139999,352,-549579.292041,0.6988682150840759,-1.6841671466827393,0.6988682150840759,-1.6841671466827393,False,0.0
-549579.2713139999,352,-549579.2839960001,0.6988682150840759,-1.6841671466827393,0.6988682150840759,-1.6841671466827393,False,0.0
-549579.2713139999,352,-549579.276017,0.6988682150840759,-1.6841671466827393,0.6988682150840759,-1.6841671466827393,False,0.0
-549579.2713139999,352,-549579.268002,-3.6003034114837646,17.31608009338379,-3.6003034114837646,17.31608009338379,False,0.99
-549579.2713139999,352,-549579.25998,3.4705872535705566,-9.593158721923828,3.4705872535705566,-9.593158721923828,False,0.4300628800185581
-549579.2269649999,353,-549579.248028,-1.5914920568466187,5.834699630737305,-1.5914920568466187,5.834699630737305,False,0.7874212520953268
-549579.2269649999,353,-549579.240062,-112.9654312133789,286.5186767578125,-112.9654312133789,286.5186767578125,False,0.4170045742719056
-549579.2269649999,353,-549579.2304090001,0.11642291396856308,1.8969643115997314,0.11642291396856308,1.8969643115997314,False,0.7834557526360864
-549579.2269649999,353,-549579.223457,-1.4266027212142944,4.86558198928833,-1.4266027212142944,4.86558198928833,False,0.968884544002864
-549579.2269649999,353,-549579.216002,2.713087797164917,-3.5409176349639893,2.713087797164917,-3.5409176349639893,False,0.8906723203112042
-549579.2269649999,353,-549579.208013,-34.53801345825195,91.60430908203125,-34.53801345825195,91.60430908203125,False,0.36902135544778747
-549579.176793,354,-549579.1999380001,3.0538928508758545,-3.738964319229126,3.0538928508758545,-3.738964319229126,False,0.9015429019927979
-549579.176793,354,-549579.192062,-4.769141674041748,13.140921592712402,-4.769141674041748,13.140921592712402,False,0.2709439065773065
-549579.176793,354,-549579.182415,-5.1448893547058105,14.04067611694336,-5.1448893547058105,14.04067611694336,False,0.28869755737400166
-549579.176793,354,-549579.174693,3.0132851600646973,-3.676424264907837,3.0132851600646973,-3.676424264907837,False,0.7435146570205688
-549579.176793,354,-549579.164037,-2.767183780670166,8.566373825073242,-2.767183780670166,8.566373825073242,False,0.25700264702683484
-549579.176793,354,-549579.1544390001,-3.5842578411102295,10.071174621582031,-3.5842578411102295,10.071174621582031,False,0.18708940729846968
-549579.127216,355,-549579.147506,-5.149928569793701,13.906983375549316,-5.149928569793701,13.906983375549316,False,0.2336353422771825
-549579.127216,355,-549579.140031,-0.028456343337893486,2.001013994216919,-0.028456343337893486,2.001013994216919,False,0.9848644700949378
-549579.127216,355,-549579.132005,-1.360500693321228,3.4389607906341553,-1.360500693321228,3.4389607906341553,False,0.14925302303682852
-549579.127216,355,-549579.123998,16.79242515563965,-42.88923263549805,16.79242515563965,-42.88923263549805,False,0.99
-549579.127216,355,-549579.116029,96.86039733886719,-220.23097229003906,96.86039733886719,-220.23097229003906,False,0.5167040561644587
-549579.127216,355,-549579.104839,6.8690571784973145,-14.405531883239746,6.8690571784973145,-14.405531883239746,False,0.5273751039689681
-549579.080173,356,-549579.095365,10.969986915588379,-26.550670623779297,10.969986915588379,-26.550670623779297,False,0.5993590229375451
-549579.080173,356,-549579.082235,8.688972473144531,-18.515661239624023,8.688972473144531,-18.515661239624023,False,0.49509991727967156
-549579.080173,356,-549579.071316,14.172209739685059,-34.34376907348633,14.172209739685059,-34.34376907348633,False,0.6
-549579.080173,356,-549579.059433,8.07580852508545,-17.315628051757812,8.07580852508545,-17.315628051757812,False,0.5033640035408813
-549579.0317709999,357,-549579.050661,2.474452257156372,-6.011010646820068,2.474452257156372,-6.011010646820068,False,0.5586974121316939
-549579.0317709999,357,-549579.0400500001,2.567018985748291,-6.22407865524292,2.567018985748291,-6.22407865524292,False,0.6
-549579.0317709999,357,-549579.02975,1.1920018196105957,-1.731581449508667,1.1920018196105957,-1.731581449508667,False,0.7004518401068056
-549579.0317709999,357,-549579.022874,2.749115467071533,-7.036708354949951,2.749115467071533,-7.036708354949951,False,0.6
-549579.0317709999,357,-549579.014216,2.4754483699798584,-5.601973533630371,2.4754483699798584,-5.601973533630371,False,0.6
-549578.08578,380,-549578.099692,0.7986604571342468,-3.620939016342163,0.7986604571342468,-3.620939016342163,False,0.4579820873225171
-549578.08578,380,-549578.0889580001,0.8875201344490051,-3.7578327655792236,0.8875201344490051,-3.7578327655792236,False,0.3321212341118965
-549578.08578,380,-549578.081042,0.8236674666404724,-4.197864055633545,0.8236674666404724,-4.197864055633545,False,0.44777117598284216
-549578.08578,380,-549578.0713460001,0.7948738932609558,-4.41763973236084,0.7948738932609558,-4.41763973236084,False,0.45455278821692896
-549578.046625,381,-549578.0615000001,0.4014553427696228,-2.100797653198242,0.4014553427696228,-2.100797653198242,False,0.4269858843326117
-549578.046625,381,-549578.05122,0.42495301365852356,-2.0736074447631836,0.42495301365852356,-2.0736074447631836,False,0.4631055263589141
-549578.046625,381,-549578.042429,0.49054890871047974,-2.0656909942626953,0.49054890871047974,-2.0656909942626953,False,0.99
-549578.046625,381,-549578.034356,0.47020840644836426,-1.8517683744430542,0.47020840644836426,-1.8517683744430542,False,0.8743941783905029
-549578.046625,381,-549578.029422,0.482299268245697,-1.8232851028442383,0.482299268245697,-1.8232851028442383,False,0.42027951004557496
-549577.9998219999,382,-549578.0216120001,0.7143229842185974,-2.435161590576172,0.7143229842185974,-2.435161590576172,False,0.41797011945468737
-549577.9998219999,382,-549578.011667,0.7569851875305176,-1.4818168878555298,0.7569851875305176,-1.4818168878555298,False,0.99
-549577.9998219999,382,-549578.006177,0.6661881804466248,-1.2908412218093872,0.6661881804466248,-1.2908412218093872,False,0.2652317616875741
-549577.9998219999,382,-549577.998208,0.6708833575248718,-1.3099812269210815,0.6708833575248718,-1.3099812269210815,False,0.26572047255827963
-549577.9998219999,382,-549577.988025,0.6734395027160645,-1.3518428802490234,0.6734395027160645,-1.3518428802490234,False,0.27201128622390336
-549577.9998219999,382,-549577.979732,0.6214422583580017,-1.1997123956680298,0.6214422583580017,-1.1997123956680298,False,0.3458655115311868
-549577.952934,383,-549577.969978,0.8786362409591675,-1.576331615447998,0.8786362409591675,-1.576331615447998,False,0.46282360885262464
-549577.952934,383,-549577.9626430001,0.8799075484275818,-1.5815593004226685,0.8799075484275818,-1.5815593004226685,False,0.45875904471046924
-549577.952934,383,-549577.95245,0.615176260471344,-1.5938434600830078,0.615176260471344,-1.5938434600830078,False,0.88505290556474
-549577.952934,383,-549577.943774,0.8773175477981567,-1.5794343948364258,0.8773175477981567,-1.5794343948364258,False,0.4507276125794118
-549577.952934,383,-549577.935345,0.8771334886550903,-1.5810599327087402,0.8771334886550903,-1.5810599327087402,False,0.34904585641688685
-549577.9055179999,384,-549577.927394,0.918789267539978,-1.6328895092010498,0.918789267539978,-1.6328895092010498,False,0.3294353928734068
-549577.9055179999,384,-549577.917301,0.8712724447250366,-1.5183764696121216,0.8712724447250366,-1.5183764696121216,False,0.30527467098077965
-549577.9055179999,384,-549577.909404,0.8913670778274536,-1.5949946641921997,0.8913670778274536,-1.5949946641921997,False,0.38760139245410447
-549577.9055179999,384,-549577.899987,0.9150667190551758,-1.6296331882476807,0.9150667190551758,-1.6296331882476807,False,0.350359666968565
-549577.9055179999,384,-549577.89244,0.7795400619506836,-1.4821946620941162,0.7795400619506836,-1.4821946620941162,False,0.2696771292109623
-549577.9055179999,384,-549577.884853,0.6174693703651428,-1.5470983982086182,0.6174693703651428,-1.5470983982086182,False,0.8642371381078751
-549577.853757,385,-549577.877174,0.8873835802078247,-1.565081238746643,0.8873835802078247,-1.565081238746643,False,0.4189552169505743
-549577.853757,385,-549577.869754,0.6145997643470764,-1.538334846496582,0.6145997643470764,-1.538334846496582,False,0.7617605328559875
-549577.853757,385,-549577.864028,0.6846891641616821,-1.463630199432373,0.6846891641616821,-1.463630199432373,False,0.8792684674263
-549577.853757,385,-549577.855905,0.8796138763427734,-1.5517300367355347,0.8796138763427734,-1.5517300367355347,False,0.3606085425373898
-549577.853757,385,-549577.848056,0.6698907613754272,-1.4502794742584229,0.6698907613754272,-1.4502794742584229,False,0.7285247445106506
-549577.853757,385,-549577.8400740001,0.6662828922271729,-1.448129653930664,0.6662828922271729,-1.448129653930664,False,0.74483323097229
-549577.853757,385,-549577.831969,0.6631056070327759,-1.4459525346755981,0.6631056070327759,-1.4459525346755981,False,0.7533767819404602
-549577.805356,386,-549577.820026,0.7038680911064148,-1.2177331447601318,0.7038680911064148,-1.2177331447601318,False,0.44549499247305974
-549577.805356,386,-549577.810639,0.7269393801689148,-1.2433747053146362,0.7269393801689148,-1.2433747053146362,False,0.48035184423048005
-549577.805356,386,-549577.801964,0.6297812461853027,-1.3957135677337646,0.6297812461853027,-1.3957135677337646,False,0.860461950302124
-549577.805356,386,-549577.796026,0.6317043900489807,-1.3967187404632568,0.6317043900489807,-1.3967187404632568,False,0.7282021045684814
-549577.805356,386,-549577.787972,0.7673757076263428,-1.2856658697128296,0.7673757076263428,-1.2856658697128296,False,0.4632802290066729
-549577.756007,387,-549577.779991,0.6099165081977844,-1.2766603231430054,0.6099165081977844,-1.2766603231430054,False,0.8130007982254028
-549577.756007,387,-549577.772008,0.7500276565551758,-1.2503470182418823,0.7500276565551758,-1.2503470182418823,False,0.39956394376968446
-549577.756007,387,-549577.762996,0.6131508350372314,-1.2589573860168457,0.6131508350372314,-1.2589573860168457,False,0.8685099482536316
-549577.756007,387,-549577.7559860001,0.5562567710876465,-1.1106206178665161,0.5562567710876465,-1.1106206178665161,False,0.8829152584075928
-549577.756007,387,-549577.747994,0.5956479907035828,-0.9984521865844727,0.5956479907035828,-0.9984521865844727,False,0.8025169372558594
-549577.756007,387,-549577.735972,0.7048555612564087,-1.1882988214492798,0.7048555612564087,-1.1882988214492798,False,0.41485062609393747
-549577.7046139999,388,-549577.727945,0.7355890274047852,-1.2830694913864136,0.7355890274047852,-1.2830694913864136,False,0.41513745172782596
-549577.7046139999,388,-549577.719223,0.6721957325935364,-0.9581589698791504,0.6721957325935364,-0.9581589698791504,False,0.8694744110107422
-549577.7046139999,388,-549577.712037,0.6825807690620422,-0.9706997275352478,0.6825807690620422,-0.9706997275352478,False,0.7104208469390869
-549577.7046139999,388,-549577.7040350001,0.5713133215904236,-0.8015086650848389,0.5713133215904236,-0.8015086650848389,False,0.8438211679458618
-549577.7046139999,388,-549577.696056,0.7748059034347534,-1.3423676490783691,0.7748059034347534,-1.3423676490783691,False,0.45314109216264886
-549577.7046139999,388,-549577.688026,0.7453480958938599,-1.3091107606887817,0.7453480958938599,-1.3091107606887817,False,0.5216465012015977
-549577.7046139999,388,-549577.679205,0.384793221950531,-0.6006350517272949,0.384793221950531,-0.6006350517272949,False,0.8526240587234497
-549577.652765,389,-549577.6720510001,0.7020264267921448,-1.2260466814041138,0.7020264267921448,-1.2260466814041138,False,0.3846804091605226
-549577.652765,389,-549577.664014,0.6623884439468384,-1.1951299905776978,0.6623884439468384,-1.1951299905776978,False,0.43616922606621966
-549577.652765,389,-549577.651958,0.3722588121891022,-0.5779420733451843,0.3722588121891022,-0.5779420733451843,False,0.7039210200309753
-549577.652765,389,-549577.644049,0.37799736857414246,-0.5829675197601318,0.37799736857414246,-0.5829675197601318,False,0.7204341888427734
-549577.652765,389,-549577.636006,0.5499013662338257,-1.0832750797271729,0.5499013662338257,-1.0832750797271729,False,0.3660402694795775
-549577.6058769999,390,-549577.6279740001,0.3699260950088501,-0.5638622045516968,0.3699260950088501,-0.5638622045516968,False,0.7402371168136597
-549577.6058769999,390,-549577.619982,0.546546220779419,-1.048330545425415,0.546546220779419,-1.048330545425415,False,0.4120273402009645
-549577.6058769999,390,-549577.611945,0.4707808494567871,-0.8747234344482422,0.4707808494567871,-0.8747234344482422,False,0.30726305153856287
-549577.6058769999,390,-549577.602467,0.5512169003486633,-1.041756272315979,0.5512169003486633,-1.041756272315979,False,0.4720889854461205
-549577.6058769999,390,-549577.595557,0.4470990300178528,-0.8745775818824768,0.4470990300178528,-0.8745775818824768,False,0.3984125657391954
-549577.6058769999,390,-549577.587928,0.3700202405452728,-0.5638732314109802,0.3700202405452728,-0.5638732314109802,False,0.705876886844635
-549577.5599989999,391,-549577.579993,0.38940006494522095,-0.5879813432693481,0.38940006494522095,-0.5879813432693481,False,0.7663978338241577
-549577.5599989999,391,-549577.56801,0.4596370458602905,-0.9089080095291138,0.4596370458602905,-0.9089080095291138,False,0.34926286022265274
-549577.5599989999,391,-549577.559536,0.5643556118011475,-1.0645183324813843,0.5643556118011475,-1.0645183324813843,False,0.41422668598357093
-549577.5599989999,391,-549577.552031,0.24574989080429077,-0.4772481918334961,0.24574989080429077,-0.4772481918334961,False,0.8151565194129944
-549577.5599989999,391,-549577.5440390001,0.2744605541229248,-0.499991774559021,0.2744605541229248,-0.499991774559021,False,0.7596032619476318
-549577.5599989999,391,-549577.535986,0.44785553216934204,-0.852937638759613,0.44785553216934204,-0.852937638759613,False,0.37859768044987446
-549577.510343,392,-549577.528056,0.5189173221588135,-0.9433189034461975,0.5189173221588135,-0.9433189034461975,False,0.38427607993001767
-549577.510343,392,-549577.519679,0.504005491733551,-0.9416334629058838,0.504005491733551,-0.9416334629058838,False,0.3664468678306032
-549577.510343,392,-549577.512049,0.44361549615859985,-0.9320067763328552,0.44361549615859985,-0.9320067763328552,False,0.36615528036228406
-549577.510343,392,-549577.504058,0.4841288626194,-0.8577241897583008,0.4841288626194,-0.8577241897583008,False,0.47062123702014064
-549577.510343,392,-549577.495639,0.46951624751091003,-0.8567916750907898,0.46951624751091003,-0.8567916750907898,False,0.4983849044285014
-549577.4624399999,393,-549577.483983,0.43182334303855896,-0.804521381855011,0.43182334303855896,-0.804521381855011,False,0.38650928400338275
-549577.4624399999,393,-549577.474907,0.43291565775871277,-0.8494940400123596,0.43291565775871277,-0.8494940400123596,False,0.6
-549577.4624399999,393,-549577.467598,0.3919063210487366,-0.7466054558753967,0.3919063210487366,-0.7466054558753967,False,0.408063974257906
-549577.4624399999,393,-549577.459908,0.30853867530822754,-0.7083262801170349,0.30853867530822754,-0.7083262801170349,False,0.42884100193845537
-549577.4624399999,393,-549577.450735,0.30202364921569824,-0.7028542757034302,0.30202364921569824,-0.7028542757034302,False,0.3453378820361301
-549577.4624399999,393,-549577.443858,0.3010160028934479,-0.7025154829025269,0.3010160028934479,-0.7025154829025269,False,0.4771778517536452
-549577.4142789999,394,-549577.436017,0.31841376423835754,1.9080134630203247,0.31841376423835754,1.9080134630203247,False,0.8511917625325716
-549577.4142789999,394,-549577.428034,0.2290128767490387,-0.5967958569526672,0.2290128767490387,-0.5967958569526672,False,0.3617570340227341
-549577.4142789999,394,-549577.42001,0.2962144613265991,-0.6891632676124573,0.2962144613265991,-0.6891632676124573,False,0.4500301753473456
-549577.4142789999,394,-549577.4106150001,0.20047254860401154,-0.5611540675163269,0.20047254860401154,-0.5611540675163269,False,0.3335139834756215
-549577.4142789999,394,-549577.400043,0.2531733214855194,-0.6479853987693787,0.2531733214855194,-0.6479853987693787,False,0.481919042996656
-549577.4142789999,394,-549577.391814,0.20951949059963226,-0.5593857169151306,0.20951949059963226,-0.5593857169151306,False,0.33944502316988606
-549577.3652659999,395,-549577.384131,0.27786538004875183,-0.6457200646400452,0.27786538004875183,-0.6457200646400452,False,0.4386741778880261
-549577.3652659999,395,-549577.374983,-0.17419445514678955,-0.18737070262432098,-0.17419445514678955,-0.18737070262432098,False,0.2647011818395033
-549577.3652659999,395,-549577.365449,0.22197836637496948,-0.49300891160964966,0.22197836637496948,-0.49300891160964966,False,0.3592198526469529
-549577.3652659999,395,-549577.354801,-0.28683674335479736,-0.26350849866867065,-0.28683674335479736,-0.26350849866867065,False,0.2675580939050308
-549577.3652659999,395,-549577.345129,-0.008283501490950584,-0.40448760986328125,-0.008283501490950584,-0.40448760986328125,False,0.2309792675827471
-549577.3165689999,396,-549577.3355330001,-0.17360982298851013,-0.2310064733028412,-0.17360982298851013,-0.2310064733028412,False,0.27443683075522907
-549577.3165689999,396,-549577.328035,0.8683668971061707,1.0026544332504272,0.8683668971061707,1.0026544332504272,False,0.9502368191773144
-549577.3165689999,396,-549577.315951,3.0430996417999268,-8.420193672180176,3.0430996417999268,-8.420193672180176,False,0.8152330886073507
-549577.3165689999,396,-549577.306949,-0.2367251068353653,-0.15894176065921783,-0.2367251068353653,-0.15894176065921783,False,0.27182557256712203
-549577.3165689999,396,-549577.298032,-0.08739371597766876,-0.31432661414146423,-0.08739371597766876,-0.31432661414146423,False,0.24791327563113377
-549577.2699229999,397,-549577.289919,-0.29741889238357544,-0.16213452816009521,-0.29741889238357544,-0.16213452816009521,False,0.3198887496159633
-549577.2699229999,397,-549577.280776,-0.7513166666030884,0.00416609039530158,-0.7513166666030884,0.00416609039530158,False,0.3149886497385599
-549577.2699229999,397,-549577.273639,-0.7943301200866699,-0.0349542498588562,-0.7943301200866699,-0.0349542498588562,False,0.31540147333626384
-549577.2699229999,397,-549577.266272,-0.41807201504707336,-0.12890750169754028,-0.41807201504707336,-0.12890750169754028,False,0.25696711748736234
-549577.2699229999,397,-549577.258626,-0.5346988439559937,-0.10452640801668167,-0.5346988439559937,-0.10452640801668167,False,0.3561191232093379
-549577.2699229999,397,-549577.251574,-0.6648585796356201,-0.028470207005739212,-0.6648585796356201,-0.028470207005739212,False,0.26981865075492206
-549577.224788,398,-549577.240372,-2.4564545154571533,0.24670657515525818,-2.4564545154571533,0.24670657515525818,False,0.1900964145906915
-549577.224788,398,-549577.231113,-1.029334306716919,0.005393647123128176,-1.029334306716919,0.005393647123128176,False,0.1788761622240949
-549577.224788,398,-549577.22192,-0.68325275182724,-0.14152397215366364,-0.68325275182724,-0.14152397215366364,False,0.2563485043613573
-549577.224788,398,-549577.21464,-1.7007368803024292,0.022353867068886757,-1.7007368803024292,0.022353867068886757,False,0.2785904666237816
-549577.224788,398,-549577.2080710001,-1.0916228294372559,-0.05648164823651314,-1.0916228294372559,-0.05648164823651314,False,0.2706117430497456
-549577.178826,399,-549577.200037,-0.6823159456253052,0.03777744248509407,-0.6823159456253052,0.03777744248509407,False,0.23935686112787702
-549577.178826,399,-549577.19206,-0.8016002178192139,0.0306172464042902,-0.8016002178192139,0.0306172464042902,False,0.18919545415089953
-549577.178826,399,-549577.184104,-0.7844448685646057,0.052951835095882416,-0.7844448685646057,0.052951835095882416,False,0.22747891141956206
-549577.178826,399,-549577.174929,-5.708103179931641,0.20980189740657806,-5.708103179931641,0.20980189740657806,False,0.7928279396785707
-549577.178826,399,-549577.168049,-1.0885294675827026,0.03402465954422951,-1.0885294675827026,0.03402465954422951,False,0.19059005335368656
-549577.178826,399,-549577.160008,-1.021933674812317,0.1069558709859848,-1.021933674812317,0.1069558709859848,False,0.25829064661457063
-549577.082154,401,-549577.0999660001,-3.9646966457366943,-0.3097224235534668,-3.9646966457366943,-0.3097224235534668,False,0.11885929432843612
-549577.082154,401,-549577.090143,28.844303131103516,1.4065135717391968,28.844303131103516,1.4065135717391968,False,0.11394117565199205
-549577.082154,401,-549577.084014,24.752702713012695,0.2079324722290039,24.752702713012695,0.2079324722290039,False,0.05116458011827908
-549577.082154,401,-549577.076035,-3.5620968341827393,-0.3287363052368164,-3.5620968341827393,-0.3287363052368164,False,0.09429116741418289
-549577.082154,401,-549577.063975,171.80039978027344,16.609663009643555,171.80039978027344,16.609663009643555,False,0.02605547899982917
-549576.9612659999,403,-549576.991912,1.8472787141799927,-4.816565036773682,1.8472787141799927,-4.816565036773682,False,0.0
-549576.9612659999,403,-549576.979956,1.8472787141799927,-4.816565036773682,1.8472787141799927,-4.816565036773682,False,0.0
-549576.9612659999,403,-549576.971982,1.8472787141799927,-4.816565036773682,1.8472787141799927,-4.816565036773682,False,0.0
-549576.9612659999,403,-549576.963952,1.8472787141799927,-4.816565036773682,1.8472787141799927,-4.816565036773682,False,0.0
-549575.743104,431,-549575.762143,1.651628851890564,-3.1314432621002197,1.651628851890564,-3.1314432621002197,False,0.38666044266216976
-549575.743104,431,-549575.752326,1.7025506496429443,-3.191416025161743,1.7025506496429443,-3.191416025161743,False,0.3867096213303895
-549575.743104,431,-549575.743125,1.6393636465072632,-2.962745189666748,1.6393636465072632,-2.962745189666748,False,0.46067943681666734
-549575.743104,431,-549575.732937,1.6316779851913452,-2.943376302719116,1.6316779851913452,-2.943376302719116,False,0.40963130312366264
-549575.743104,431,-549575.72318,1.6749340295791626,-3.0362274646759033,1.6749340295791626,-3.0362274646759033,False,0.37660583645394036
-549575.6508109999,433,-549575.6689180001,2.1568472385406494,-4.307719707489014,2.1568472385406494,-4.307719707489014,False,0.2869241091444432
-549575.6508109999,433,-549575.660364,2.2997684478759766,-4.594467639923096,2.2997684478759766,-4.594467639923096,False,0.2578758581922234
-549575.6508109999,433,-549575.65024,2.7929651737213135,-5.68722677230835,2.7929651737213135,-5.68722677230835,False,0.29342054752490987
-549575.6508109999,433,-549575.643088,1.0903171300888062,-2.267045021057129,1.0903171300888062,-2.267045021057129,False,0.99
-549575.6508109999,433,-549575.636036,1.3723230361938477,-2.984619617462158,1.3723230361938477,-2.984619617462158,False,0.3473725860693183
-549575.6040409999,434,-549575.6265680001,1.1683084964752197,-2.3803915977478027,1.1683084964752197,-2.3803915977478027,False,0.40732828090823975
-549575.6040409999,434,-549575.618044,1.171115517616272,-2.4523825645446777,1.171115517616272,-2.4523825645446777,False,0.35808818572136214
-549575.6040409999,434,-549575.608265,1.1839193105697632,-2.436030626296997,1.1839193105697632,-2.436030626296997,False,0.33225410976951153
-549575.6040409999,434,-549575.599179,1.1723268032073975,-2.41752552986145,1.1723268032073975,-2.41752552986145,False,0.3960898021963967
-549575.6040409999,434,-549575.589229,1.139800786972046,-2.5077223777770996,1.139800786972046,-2.5077223777770996,False,0.44201062156907606
-549575.558386,435,-549575.5791,1.0554808378219604,-2.1208348274230957,1.0554808378219604,-2.1208348274230957,False,0.390909351594456
-549575.558386,435,-549575.564826,1.0128663778305054,-2.2092809677124023,1.0128663778305054,-2.2092809677124023,False,0.37010396326788203
-549575.558386,435,-549575.555565,1.013869047164917,-2.202859878540039,1.013869047164917,-2.202859878540039,False,0.39173177513522983
-549575.558386,435,-549575.545021,1.0476397275924683,-2.117372751235962,1.0476397275924683,-2.117372751235962,False,0.41552684066793494
-549575.558386,435,-549575.5369160001,0.7276874780654907,-1.8574436902999878,0.7276874780654907,-1.8574436902999878,False,0.9808096895816517
-549573.08804,489,-549573.107982,1.4433612823486328,-2.674747943878174,1.4433612823486328,-2.674747943878174,False,0.2974944407057969
-549573.08804,489,-549573.098647,2.1739890575408936,-0.2316131591796875,2.1739890575408936,-0.2316131591796875,False,0.24832783567495698
-549573.08804,489,-549573.089059,0.8324987888336182,-1.5238640308380127,0.8324987888336182,-1.5238640308380127,False,0.253975704877459
-549573.08804,489,-549573.079592,1.4093170166015625,-2.5937349796295166,1.4093170166015625,-2.5937349796295166,False,0.2490681998217594
-549573.08804,489,-549573.071382,0.4591623842716217,4.537818908691406,0.4591623842716217,4.537818908691406,False,0.7440412044355015
-549573.08804,489,-549573.065391,1.4384469985961914,-2.6828207969665527,1.4384469985961914,-2.6828207969665527,False,0.2779777167533336
-549573.0361739999,490,-549573.055549,0.5528683066368103,1.0121057033538818,0.5528683066368103,1.0121057033538818,False,0.8699024351623692
-549573.0361739999,490,-549573.047501,1.2529633045196533,0.5128508806228638,1.2529633045196533,0.5128508806228638,False,0.2175537513397817
-549573.0361739999,490,-549573.037898,1.4295750856399536,-2.8137571811676025,1.4295750856399536,-2.8137571811676025,False,0.3454483631221384
-549573.0361739999,490,-549573.028123,2.6080563068389893,-6.726325035095215,2.6080563068389893,-6.726325035095215,False,0.833579894085605
-549573.0361739999,490,-549573.020095,1.311637043952942,-2.61319899559021,1.311637043952942,-2.61319899559021,False,0.32574967231026114
-549573.0361739999,490,-549573.013027,1.5654661655426025,-3.0100481510162354,1.5654661655426025,-3.0100481510162354,False,0.23181434720801083
-549572.986816,491,-549573.004982,2.8914318084716797,-8.183412551879883,2.8914318084716797,-8.183412551879883,False,0.31434148123789973
-549572.986816,491,-549572.995932,1.5507159233093262,-4.703827857971191,1.5507159233093262,-4.703827857971191,False,0.99
-549572.986816,491,-549572.989943,1.4523203372955322,-4.461076736450195,1.4523203372955322,-4.461076736450195,False,0.5489219862925043
-549572.986816,491,-549572.978032,1.1639825105667114,-3.226308822631836,1.1639825105667114,-3.226308822631836,False,0.8115878102464774
-549572.986816,491,-549572.972625,1.7662986516952515,-6.087750434875488,1.7662986516952515,-6.087750434875488,False,0.5463082999476038
-549572.986816,491,-549572.963063,1.7275582551956177,-5.918311595916748,1.7275582551956177,-5.918311595916748,False,0.5920725466193063
-549572.93525,492,-549572.948482,2.5436317920684814,-8.56763744354248,2.5436317920684814,-8.56763744354248,False,0.5135010858702715
-549572.93525,492,-549572.93921,1.9607800245285034,-6.0423712730407715,1.9607800245285034,-6.0423712730407715,False,0.5282842826063036
-549572.93525,492,-549572.927727,3.0274670124053955,-9.256914138793945,3.0274670124053955,-9.256914138793945,False,0.5676461799355375
-549572.93525,492,-549572.919347,2.504075765609741,-8.507720947265625,2.504075765609741,-8.507720947265625,False,0.5790698303593986
-549572.884999,493,-549572.909172,1.867349624633789,-5.62777042388916,1.867349624633789,-5.62777042388916,False,0.5513207450422394
-549572.884999,493,-549572.900456,1.4410362243652344,-3.416210889816284,1.4410362243652344,-3.416210889816284,False,0.7778867466108544
-549572.884999,493,-549572.892187,2.3967854976654053,-7.974814414978027,2.3967854976654053,-7.974814414978027,False,0.5724026420992708
-549572.884999,493,-549572.883277,2.114234209060669,-7.5813469886779785,2.114234209060669,-7.5813469886779785,False,0.5683960823560719
-549572.884999,493,-549572.872154,1.071848750114441,-3.1770331859588623,1.071848750114441,-3.1770331859588623,False,0.8750819817345485
-549572.884999,493,-549572.863978,2.0604066848754883,-7.333446502685547,2.0604066848754883,-7.333446502685547,False,0.6
-549572.836436,494,-549572.853425,1.8891279697418213,-6.717688083648682,1.8891279697418213,-6.717688083648682,False,0.5409876474165903
-549572.836436,494,-549572.844013,1.8983198404312134,-6.801371097564697,1.8983198404312134,-6.801371097564697,False,0.5888171140913189
-549572.836436,494,-549572.833669,0.97003173828125,-2.7240617275238037,0.97003173828125,-2.7240617275238037,False,0.8895932301317527
-549572.836436,494,-549572.8255650001,0.9861503839492798,-2.680908441543579,0.9861503839492798,-2.680908441543579,False,0.7639981651574929
-549572.836436,494,-549572.820417,2.0932564735412598,-6.956719875335693,2.0932564735412598,-6.956719875335693,False,0.6
-549572.785848,495,-549572.8106280001,1.7417446374893188,-6.062171459197998,1.7417446374893188,-6.062171459197998,False,0.6
-549572.785848,495,-549572.801992,1.7457836866378784,-6.117914199829102,1.7457836866378784,-6.117914199829102,False,0.6
-549572.785848,495,-549572.79032,1.7285654544830322,-5.905216693878174,1.7285654544830322,-5.905216693878174,False,0.5164065319875423
-549572.785848,495,-549572.780043,1.8780319690704346,-5.991720676422119,1.8780319690704346,-5.991720676422119,False,0.5986492238163547
-549572.785848,495,-549572.769846,1.7562637329101562,-5.9614787101745605,1.7562637329101562,-5.9614787101745605,False,0.6
-549572.737139,496,-549572.760442,1.5865721702575684,-5.523850440979004,1.5865721702575684,-5.523850440979004,False,0.5427109311934826
-549572.737139,496,-549572.750241,1.7887717485427856,-5.5915961265563965,1.7887717485427856,-5.5915961265563965,False,0.6
-549572.737139,496,-549572.740945,1.5480725765228271,-5.245148658752441,1.5480725765228271,-5.245148658752441,False,0.5625326082380174
-549572.737139,496,-549572.730786,1.5915708541870117,-5.298725128173828,1.5915708541870117,-5.298725128173828,False,0.5980761383342741
-549572.737139,496,-549572.721411,1.6487810611724854,-5.5160813331604,1.6487810611724854,-5.5160813331604,False,0.6
-549572.685987,497,-549572.70994,1.9273823499679565,-5.846200942993164,1.9273823499679565,-5.846200942993164,False,0.6
-549572.685987,497,-549572.701321,0.9723513126373291,-2.455922842025757,0.9723513126373291,-2.455922842025757,False,0.7371807925032205
-549572.685987,497,-549572.691654,1.9590510129928589,-5.903749942779541,1.9590510129928589,-5.903749942779541,False,0.5585891639816711
-549572.685987,497,-549572.682792,0.8422271609306335,-2.968790292739868,0.8422271609306335,-2.968790292739868,False,0.8016657052708459
-549572.685987,497,-549572.67684,1.7633253335952759,-5.676638603210449,1.7633253335952759,-5.676638603210449,False,0.585366955111449
-549572.685987,497,-549572.665511,1.6509411334991455,-5.390969753265381,1.6509411334991455,-5.390969753265381,False,0.5746644145368613
-549572.636143,498,-549572.656031,2.704646587371826,-8.565611839294434,2.704646587371826,-8.565611839294434,False,0.5219741871048098
-549572.636143,498,-549572.644612,2.682734727859497,-8.667570114135742,2.682734727859497,-8.667570114135742,False,0.5329472946955901
-549572.636143,498,-549572.633768,2.812445878982544,-9.052055358886719,2.812445878982544,-9.052055358886719,False,0.4962770785616463
-549572.636143,498,-549572.624204,3.058624267578125,-10.13367748260498,3.058624267578125,-10.13367748260498,False,0.5006758171675856
-549572.636143,498,-549572.615122,2.5060362815856934,-8.150208473205566,2.5060362815856934,-8.150208473205566,False,0.5591130106653152
-549572.5867389999,499,-549572.605033,0.3091989755630493,-1.0129185914993286,0.3091989755630493,-1.0129185914993286,False,0.564969150103742
-549572.5867389999,499,-549572.595045,0.2527916431427002,-1.095383644104004,0.2527916431427002,-1.095383644104004,False,0.6
-549572.5867389999,499,-549572.583309,0.3089213967323303,-0.9956716895103455,0.3089213967323303,-0.9956716895103455,False,0.5499038651362792
-549572.5867389999,499,-549572.5739290001,0.3075498342514038,-0.9886649250984192,0.3075498342514038,-0.9886649250984192,False,0.5186811108744955
-549572.5867389999,499,-549572.563363,0.3022691309452057,-0.9988391995429993,0.3022691309452057,-0.9988391995429993,False,0.559755701058432
-549572.535973,500,-549572.553256,1.5927023887634277,-4.933717250823975,1.5927023887634277,-4.933717250823975,False,0.5468490721331886
-549572.535973,500,-549572.542442,1.58049476146698,-4.782403469085693,1.58049476146698,-4.782403469085693,False,0.5482464547330231
-549572.535973,500,-549572.534019,1.585152268409729,-4.832411289215088,1.585152268409729,-4.832411289215088,False,0.5089296164141427
-549572.535973,500,-549572.523723,1.535043716430664,-4.692808151245117,1.535043716430664,-4.692808151245117,False,0.5045937944899725
-549572.535973,500,-549572.515425,1.5752356052398682,-4.947750568389893,1.5752356052398682,-4.947750568389893,False,0.47724871335656516
-549572.485522,501,-549572.50415,0.21032732725143433,-0.7645598649978638,0.21032732725143433,-0.7645598649978638,False,0.5046339239001514
-549572.485522,501,-549572.494494,0.21526005864143372,-0.7533266544342041,0.21526005864143372,-0.7533266544342041,False,0.580928836503962
-549572.485522,501,-549572.483886,0.2126350998878479,-0.7569212317466736,0.2126350998878479,-0.7569212317466736,False,0.5543122035413397
-549572.485522,501,-549572.475872,0.11796150356531143,-0.4577068090438843,0.11796150356531143,-0.4577068090438843,False,0.8310460391813861
-549572.485522,501,-549572.470753,0.2035856992006302,-0.7680131793022156,0.2035856992006302,-0.7680131793022156,False,0.5624637270899164
-549572.485522,501,-549572.460623,0.21900030970573425,-0.748267412185669,0.21900030970573425,-0.748267412185669,False,0.509427260875683
-549572.4344479999,502,-549572.452451,0.4225156903266907,-1.336913824081421,0.4225156903266907,-1.336913824081421,False,0.4838052731779229
-549572.4344479999,502,-549572.441424,0.39550575613975525,-1.322760820388794,0.39550575613975525,-1.322760820388794,False,0.48619784908958014
-549572.4344479999,502,-549572.433055,0.17075367271900177,-0.7131361961364746,0.17075367271900177,-0.7131361961364746,False,0.8346554352638273
-549572.4344479999,502,-549572.42762,0.40679994225502014,-1.3676117658615112,0.40679994225502014,-1.3676117658615112,False,0.6
-549572.4344479999,502,-549572.417689,0.41679275035858154,-1.3390014171600342,0.41679275035858154,-1.3390014171600342,False,0.530631923643773
-549572.2900429999,505,-549572.312002,0.5494805574417114,-1.6802347898483276,0.5494805574417114,-1.6802347898483276,False,0.884286027056682
-549572.2900429999,505,-549572.30399,0.5868903398513794,-1.7240630388259888,0.5868903398513794,-1.7240630388259888,False,0.8855470861769028
-549572.2900429999,505,-549572.296051,2.5091569423675537,-8.524836540222168,2.5091569423675537,-8.524836540222168,False,0.3098091145385078
-549572.2900429999,505,-549572.286849,2.5034642219543457,-9.054320335388184,2.5034642219543457,-9.054320335388184,False,0.4626216242525667
-549572.2900429999,505,-549572.275962,2.7565348148345947,-9.794390678405762,2.7565348148345947,-9.794390678405762,False,0.3621162024020135
-549572.2440729999,506,-549572.2664900001,1.982772946357727,-7.200168609619141,1.982772946357727,-7.200168609619141,False,0.4004831929318897
-549572.2440729999,506,-549572.2587390001,1.9672306776046753,-6.751741409301758,1.9672306776046753,-6.751741409301758,False,0.45282121752253973
-549572.2440729999,506,-549572.249099,1.9106993675231934,-6.650581359863281,1.9106993675231934,-6.650581359863281,False,0.3596866142282818
-549572.2440729999,506,-549572.241963,0.6408735513687134,-1.4580472707748413,0.6408735513687134,-1.4580472707748413,False,0.9672100064453077
-549572.2440729999,506,-549572.236027,0.709877073764801,-1.3658097982406616,0.709877073764801,-1.3658097982406616,False,0.8200931549072266
-549572.2440729999,506,-549572.228034,0.7082802057266235,-1.3650555610656738,0.7082802057266235,-1.3650555610656738,False,0.7496006488800049
-549572.197833,507,-549572.219952,0.8601406812667847,-1.6441303491592407,0.8601406812667847,-1.6441303491592407,False,0.7236928939819336
-549572.197833,507,-549572.21195,0.8587275147438049,-1.643145203590393,0.8587275147438049,-1.643145203590393,False,0.7489919066429138
-549572.197833,507,-549572.204014,0.8572224974632263,-1.6430186033248901,0.8572224974632263,-1.6430186033248901,False,0.7853090167045593
-549572.197833,507,-549572.191996,0.9010128378868103,-1.630021095275879,0.9010128378868103,-1.630021095275879,False,0.806621253490448
-549572.197833,507,-549572.184136,0.980213463306427,-1.496285080909729,0.980213463306427,-1.496285080909729,False,0.8444947600364685
-549572.154198,508,-549572.175911,1.0853617191314697,-1.5719460248947144,1.0853617191314697,-1.5719460248947144,False,0.9435328245162964
-549572.154198,508,-549572.1680610001,1.1665470600128174,-1.66814386844635,1.1665470600128174,-1.66814386844635,False,0.8331152200698853
-549572.154198,508,-549572.160026,1.1634101867675781,-1.6670137643814087,1.1634101867675781,-1.6670137643814087,False,0.732428789138794
-549572.154198,508,-549572.152042,1.1603317260742188,-1.6669787168502808,1.1603317260742188,-1.6669787168502808,False,0.7573776245117188
-549572.154198,508,-549572.144036,1.1950668096542358,-1.6877299547195435,1.1950668096542358,-1.6877299547195435,False,0.8740038871765137
-549572.154198,508,-549572.136071,1.2032890319824219,-1.7119301557540894,1.2032890319824219,-1.7119301557540894,False,0.8329914212226868
-549572.11027,509,-549572.127977,1.5003668069839478,-2.131408929824829,1.5003668069839478,-2.131408929824829,False,0.814551830291748
-549572.11027,509,-549572.120033,1.4929392337799072,-2.1295411586761475,1.4929392337799072,-2.1295411586761475,False,0.8224377632141113
-549572.11027,509,-549572.107955,1.4882097244262695,-2.1298320293426514,1.4882097244262695,-2.1298320293426514,False,0.7226963639259338
-549572.11027,509,-549572.100025,1.4934425354003906,-2.1378445625305176,1.4934425354003906,-2.1378445625305176,False,0.7189988493919373
-549572.11027,509,-549572.091988,1.4706984758377075,-2.102266550064087,1.4706984758377075,-2.102266550064087,False,0.8018372654914856
-549572.066368,510,-549572.0839890001,0.9824536442756653,-1.302863597869873,0.9824536442756653,-1.302863597869873,False,0.7941399216651917
-549572.066368,510,-549572.076017,0.9851160645484924,-1.3061341047286987,0.9851160645484924,-1.3061341047286987,False,0.739226222038269
-549572.066368,510,-549572.068032,0.979803740978241,-1.3029242753982544,0.979803740978241,-1.3029242753982544,False,0.7862447500228882
-549572.066368,510,-549572.0597410001,0.9583925604820251,-1.2755157947540283,0.9583925604820251,-1.2755157947540283,False,0.8132495880126953
-549572.066368,510,-549572.052007,0.9403184056282043,-1.2615090608596802,0.9403184056282043,-1.2615090608596802,False,0.8241586685180664
-549572.0228289999,511,-549572.04396,0.8698422312736511,-1.1017858982086182,0.8698422312736511,-1.1017858982086182,False,0.8875643610954285
-549572.0228289999,511,-549572.03603,0.850596010684967,-1.076027274131775,0.850596010684967,-1.076027274131775,False,0.8103429675102234
-549572.0228289999,511,-549572.023915,0.8506754040718079,-1.0773507356643677,0.8506754040718079,-1.0773507356643677,False,0.734393835067749
-549572.0228289999,511,-549572.015975,0.83172607421875,-1.0604981184005737,0.83172607421875,-1.0604981184005737,False,0.8557117581367493
-549572.0228289999,511,-549572.008026,3.2309865951538086,-14.540275573730469,3.2309865951538086,-14.540275573730469,False,0.24747800653536114
-549571.977643,512,-549572.000026,1.1459240913391113,-1.47322416305542,1.1459240913391113,-1.47322416305542,False,0.8736560940742493
-549571.977643,512,-549571.99204,1.1087437868118286,-1.4181932210922241,1.1087437868118286,-1.4181932210922241,False,0.8284563422203064
-549571.977643,512,-549571.984125,1.0719709396362305,-1.3725502490997314,1.0719709396362305,-1.3725502490997314,False,0.9538062810897827
-549571.977643,512,-549571.976035,1.025475263595581,-1.3223308324813843,1.025475263595581,-1.3223308324813843,False,0.955123245716095
-549571.9319679999,513,-549571.952848,1.1345157623291016,-1.3251755237579346,1.1345157623291016,-1.3251755237579346,False,0.9659040570259094
-549571.9319679999,513,-549571.9466670001,1.1046719551086426,-1.2970507144927979,1.1046719551086426,-1.2970507144927979,False,0.8633496761322021
-549571.9319679999,513,-549571.9400160001,1.0774165391921997,-1.264998435974121,1.0774165391921997,-1.264998435974121,False,0.9328901767730713
-549571.9319679999,513,-549571.932045,1.0870155096054077,-1.2753183841705322,1.0870155096054077,-1.2753183841705322,False,0.9299411773681641
-549571.9319679999,513,-549571.924001,1.0875890254974365,-1.283135175704956,1.0875890254974365,-1.283135175704956,False,0.9388939142227173
-549571.9319679999,513,-549571.916042,1.089556336402893,-1.2868328094482422,1.089556336402893,-1.2868328094482422,False,0.8822371363639832
-549571.8885489999,514,-549571.907933,1.2276685237884521,-1.5046992301940918,1.2276685237884521,-1.5046992301940918,False,0.8935903906822205
-549571.8885489999,514,-549571.900034,1.2261319160461426,-1.5050926208496094,1.2261319160461426,-1.5050926208496094,False,0.7762686610221863
-549571.8885489999,514,-549571.892008,1.2466824054718018,-1.5169371366500854,1.2466824054718018,-1.5169371366500854,False,0.9087517857551575
-549571.8885489999,514,-549571.884027,1.3804714679718018,-1.6042081117630005,1.3804714679718018,-1.6042081117630005,False,0.99
-549571.8885489999,514,-549571.876027,1.487882375717163,-1.6215485334396362,1.487882375717163,-1.6215485334396362,False,0.9471643154754222
-549571.8885489999,514,-549571.868023,2.032132863998413,-2.3515946865081787,2.032132863998413,-2.3515946865081787,False,0.43218941667698907
-549571.844238,515,-549571.856045,1.1771516799926758,-1.352781057357788,1.1771516799926758,-1.352781057357788,False,0.3429532123994587
-549571.844238,515,-549571.846575,1.2283028364181519,-1.4837530851364136,1.2283028364181519,-1.4837530851364136,False,0.3540716615376806
-549571.844238,515,-549571.8357160001,1.086010456085205,-1.4739022254943848,1.086010456085205,-1.4739022254943848,False,0.492712084584324
-549571.844238,515,-549571.825739,0.9484363794326782,-0.8343570232391357,0.9484363794326782,-0.8343570232391357,False,0.7696751114051117
-549571.797411,516,-549571.81721,1.2004832029342651,-1.454468011856079,1.2004832029342651,-1.454468011856079,False,0.5227750172830947
-549571.797411,516,-549571.807925,1.1553303003311157,-1.395780324935913,1.1553303003311157,-1.395780324935913,False,0.5083451473988227
-549571.797411,516,-549571.797361,1.0781711339950562,-1.2718284130096436,1.0781711339950562,-1.2718284130096436,False,0.42158343637608153
-549571.797411,516,-549571.788285,1.063696265220642,-1.2814213037490845,1.063696265220642,-1.2814213037490845,False,0.3581695891251375
-549571.797411,516,-549571.77757,15.12706470489502,4.005833148956299,15.12706470489502,4.005833148956299,False,0.7374677590993909
-549571.7519019999,517,-549571.770112,0.9703779220581055,-1.1956158876419067,0.9703779220581055,-1.1956158876419067,False,0.4118191787916754
-549571.7519019999,517,-549571.759204,1.0287797451019287,-1.2074699401855469,1.0287797451019287,-1.2074699401855469,False,0.41258406957294474
-549571.7519019999,517,-549571.749455,1.078408122062683,-1.2541502714157104,1.078408122062683,-1.2541502714157104,False,0.35380823667101596
-549571.7519019999,517,-549571.738537,0.9744859933853149,-1.1935113668441772,0.9744859933853149,-1.1935113668441772,False,0.4011214926467734
-549571.706178,518,-549571.727602,1.0157804489135742,-1.2171975374221802,1.0157804489135742,-1.2171975374221802,False,0.41716208355354406
-549571.706178,518,-549571.716915,0.9944414496421814,-1.1945854425430298,0.9944414496421814,-1.1945854425430298,False,0.4159365909781518
-549571.706178,518,-549571.708419,1.1713693141937256,-1.0744284391403198,1.1713693141937256,-1.0744284391403198,False,0.36216330030113386
-549571.706178,518,-549571.698369,1.1449536085128784,-1.0492281913757324,1.1449536085128784,-1.0492281913757324,False,0.3399148293076642
-549571.706178,518,-549571.687948,1.0657130479812622,-1.2327886819839478,1.0657130479812622,-1.2327886819839478,False,0.2757853468721018
-549571.660774,519,-549571.6779220001,0.7321581244468689,-0.4918217062950134,0.7321581244468689,-0.4918217062950134,False,0.99
-549571.660774,519,-549571.672046,0.7815765142440796,-0.5568453669548035,0.7815765142440796,-0.5568453669548035,False,0.503551416650088
-549571.660774,519,-549571.662734,0.7164760828018188,-0.5255188345909119,0.7164760828018188,-0.5255188345909119,False,0.4719004553286596
-549571.660774,519,-549571.651507,0.7549686431884766,-0.5549013018608093,0.7549686431884766,-0.5549013018608093,False,0.4534569602666507
-549571.660774,519,-549571.642757,0.9180178046226501,-0.6366268992424011,0.9180178046226501,-0.6366268992424011,False,0.4510161121885393
-549571.6120869999,520,-549571.63189,1.19224214553833,-0.8266251087188721,1.19224214553833,-0.8266251087188721,False,0.48526336637236495
-549571.6120869999,520,-549571.622069,0.9645936489105225,-0.6702619194984436,0.9645936489105225,-0.6702619194984436,False,0.46738558650231454
-549571.6120869999,520,-549571.611135,1.1679762601852417,-0.8059644103050232,1.1679762601852417,-0.8059644103050232,False,0.46866749760775506
-549571.6120869999,520,-549571.601929,1.0596452951431274,-0.7354961037635803,1.0596452951431274,-0.7354961037635803,False,0.42115642566166284
-549571.6120869999,520,-549571.5908850001,0.7919947504997253,-0.5305969715118408,0.7919947504997253,-0.5305969715118408,False,0.7183207869529724
-549571.563578,521,-549571.586045,0.9472342133522034,-0.6632465720176697,0.9472342133522034,-0.6632465720176697,False,0.46818295546330785
-549571.563578,521,-549571.577022,1.150774359703064,-0.7973946928977966,1.150774359703064,-0.7973946928977966,False,0.4639339927007012
-549571.563578,521,-549571.566166,0.796914279460907,-0.5330615043640137,0.796914279460907,-0.5330615043640137,False,0.7177781462669373
-549571.563578,521,-549571.561052,1.102859616279602,-0.7674921154975891,1.102859616279602,-0.7674921154975891,False,0.4655741104249501
-549571.563578,521,-549571.552153,1.1545838117599487,-0.7993924021720886,1.1545838117599487,-0.7993924021720886,False,0.42755246203093733
-549571.563578,521,-549571.54132,1.1161954402923584,-0.7673352360725403,1.1161954402923584,-0.7673352360725403,False,0.42557861479378467
-549571.514502,522,-549571.532019,0.8184376358985901,-0.5912304520606995,0.8184376358985901,-0.5912304520606995,False,0.46743580342106156
-549571.514502,522,-549571.520019,0.795285701751709,-0.5834800004959106,0.795285701751709,-0.5834800004959106,False,0.5861077734438767
-549571.514502,522,-549571.510119,0.7793015837669373,-0.5816344618797302,0.7793015837669373,-0.5816344618797302,False,0.41627599057778675
-549571.514502,522,-549571.500141,1.1126554012298584,-0.7697557806968689,1.1126554012298584,-0.7697557806968689,False,0.47101055839910977
-549571.468812,523,-549571.490487,1.0407764911651611,-0.7200120687484741,1.0407764911651611,-0.7200120687484741,False,0.45094750761792035
-549571.468812,523,-549571.479911,0.9408906102180481,-0.6596812605857849,0.9408906102180481,-0.6596812605857849,False,0.4481038629908918
-549571.468812,523,-549571.4702720001,0.6792175769805908,-0.5130185484886169,0.6792175769805908,-0.5130185484886169,False,0.42251850282423703
-549571.468812,523,-549571.458441,0.1592634618282318,-0.20537540316581726,0.1592634618282318,-0.20537540316581726,False,0.38712626253470694
-549571.468812,523,-549571.447497,0.8754556179046631,-0.580244243144989,0.8754556179046631,-0.580244243144989,False,0.9242287622432157
-549571.422098,524,-549571.436021,0.0016750358045101166,-0.14405086636543274,0.0016750358045101166,-0.14405086636543274,False,0.32097273230409984
-549571.422098,524,-549571.427231,0.7060350775718689,-0.8306472897529602,0.7060350775718689,-0.8306472897529602,False,0.35041143353127113
-549571.422098,524,-549571.4165470001,0.06954804062843323,-0.16521143913269043,0.06954804062843323,-0.16521143913269043,False,0.3485565900628233
-549571.422098,524,-549571.408121,0.8041754961013794,-0.5273788571357727,0.8041754961013794,-0.5273788571357727,False,0.99
-549571.422098,524,-549571.402718,0.8850569725036621,-0.6091542840003967,0.8850569725036621,-0.6091542840003967,False,0.4844848463577324
-549571.3740569999,525,-549571.391718,0.9091209769248962,-0.488886296749115,0.9091209769248962,-0.488886296749115,False,0.7483821511268616
-549571.3740569999,525,-549571.3870260001,0.8910119533538818,-0.47805872559547424,0.8910119533538818,-0.47805872559547424,False,0.7824714183807373
-549571.3740569999,525,-549571.380001,0.861383855342865,-0.46269315481185913,0.861383855342865,-0.46269315481185913,False,0.719950795173645
-549571.3740569999,525,-549571.371974,0.7774172425270081,-0.42341408133506775,0.7774172425270081,-0.42341408133506775,False,0.8365257382392883
-549571.3740569999,525,-549571.364021,1.0838468074798584,-0.6296696662902832,1.0838468074798584,-0.6296696662902832,False,0.48659880450742915
-549571.3310959999,526,-549571.352033,2.345041036605835,-1.5074217319488525,2.345041036605835,-1.5074217319488525,False,0.4042789237744344
-549571.3310959999,526,-549571.343129,1.0921740531921387,-0.6004509925842285,1.0921740531921387,-0.6004509925842285,False,0.41289109162306253
-549571.3310959999,526,-549571.332702,0.7604053020477295,-0.391105592250824,0.7604053020477295,-0.391105592250824,False,0.7349631786346436
-549571.3310959999,526,-549571.328034,0.7483939528465271,-0.38548845052719116,0.7483939528465271,-0.38548845052719116,False,0.7448171377182007
-549571.3310959999,526,-549571.320033,0.6653070449829102,-0.3478689193725586,0.6653070449829102,-0.3478689193725586,False,0.8514888882637024
-549571.3310959999,526,-549571.312072,0.6476251482963562,-0.3431730568408966,0.6476251482963562,-0.3431730568408966,False,0.7692803740501404
-549571.2886559999,527,-549571.303926,0.5659116506576538,-0.2786443829536438,0.5659116506576538,-0.2786443829536438,False,0.8797749280929565
-549571.2886559999,527,-549571.296057,0.4675910174846649,-0.23593714833259583,0.4675910174846649,-0.23593714833259583,False,0.8077658414840698
-549571.2886559999,527,-549571.2879390001,0.47679272294044495,-0.2391650378704071,0.47679272294044495,-0.2391650378704071,False,0.7840918898582458
-549571.2886559999,527,-549571.279933,0.3908424973487854,-0.20189455151557922,0.3908424973487854,-0.20189455151557922,False,1.0
-549571.2886559999,527,-549571.267976,0.15035350620746613,-0.10903953015804291,0.15035350620746613,-0.10903953015804291,False,0.9259007573127747
-549571.24402,528,-549571.259994,0.0591624490916729,-0.06564874947071075,0.0591624490916729,-0.06564874947071075,False,0.9715489745140076
-549571.24402,528,-549571.252019,0.07311853021383286,-0.07431953400373459,0.07311853021383286,-0.07431953400373459,False,0.8705054521560669
-549571.24402,528,-549571.244003,0.05165540426969528,-0.06019267067313194,0.05165540426969528,-0.06019267067313194,False,0.9225322604179382
-549571.24402,528,-549571.235991,0.06077992543578148,-0.05542170628905296,0.06077992543578148,-0.05542170628905296,False,0.9106900095939636
-549571.24402,528,-549571.2280390001,-0.0029653413221240044,-0.03336210921406746,-0.0029653413221240044,-0.03336210921406746,False,0.962552011013031
-549571.24402,528,-549571.219938,-0.024557584896683693,-0.02609565295279026,-0.024557584896683693,-0.02609565295279026,False,0.8561729788780212
-549571.192922,529,-549571.211923,0.7983781099319458,-0.43733248114585876,0.7983781099319458,-0.43733248114585876,False,0.4528060123737431
-549571.192922,529,-549571.20238,0.6084040999412537,-0.349891722202301,0.6084040999412537,-0.349891722202301,False,0.45102873676112804
-549571.192922,529,-549571.192204,0.5944026112556458,-0.3610275089740753,0.5944026112556458,-0.3610275089740753,False,0.3707118292770212
-549571.192922,529,-549571.183926,0.5707328915596008,-0.3984583616256714,0.5707328915596008,-0.3984583616256714,False,0.42238242483915417
-549571.192922,529,-549571.173849,0.7668907046318054,-0.4216439425945282,0.7668907046318054,-0.4216439425945282,False,0.4015556071760071
-549568.771909,584,-549568.7919910001,0.6934770345687866,-1.9768259525299072,0.6934770345687866,-1.9768259525299072,False,0.0
-549568.771909,584,-549568.784109,0.6934770345687866,-1.9768259525299072,0.6934770345687866,-1.9768259525299072,False,0.0
-549568.771909,584,-549568.776034,1.8298695087432861,-2.9700071811676025,1.8298695087432861,-2.9700071811676025,False,0.99
-549568.771909,584,-549568.767891,1.7464277744293213,-2.6212306022644043,1.7464277744293213,-2.6212306022644043,False,0.45381032708959623
-549568.771909,584,-549568.757306,1.308837890625,-1.8245712518692017,1.308837890625,-1.8245712518692017,False,0.4849507264374992
-549568.771909,584,-549568.748001,1.230210304260254,-1.688830852508545,1.230210304260254,-1.688830852508545,False,0.31671998418089004
-549568.7225769999,585,-549568.738314,1.2783502340316772,-1.6194969415664673,1.2783502340316772,-1.6194969415664673,False,0.39951984893600695
-549568.7225769999,585,-549568.730175,1.459089994430542,-1.918092131614685,1.459089994430542,-1.918092131614685,False,0.49242883124105696
-549568.7225769999,585,-549568.719255,1.391535997390747,-1.81240975856781,1.391535997390747,-1.81240975856781,False,0.45459605215597165
-549568.7225769999,585,-549568.710891,1.2878111600875854,-1.6077138185501099,1.2878111600875854,-1.6077138185501099,False,0.4010325180241741
-549568.7225769999,585,-549568.700831,1.5426570177078247,-4.751766681671143,1.5426570177078247,-4.751766681671143,False,0.8048728954855674
-549568.672625,586,-549568.695034,1.3587058782577515,-1.703822374343872,1.3587058782577515,-1.703822374343872,False,0.4643879365101582
-549568.672625,586,-549568.686623,1.4305949211120605,-1.8755383491516113,1.4305949211120605,-1.8755383491516113,False,0.39696183306934524
-549568.672625,586,-549568.6758430001,1.7538130283355713,-2.479090452194214,1.7538130283355713,-2.479090452194214,False,0.7781913755319136
-549568.672625,586,-549568.66405,1.4774118661880493,-1.9444694519042969,1.4774118661880493,-1.9444694519042969,False,0.47861301048133476
-549568.672625,586,-549568.653968,1.2036319971084595,-1.4598071575164795,1.2036319971084595,-1.4598071575164795,False,0.3985127233531971
-549568.6228659999,587,-549568.645371,1.7909786701202393,-2.4097249507904053,1.7909786701202393,-2.4097249507904053,False,0.4418406591306313
-549568.6228659999,587,-549568.635657,1.1845585107803345,-1.5674721002578735,1.1845585107803345,-1.5674721002578735,False,0.34535392729964914
-549568.6228659999,587,-549568.627481,1.1748063564300537,-1.3537606000900269,1.1748063564300537,-1.3537606000900269,False,0.34346015915595235
-549568.6228659999,587,-549568.617022,0.5691515207290649,-1.1649812459945679,0.5691515207290649,-1.1649812459945679,False,0.8109007814702908
-549568.6228659999,587,-549568.6122420001,1.192291498184204,-1.4220961332321167,1.192291498184204,-1.4220961332321167,False,0.3864980894571293
-549568.6228659999,587,-549568.604617,0.5600989460945129,-1.1547664403915405,0.5600989460945129,-1.1547664403915405,False,0.783959686756134
-549568.6228659999,587,-549568.598056,1.2245599031448364,-1.5419403314590454,1.2245599031448364,-1.5419403314590454,False,0.42070337462884533
-549568.572421,588,-549568.589418,0.5726032257080078,-1.234378457069397,0.5726032257080078,-1.234378457069397,False,0.7309402823448181
-549568.572421,588,-549568.580016,1.325358271598816,-1.6373406648635864,1.325358271598816,-1.6373406648635864,False,0.49630368661629237
-549568.572421,588,-549568.570289,1.7285630702972412,-2.2804806232452393,1.7285630702972412,-2.2804806232452393,False,0.3969707713548601
-549568.572421,588,-549568.562625,0.5575417280197144,-1.2198039293289185,0.5575417280197144,-1.2198039293289185,False,0.790776789188385
-549568.572421,588,-549568.555984,0.5133625864982605,-1.2167609930038452,0.5133625864982605,-1.2167609930038452,False,0.8098613023757935
-549568.572421,588,-549568.548016,0.5099365711212158,-1.2223013639450073,0.5099365711212158,-1.2223013639450073,False,0.73361736536026
-549568.5215339999,589,-549568.5400030001,1.856001615524292,-2.791273355484009,1.856001615524292,-2.791273355484009,False,0.3609009385188676
-549568.5215339999,589,-549568.530272,1.5149058103561401,-2.0795300006866455,1.5149058103561401,-2.0795300006866455,False,0.29563333507254985
-549568.5215339999,589,-549568.521569,1.3330570459365845,-1.839564561843872,1.3330570459365845,-1.839564561843872,False,0.2691929754223244
-549568.5215339999,589,-549568.512757,1.3641018867492676,-1.9053341150283813,1.3641018867492676,-1.9053341150283813,False,0.39879028100229635
-549568.5215339999,589,-549568.504882,1.678289532661438,-2.770002841949463,1.678289532661438,-2.770002841949463,False,0.31577126922630316
-549568.47142,590,-549568.495356,2.235462188720703,-3.678773880004883,2.235462188720703,-3.678773880004883,False,0.3053421446496315
-549568.47142,590,-549568.487323,1.03507399559021,-3.8001532554626465,1.03507399559021,-3.8001532554626465,False,0.8040576516616711
-549568.47142,590,-549568.480028,1.9904476404190063,-3.125807762145996,1.9904476404190063,-3.125807762145996,False,0.41378229900012586
-549568.47142,590,-549568.470957,2.0447804927825928,-3.230807065963745,2.0447804927825928,-3.230807065963745,False,0.2578856645029434
-549568.47142,590,-549568.462086,0.5156157612800598,-1.2298219203948975,0.5156157612800598,-1.2298219203948975,False,0.9126763513651613
-549568.47142,590,-549568.454811,2.8183131217956543,-5.357421398162842,2.8183131217956543,-5.357421398162842,False,0.3287817517311752
-549568.47142,590,-549568.446454,2.1077821254730225,-3.3781352043151855,2.1077821254730225,-3.3781352043151855,False,0.2673217785970577
-549566.5853739999,634,-549566.6029470001,0.7891683578491211,-0.9815571904182434,0.7891683578491211,-0.9815571904182434,False,0.3963805630573997
-549566.5853739999,634,-549566.589813,0.7921465635299683,-0.982011616230011,0.7921465635299683,-0.982011616230011,False,0.39433196038479756
-549566.5853739999,634,-549566.576866,0.8229398727416992,-1.013378620147705,0.8229398727416992,-1.013378620147705,False,0.416769715980783
-549566.5853739999,634,-549566.565631,0.8255997896194458,-1.0138252973556519,0.8255997896194458,-1.0138252973556519,False,0.37054075926003704
-549566.527713,635,-549566.55406,0.8413529992103577,-0.992632269859314,0.8413529992103577,-0.992632269859314,False,0.3738996474783439
-549566.527713,635,-549566.5401410001,0.7765459418296814,-0.9055300354957581,0.7765459418296814,-0.9055300354957581,False,0.35480199646982136
-549566.527713,635,-549566.529173,0.2750461995601654,-0.17564769089221954,0.2750461995601654,-0.17564769089221954,False,0.7306231538848547
-549566.527713,635,-549566.521882,4.721036434173584,-0.18721194565296173,4.721036434173584,-0.18721194565296173,False,0.8390128283655662
-549566.527713,635,-549566.515696,0.7818459868431091,-0.905558705329895,0.7818459868431091,-0.905558705329895,False,0.37646266096892855
-549566.527713,635,-549566.504854,0.8398522734642029,-0.781284511089325,0.8398522734642029,-0.781284511089325,False,0.4427832729421594
-549566.4718119999,636,-549566.493256,0.8988401889801025,-1.0045768022537231,0.8988401889801025,-1.0045768022537231,False,0.3629070837547748
-549566.4718119999,636,-549566.480444,0.9022380113601685,-1.0045210123062134,0.9022380113601685,-1.0045210123062134,False,0.40256830416476835
-549566.4718119999,636,-549566.470657,0.9050511121749878,-1.0049831867218018,0.9050511121749878,-1.0049831867218018,False,0.4042509771181708
-549566.4718119999,636,-549566.458128,0.9246454238891602,-1.0114521980285645,0.9246454238891602,-1.0114521980285645,False,0.40834402262236574
-549566.4718119999,636,-549566.448291,0.9663678407669067,-1.0759748220443726,0.9663678407669067,-1.0759748220443726,False,0.38462313587748914
-549566.41395,637,-549566.43661,1.056403636932373,-1.1259669065475464,1.056403636932373,-1.1259669065475464,False,0.4235011636710255
-549566.41395,637,-549566.424159,1.111111044883728,-1.2056841850280762,1.111111044883728,-1.2056841850280762,False,0.3733496713597676
-549566.41395,637,-549566.411572,0.37585213780403137,-0.2425052523612976,0.37585213780403137,-0.2425052523612976,False,0.4340665124323314
-549566.41395,637,-549566.400729,1.0739076137542725,-1.1579575538635254,1.0739076137542725,-1.1579575538635254,False,0.3295515888029656
-549566.41395,637,-549566.388072,1.0299984216690063,-0.9256952404975891,1.0299984216690063,-0.9256952404975891,False,0.8338281028458748
-549566.3563969999,638,-549566.38214,0.2731824815273285,-0.1341642141342163,0.2731824815273285,-0.1341642141342163,False,0.47413397113170846
-549566.3563969999,638,-549566.3688,1.166603922843933,-0.9635636210441589,1.166603922843933,-0.9635636210441589,False,0.4188162020332272
-549566.3563969999,638,-549566.359355,-0.9499413371086121,0.3016502261161804,-0.9499413371086121,0.3016502261161804,False,0.892312928005182
-549566.3563969999,638,-549566.35353,0.9105986952781677,-0.7099880576133728,0.9105986952781677,-0.7099880576133728,False,0.416082415519718
-549566.3563969999,638,-549566.342364,1.007442593574524,-1.0012978315353394,1.007442593574524,-1.0012978315353394,False,0.9488317869578207
-549566.3563969999,638,-549566.336326,1.8011987209320068,-1.651389241218567,1.8011987209320068,-1.651389241218567,False,0.3829045907263922
-549566.297023,639,-549566.3241430001,0.9073293209075928,-0.7021241784095764,0.9073293209075928,-0.7021241784095764,False,0.445717578742392
-549566.297023,639,-549566.31244,1.3756685256958008,-1.2284305095672607,1.3756685256958008,-1.2284305095672607,False,0.37700703883597925
-549566.297023,639,-549566.2996510001,1.0369590520858765,-1.0717177391052246,1.0369590520858765,-1.0717177391052246,False,0.3917602696900532
-549566.297023,639,-549566.290102,0.7815505266189575,-0.5918517708778381,0.7815505266189575,-0.5918517708778381,False,0.5057298160327789
-549566.297023,639,-549566.278319,0.786407470703125,-0.5938393473625183,0.786407470703125,-0.5938393473625183,False,0.43883781678959927
-549566.2422189999,640,-549566.26732,0.7861441373825073,-0.8662533164024353,0.7861441373825073,-0.8662533164024353,False,0.36724600365199306
-549566.2422189999,640,-549566.2536020001,0.33255892992019653,-0.1997813582420349,0.33255892992019653,-0.1997813582420349,False,0.39300332583528963
-549566.2422189999,640,-549566.242378,0.6579875349998474,-0.5245943665504456,0.6579875349998474,-0.5245943665504456,False,0.47068220351730194
-549566.2422189999,640,-549566.228479,0.8055723905563354,-0.6771297454833984,0.8055723905563354,-0.6771297454833984,False,0.44533612738625417
-549566.2422189999,640,-549566.217228,0.6942431926727295,-0.5605728030204773,0.6942431926727295,-0.5605728030204773,False,0.5210090775416362
-549566.1868759999,641,-549566.205246,0.6538168787956238,-0.5306882858276367,0.6538168787956238,-0.5306882858276367,False,0.5162067735315506
-549566.1868759999,641,-549566.193895,0.6351088881492615,-0.5061279535293579,0.6351088881492615,-0.5061279535293579,False,0.49543572949312226
-549566.1868759999,641,-549566.181051,0.6464554667472839,-0.5256323218345642,0.6464554667472839,-0.5256323218345642,False,0.5002859657606222
-549566.1868759999,641,-549566.1702780001,0.6492009162902832,-0.5262004733085632,0.6492009162902832,-0.5262004733085632,False,0.43128858034998396
-549566.1868759999,641,-549566.158448,1.285454511642456,-1.5449894666671753,1.285454511642456,-1.5449894666671753,False,0.9133156041999109
-549566.129965,642,-549566.151358,0.8844967484474182,-0.7557709217071533,0.8844967484474182,-0.7557709217071533,False,0.5488412175709682
-549566.129965,642,-549566.136576,0.8685750961303711,-0.7448749542236328,0.8685750961303711,-0.7448749542236328,False,0.5044361540722301
-549566.129965,642,-549566.126273,-0.08926176279783249,0.02728741057217121,-0.08926176279783249,0.02728741057217121,False,0.43233184811368797
-549566.129965,642,-549566.114591,0.8218830227851868,-0.6972610354423523,0.8218830227851868,-0.6972610354423523,False,0.5048398350054069
-549566.129965,642,-549566.104816,0.8599464297294617,-0.7368435263633728,0.8599464297294617,-0.7368435263633728,False,0.4733246212361223
-549566.077069,643,-549566.090139,0.9608961343765259,-1.0653327703475952,0.9608961343765259,-1.0653327703475952,False,0.4048105866617361
-549566.077069,643,-549566.079386,1.164178490638733,-1.283029556274414,1.164178490638733,-1.283029556274414,False,0.38092625952921094
-549566.077069,643,-549566.068356,1.1984285116195679,-1.3585796356201172,1.1984285116195679,-1.3585796356201172,False,0.3763121634680631
-549566.077069,643,-549566.056788,0.7581256628036499,-0.7811456322669983,0.7581256628036499,-0.7811456322669983,False,0.4192265711119077
-549566.0270469999,644,-549566.0453540001,0.6764826774597168,-0.7224404215812683,0.6764826774597168,-0.7224404215812683,False,0.47412157193262994
-549566.0270469999,644,-549566.03383,1.1768381595611572,-1.4203763008117676,1.1768381595611572,-1.4203763008117676,False,0.32839994919804183
-549566.0270469999,644,-549566.022447,0.7691825032234192,-0.869274377822876,0.7691825032234192,-0.869274377822876,False,0.4291184437189095
-549566.0270469999,644,-549566.013518,0.758654773235321,-0.8619711399078369,0.758654773235321,-0.8619711399078369,False,0.37511591772818953
-549563.768373,693,-549563.78861,-6.400650978088379,11.016021728515625,-6.400650978088379,11.016021728515625,False,0.7509880065917969
-549563.768373,693,-549563.783977,-6.529253959655762,11.224967956542969,-6.529253959655762,11.224967956542969,False,0.7009791135787964
-549563.768373,693,-549563.775987,-1.2927275896072388,3.4347949028015137,-1.2927275896072388,3.4347949028015137,False,0.4988582860082308
-549563.768373,693,-549563.763617,-11.25698471069336,17.231550216674805,-11.25698471069336,17.231550216674805,False,0.8481197357177734
-549563.768373,693,-549563.7592280001,-1.3278731107711792,3.3979616165161133,-1.3278731107711792,3.3979616165161133,False,0.48571180976872225
-549563.768373,693,-549563.744467,-1.318123698234558,3.390188694000244,-1.318123698234558,3.390188694000244,False,0.5047827752813799
-549555.2679219999,877,-549555.286725,-3.846149444580078,11.06604290008545,-3.846149444580078,11.06604290008545,False,0.4950892917086237
-549555.2679219999,877,-549555.277966,-3.8665456771850586,11.762421607971191,-3.8665456771850586,11.762421607971191,False,0.5908474562505917
-549555.2679219999,877,-549555.268147,-3.6624932289123535,11.301546096801758,-3.6624932289123535,11.301546096801758,False,0.45675278968242344
-549555.2679219999,877,-549555.258981,-4.125644683837891,11.276529312133789,-4.125644683837891,11.276529312133789,False,0.3915463701336751
-549555.2679219999,877,-549555.249227,-3.688727378845215,10.056465148925781,-3.688727378845215,10.056465148925781,False,0.442216108297474
-549555.217312,878,-549555.241296,1.341504693031311,-3.997739553451538,1.341504693031311,-3.997739553451538,False,0.3639204508320951
-549555.217312,878,-549555.231383,1.4565744400024414,-2.3655381202697754,1.4565744400024414,-2.3655381202697754,False,0.7020506949308445
-549555.217312,878,-549555.221838,1.402157187461853,-4.1856279373168945,1.402157187461853,-4.1856279373168945,False,0.5107529361112997
-549555.217312,878,-549555.213129,1.4212082624435425,-4.2054667472839355,1.4212082624435425,-4.2054667472839355,False,0.44760340554541667
-549555.217312,878,-549555.205933,1.4198905229568481,-4.172368049621582,1.4198905229568481,-4.172368049621582,False,0.41789519019564675
-549555.217312,878,-549555.196042,1.402803659439087,-4.198714733123779,1.402803659439087,-4.198714733123779,False,0.5773308771771837
-549555.1678399999,879,-549555.187929,1.5737100839614868,-5.3873138427734375,1.5737100839614868,-5.3873138427734375,False,0.6
-549555.1678399999,879,-549555.177986,1.6140133142471313,-5.017895221710205,1.6140133142471313,-5.017895221710205,False,0.48196678750010047
-549555.1678399999,879,-549555.167196,1.569775104522705,-5.311494827270508,1.569775104522705,-5.311494827270508,False,0.6
-549555.1678399999,879,-549555.1577730001,1.1880640983581543,-3.7302017211914062,1.1880640983581543,-3.7302017211914062,False,0.99
-549555.1678399999,879,-549555.1520090001,1.2550045251846313,-4.337065696716309,1.2550045251846313,-4.337065696716309,False,0.30821349761828526
-549555.1678399999,879,-549555.143974,1.038662314414978,-3.0805447101593018,1.038662314414978,-3.0805447101593018,False,0.27370041136163914
-549555.116937,880,-549555.131988,1.000860333442688,-3.108747959136963,1.000860333442688,-3.108747959136963,False,0.32619987445044335
-549555.116937,880,-549555.121322,1.3609812259674072,-4.406487941741943,1.3609812259674072,-4.406487941741943,False,0.3973328326180763
-549555.116937,880,-549555.111468,0.9880998730659485,-3.121225118637085,0.9880998730659485,-3.121225118637085,False,0.28189093174336805
-549555.116937,880,-549555.105239,1.1024882793426514,-3.0543715953826904,1.1024882793426514,-3.0543715953826904,False,0.2853332967790403
-549555.116937,880,-549555.09861,1.1396353244781494,-3.909348249435425,1.1396353244781494,-3.909348249435425,False,0.30330335247672396
-549555.06679,881,-549555.089434,1.0506592988967896,-3.0843842029571533,1.0506592988967896,-3.0843842029571533,False,0.36145745761983056
-549555.06679,881,-549555.082453,1.358510971069336,-4.621973991394043,1.358510971069336,-4.621973991394043,False,0.4193024017965071
-549555.06679,881,-549555.075177,1.2143391370773315,-4.053714275360107,1.2143391370773315,-4.053714275360107,False,0.28393506085468
-549555.06679,881,-549555.067191,0.35515186190605164,-1.0332484245300293,0.35515186190605164,-1.0332484245300293,False,0.99
-549555.06679,881,-549555.059997,0.31090161204338074,-0.8205443024635315,0.31090161204338074,-0.8205443024635315,False,0.25532476040309987
-549555.06679,881,-549555.047963,0.23940818011760712,-0.8053233623504639,0.23940818011760712,-0.8053233623504639,False,0.3331092802665104
-549555.017227,882,-549555.040029,0.17704631388187408,-0.8005167245864868,0.17704631388187408,-0.8005167245864868,False,0.33765646479254025
-549555.017227,882,-549555.03195,0.2508223354816437,-0.8553255796432495,0.2508223354816437,-0.8553255796432495,False,0.30242330146618923
-549555.017227,882,-549555.023438,0.1399468332529068,-0.7603628635406494,0.1399468332529068,-0.7603628635406494,False,0.26778769320714463
-549555.017227,882,-549555.015915,0.22631490230560303,-0.8383921384811401,0.22631490230560303,-0.8383921384811401,False,0.3931086119142355
-549555.017227,882,-549555.006176,0.15304981172084808,-0.7991685271263123,0.15304981172084808,-0.7991685271263123,False,0.35963297121905363
-549555.017227,882,-549554.999098,0.2558470368385315,-0.8219467997550964,0.2558470368385315,-0.8219467997550964,False,0.18832670838992946
-549554.9695369999,883,-549554.992032,0.35911792516708374,-1.0419318675994873,0.35911792516708374,-1.0419318675994873,False,0.8654671991753959
-549554.9695369999,883,-549554.984116,0.26394927501678467,-0.8110437393188477,0.26394927501678467,-0.8110437393188477,False,0.27769122289868764
-549554.9695369999,883,-549554.976011,0.2518673241138458,-0.8027715086936951,0.2518673241138458,-0.8027715086936951,False,0.27531322191590346
-549554.9695369999,883,-549554.963981,0.08870119601488113,-0.7128525376319885,0.08870119601488113,-0.7128525376319885,False,0.32106825012704604
-549554.9695369999,883,-549554.956002,0.550761342048645,-1.1451096534729004,0.550761342048645,-1.1451096534729004,False,0.99
-549554.9695369999,883,-549554.94799,0.5401633977890015,-1.0062556266784668,0.5401633977890015,-1.0062556266784668,False,0.3734353283807162
-549553.9896849999,904,-549554.010074,-3.004251480102539,10.105951309204102,-3.004251480102539,10.105951309204102,False,0.279656104337861
-549553.9896849999,904,-549553.999271,-2.9398910999298096,10.59438705444336,-2.9398910999298096,10.59438705444336,False,0.2576759791243114
-549553.9896849999,904,-549553.988447,26.536752700805664,-71.74337005615234,26.536752700805664,-71.74337005615234,False,0.99
-549553.9896849999,904,-549553.981977,-14.78249740600586,43.18781661987305,-14.78249740600586,43.18781661987305,False,0.4636529074815461
-549553.9896849999,904,-549553.970055,-10.597338676452637,31.108312606811523,-10.597338676452637,31.108312606811523,False,0.47492455360809294
-549553.9441839999,905,-549553.958581,7.843498706817627,-24.586469650268555,7.843498706817627,-24.586469650268555,False,0.8923683556702323
-549553.9441839999,905,-549553.9501370001,34.22024154663086,-108.18241119384766,34.22024154663086,-108.18241119384766,False,0.45873504637290324
-549553.9441839999,905,-549553.938657,0.9498341083526611,-1.7472212314605713,0.9498341083526611,-1.7472212314605713,False,0.9251706904503726
-549553.9441839999,905,-549553.93192,22.127328872680664,-61.33399200439453,22.127328872680664,-61.33399200439453,False,0.4817079392757114
-549553.9441839999,905,-549553.921429,17.2783260345459,-53.30775451660156,17.2783260345459,-53.30775451660156,False,0.5131302465320614
